  0
SECTION
  2
HEADER
  9
$ACADVER
  1
AC1032
  9
$ACADMAINTVER
 90
      329
  9
$DWGCODEPAGE
  3
ANSI_1252
  9
$LASTSAVEDBY
  1
Felipe Bacil
  9
$REQUIREDVERSIONS
160
                 0
  9
$INSBASE
 10
0.0
 20
0.0
 30
0.0
  9
$EXTMIN
 10
21542.42692902067
 20
0.0000000000010232
 30
-0.000000000000955
  9
$EXTMAX
 10
32102.76672039472
 20
4690.474180195817
 30
0.0000000000021288
  9
$LIMMIN
 10
0.0
 20
0.0
  9
$LIMMAX
 10
420.0
 20
297.0
  9
$ORTHOMODE
 70
     0
  9
$REGENMODE
 70
     1
  9
$FILLMODE
 70
     1
  9
$QTEXTMODE
 70
     0
  9
$MIRRTEXT
 70
     0
  9
$LTSCALE
 40
1.0
  9
$ATTMODE
 70
     1
  9
$TEXTSIZE
 40
2.5
  9
$TRACEWID
 40
1.0
  9
$TEXTSTYLE
  7
Standard
  9
$CLAYER
  8
0
  9
$CELTYPE
  6
ByLayer
  9
$CECOLOR
 62
   256
  9
$CELTSCALE
 40
1.0
  9
$DISPSILH
 70
     0
  9
$DIMSCALE
 40
1.0
  9
$DIMASZ
 40
2.5
  9
$DIMEXO
 40
0.625
  9
$DIMDLI
 40
3.75
  9
$DIMRND
 40
0.0
  9
$DIMDLE
 40
0.0
  9
$DIMEXE
 40
1.25
  9
$DIMTP
 40
0.0
  9
$DIMTM
 40
0.0
  9
$DIMTXT
 40
2.5
  9
$DIMCEN
 40
2.5
  9
$DIMTSZ
 40
0.0
  9
$DIMTOL
 70
     0
  9
$DIMLIM
 70
     0
  9
$DIMTIH
 70
     0
  9
$DIMTOH
 70
     0
  9
$DIMSE1
 70
     0
  9
$DIMSE2
 70
     0
  9
$DIMTAD
 70
     1
  9
$DIMZIN
 70
     8
  9
$DIMBLK
  1

  9
$DIMASO
 70
     1
  9
$DIMSHO
 70
     1
  9
$DIMPOST
  1

  9
$DIMAPOST
  1

  9
$DIMALT
 70
     0
  9
$DIMALTD
 70
     3
  9
$DIMALTF
 40
0.03937007874016
  9
$DIMLFAC
 40
1.0
  9
$DIMTOFL
 70
     1
  9
$DIMTVP
 40
0.0
  9
$DIMTIX
 70
     0
  9
$DIMSOXD
 70
     0
  9
$DIMSAH
 70
     0
  9
$DIMBLK1
  1

  9
$DIMBLK2
  1

  9
$DIMSTYLE
  2
ISO-25
  9
$DIMCLRD
 70
     0
  9
$DIMCLRE
 70
     0
  9
$DIMCLRT
 70
     0
  9
$DIMTFAC
 40
1.0
  9
$DIMGAP
 40
0.625
  9
$DIMJUST
 70
     0
  9
$DIMSD1
 70
     0
  9
$DIMSD2
 70
     0
  9
$DIMTOLJ
 70
     0
  9
$DIMTZIN
 70
     8
  9
$DIMALTZ
 70
     0
  9
$DIMALTTZ
 70
     0
  9
$DIMUPT
 70
     0
  9
$DIMDEC
 70
     2
  9
$DIMTDEC
 70
     2
  9
$DIMALTU
 70
     2
  9
$DIMALTTD
 70
     3
  9
$DIMTXSTY
  7
Standard
  9
$DIMAUNIT
 70
     0
  9
$DIMADEC
 70
     0
  9
$DIMALTRND
 40
0.0
  9
$DIMAZIN
 70
     0
  9
$DIMDSEP
 70
    44
  9
$DIMATFIT
 70
     3
  9
$DIMFRAC
 70
     0
  9
$DIMLDRBLK
  1

  9
$DIMLUNIT
 70
     2
  9
$DIMLWD
 70
    -2
  9
$DIMLWE
 70
    -2
  9
$DIMTMOVE
 70
     0
  9
$DIMFXL
 40
1.0
  9
$DIMFXLON
 70
     0
  9
$DIMJOGANG
 40
0.7853981633974483
  9
$DIMTFILL
 70
     0
  9
$DIMTFILLCLR
 70
     0
  9
$DIMARCSYM
 70
     0
  9
$DIMLTYPE
  6

  9
$DIMLTEX1
  6

  9
$DIMLTEX2
  6

  9
$DIMTXTDIRECTION
 70
     0
  9
$LUNITS
 70
     2
  9
$LUPREC
 70
     4
  9
$SKETCHINC
 40
1.0
  9
$FILLETRAD
 40
0.0
  9
$AUNITS
 70
     0
  9
$AUPREC
 70
     0
  9
$MENU
  1
.
  9
$ELEVATION
 40
0.0
  9
$PELEVATION
 40
0.0
  9
$THICKNESS
 40
0.0
  9
$LIMCHECK
 70
     0
  9
$CHAMFERA
 40
0.0
  9
$CHAMFERB
 40
0.0
  9
$CHAMFERC
 40
0.0
  9
$CHAMFERD
 40
0.0
  9
$SKPOLY
 70
     0
  9
$TDCREATE
 40
2461226.012673611
  9
$TDUCREATE
 40
2461226.137673611
  9
$TDUPDATE
 40
2461226.035995370
  9
$TDUUPDATE
 40
2461226.160995370
  9
$TDINDWG
 40
0.0233217593
  9
$TDUSRTIMER
 40
0.0233217593
  9
$USRTIMER
 70
     1
  9
$ANGBASE
 50
0.0
  9
$ANGDIR
 70
     0
  9
$PDMODE
 70
     0
  9
$PDSIZE
 40
0.0
  9
$PLINEWID
 40
0.0
  9
$SPLFRAME
 70
     0
  9
$SPLINETYPE
 70
     6
  9
$SPLINESEGS
 70
     8
  9
$HANDSEED
  5
D33
  9
$SURFTAB1
 70
     6
  9
$SURFTAB2
 70
     6
  9
$SURFTYPE
 70
     6
  9
$SURFU
 70
     6
  9
$SURFV
 70
     6
  9
$UCSBASE
  2

  9
$UCSNAME
  2

  9
$UCSORG
 10
0.0
 20
0.0
 30
0.0
  9
$UCSXDIR
 10
1.0
 20
0.0
 30
0.0
  9
$UCSYDIR
 10
0.0
 20
1.0
 30
0.0
  9
$UCSORTHOREF
  2

  9
$UCSORTHOVIEW
 70
     0
  9
$UCSORGTOP
 10
0.0
 20
0.0
 30
0.0
  9
$UCSORGBOTTOM
 10
0.0
 20
0.0
 30
0.0
  9
$UCSORGLEFT
 10
0.0
 20
0.0
 30
0.0
  9
$UCSORGRIGHT
 10
0.0
 20
0.0
 30
0.0
  9
$UCSORGFRONT
 10
0.0
 20
0.0
 30
0.0
  9
$UCSORGBACK
 10
0.0
 20
0.0
 30
0.0
  9
$PUCSBASE
  2

  9
$PUCSNAME
  2

  9
$PUCSORG
 10
0.0
 20
0.0
 30
0.0
  9
$PUCSXDIR
 10
1.0
 20
0.0
 30
0.0
  9
$PUCSYDIR
 10
0.0
 20
1.0
 30
0.0
  9
$PUCSORTHOREF
  2

  9
$PUCSORTHOVIEW
 70
     0
  9
$PUCSORGTOP
 10
0.0
 20
0.0
 30
0.0
  9
$PUCSORGBOTTOM
 10
0.0
 20
0.0
 30
0.0
  9
$PUCSORGLEFT
 10
0.0
 20
0.0
 30
0.0
  9
$PUCSORGRIGHT
 10
0.0
 20
0.0
 30
0.0
  9
$PUCSORGFRONT
 10
0.0
 20
0.0
 30
0.0
  9
$PUCSORGBACK
 10
0.0
 20
0.0
 30
0.0
  9
$USERI1
 70
     0
  9
$USERI2
 70
     0
  9
$USERI3
 70
     0
  9
$USERI4
 70
     0
  9
$USERI5
 70
     0
  9
$USERR1
 40
0.0
  9
$USERR2
 40
0.0
  9
$USERR3
 40
0.0
  9
$USERR4
 40
0.0
  9
$USERR5
 40
0.0
  9
$WORLDVIEW
 70
     1
  9
$SHADEDGE
 70
     3
  9
$SHADEDIF
 70
    70
  9
$TILEMODE
 70
     1
  9
$MAXACTVP
 70
    64
  9
$PINSBASE
 10
0.0
 20
0.0
 30
0.0
  9
$PLIMCHECK
 70
     0
  9
$PEXTMIN
 10
0.0
 20
0.0
 30
0.0
  9
$PEXTMAX
 10
0.0
 20
0.0
 30
0.0
  9
$PLIMMIN
 10
0.0
 20
0.0
  9
$PLIMMAX
 10
12.0
 20
9.0
  9
$UNITMODE
 70
     0
  9
$VISRETAIN
 70
     1
  9
$PLINEGEN
 70
     0
  9
$PSLTSCALE
 70
     1
  9
$TREEDEPTH
 70
  3020
  9
$CMLSTYLE
  2
Standard
  9
$CMLJUST
 70
     0
  9
$CMLSCALE
 40
20.0
  9
$PROXYGRAPHICS
 70
     1
  9
$MEASUREMENT
 70
     1
  9
$CELWEIGHT
370
    -1
  9
$ENDCAPS
280
     0
  9
$JOINSTYLE
280
     0
  9
$LWDISPLAY
290
     0
  9
$INSUNITS
 70
     4
  9
$HYPERLINKBASE
  1

  9
$STYLESHEET
  1

  9
$XEDIT
290
     1
  9
$CEPSNTYPE
380
     0
  9
$PSTYLEMODE
290
     1
  9
$FINGERPRINTGUID
  2
{99C1E915-8866-1649-9CEB-3EDD014C2439}
  9
$VERSIONGUID
  2
{6A108CF1-1EDF-5E47-B15A-8AD1FA568894}
  9
$EXTNAMES
290
     1
  9
$PSVPSCALE
 40
0.0
  9
$OLESTARTUP
290
     0
  9
$SORTENTS
280
   127
  9
$INDEXCTL
280
     0
  9
$HIDETEXT
280
     1
  9
$XCLIPFRAME
280
     2
  9
$HALOGAP
280
     0
  9
$OBSCOLOR
 70
   257
  9
$OBSLTYPE
280
     0
  9
$INTERSECTIONDISPLAY
280
     0
  9
$INTERSECTIONCOLOR
 70
   257
  9
$DIMASSOC
280
     2
  9
$PROJECTNAME
  1

  9
$CAMERADISPLAY
290
     0
  9
$LENSLENGTH
 40
50.0
  9
$CAMERAHEIGHT
 40
0.0
  9
$STEPSPERSEC
 40
2.0
  9
$STEPSIZE
 40
6.0
  9
$3DDWFPREC
 40
2.0
  9
$PSOLWIDTH
 40
5.0
  9
$PSOLHEIGHT
 40
80.0
  9
$LOFTANG1
 40
1.570796326794896
  9
$LOFTANG2
 40
1.570796326794896
  9
$LOFTMAG1
 40
0.0
  9
$LOFTMAG2
 40
0.0
  9
$LOFTPARAM
 70
     7
  9
$LOFTNORMALS
280
     1
  9
$LATITUDE
 40
37.795
  9
$LONGITUDE
 40
-122.394
  9
$NORTHDIRECTION
 40
0.0
  9
$TIMEZONE
 70
 -8000
  9
$LIGHTGLYPHDISPLAY
280
     1
  9
$TILEMODELIGHTSYNCH
280
     1
  9
$CMATERIAL
347
EC
  9
$SOLIDHIST
280
     0
  9
$SHOWHIST
280
     1
  9
$DWFFRAME
280
     2
  9
$DGNFRAME
280
     0
  9
$REALWORLDSCALE
290
     1
  9
$INTERFERECOLOR
 62
     1
  9
$INTERFEREOBJVS
345
F9
  9
$INTERFEREVPVS
346
F6
  9
$CSHADOW
280
     0
  9
$SHADOWPLANELOCATION
 40
0.0
  0
ENDSEC
  0
SECTION
  2
CLASSES
  0
CLASS
  1
ACDBDICTIONARYWDFLT
  2
AcDbDictionaryWithDefault
  3
ObjectDBX Classes
 90
        0
 91
        1
280
     0
281
     0
  0
CLASS
  1
DICTIONARYVAR
  2
AcDbDictionaryVar
  3
ObjectDBX Classes
 90
        0
 91
       11
280
     0
281
     0
  0
CLASS
  1
TABLESTYLE
  2
AcDbTableStyle
  3
ObjectDBX Classes
 90
     4095
 91
        1
280
     0
281
     0
  0
CLASS
  1
MATERIAL
  2
AcDbMaterial
  3
ObjectDBX Classes
 90
     1153
 91
        3
280
     0
281
     0
  0
CLASS
  1
VISUALSTYLE
  2
AcDbVisualStyle
  3
ObjectDBX Classes
 90
     4095
 91
       24
280
     0
281
     0
  0
CLASS
  1
SCALE
  2
AcDbScale
  3
ObjectDBX Classes
 90
     1153
 91
       17
280
     0
281
     0
  0
CLASS
  1
MLEADERSTYLE
  2
AcDbMLeaderStyle
  3
ACDB_MLEADERSTYLE_CLASS
 90
     4095
 91
        2
280
     0
281
     0
  0
CLASS
  1
CELLSTYLEMAP
  2
AcDbCellStyleMap
  3
ObjectDBX Classes
 90
     1152
 91
        6
280
     0
281
     0
  0
CLASS
  1
EXACXREFPANELOBJECT
  2
ExAcXREFPanelObject
  3
EXAC_ESW
 90
     1025
 91
        0
280
     0
281
     0
  0
CLASS
  1
NPOCOLLECTION
  2
AcDbImpNonPersistentObjectsCollection
  3
ObjectDBX Classes
 90
     1153
 91
        0
280
     0
281
     0
  0
CLASS
  1
LAYER_INDEX
  2
AcDbLayerIndex
  3
ObjectDBX Classes
 90
        0
 91
        0
280
     0
281
     0
  0
CLASS
  1
SPATIAL_INDEX
  2
AcDbSpatialIndex
  3
ObjectDBX Classes
 90
        0
 91
        0
280
     0
281
     0
  0
CLASS
  1
IDBUFFER
  2
AcDbIdBuffer
  3
ObjectDBX Classes
 90
        0
 91
        0
280
     0
281
     0
  0
CLASS
  1
ACDBSECTIONVIEWSTYLE
  2
AcDbSectionViewStyle
  3
ObjectDBX Classes
 90
     1025
 91
        1
280
     0
281
     0
  0
CLASS
  1
ACDBDETAILVIEWSTYLE
  2
AcDbDetailViewStyle
  3
ObjectDBX Classes
 90
     1025
 91
        1
280
     0
281
     0
  0
CLASS
  1
SORTENTSTABLE
  2
AcDbSortentsTable
  3
ObjectDBX Classes
 90
        0
 91
        2
280
     0
281
     0
  0
ENDSEC
  0
SECTION
  2
TABLES
  0
TABLE
  2
VPORT
  5
8
330
0
100
AcDbSymbolTable
 70
     1
  0
VPORT
  5
EA
330
8
100
AcDbSymbolTableRecord
100
AcDbViewportTableRecord
  2
*Active
 70
     0
 10
0.0
 20
0.0
 11
1.0
 21
1.0
 12
27397.98899463046
 22
1620.770127153266
 13
0.0
 23
0.0
 14
10.0
 24
10.0
 15
10.0
 25
10.0
 16
0.0
 26
0.0
 36
1.0
 17
0.0
 27
0.0
 37
0.0
 40
9017.877548608227
 41
2.351715686274509
 42
50.0
 43
0.0
 44
0.0
 50
0.0
 51
0.0
 71
     0
 72
  1000
 73
     1
 74
     3
 75
     0
 76
     1
 77
     0
 78
     0
281
     0
 65
     1
110
0.0
120
0.0
130
0.0
111
1.0
121
0.0
131
0.0
112
0.0
122
1.0
132
0.0
 79
     0
146
0.0
348
F5
 60
     3
 61
     5
292
     1
282
     1
141
0.0
142
0.0
 63
   250
421
  3355443
1001
ACAD_NAV_VCDISPLAY
1070
     3
  0
ENDTAB
  0
TABLE
  2
LTYPE
  5
5
330
0
100
AcDbSymbolTable
 70
     3
  0
LTYPE
  5
14
330
5
100
AcDbSymbolTableRecord
100
AcDbLinetypeTableRecord
  2
ByBlock
 70
     0
  3

 72
    65
 73
     0
 40
0.0
  0
LTYPE
  5
15
330
5
100
AcDbSymbolTableRecord
100
AcDbLinetypeTableRecord
  2
ByLayer
 70
     0
  3

 72
    65
 73
     0
 40
0.0
  0
LTYPE
  5
16
330
5
100
AcDbSymbolTableRecord
100
AcDbLinetypeTableRecord
  2
Continuous
 70
     0
  3
Solid line
 72
    65
 73
     0
 40
0.0
  0
LTYPE
  5
7CB
330
5
100
AcDbSymbolTableRecord
100
AcDbLinetypeTableRecord
  2
PHANTOM2
 70
     0
  3
___ _ _ ___ _ _ ___ _ _ ___ _ _ ___ _ _ ___ _ _
 72
    65
 73
     6
 40
1.25
 49
0.625
 74
     0
 49
-0.125
 74
     0
 49
0.125
 74
     0
 49
-0.125
 74
     0
 49
0.125
 74
     0
 49
-0.125
 74
     0
  0
ENDTAB
  0
TABLE
  2
LAYER
  5
2
102
{ACAD_XDICTIONARY
360
1FF
102
}
330
0
100
AcDbSymbolTable
 70
    42
  0
LAYER
  5
10
102
{ACAD_XDICTIONARY
360
13C
102
}
330
2
100
AcDbSymbolTableRecord
100
AcDbLayerTableRecord
  2
0
 70
     0
 62
     7
  6
Continuous
370
    -3
390
F
347
EE
348
0
  0
LAYER
  5
7CC
102
{ACAD_XDICTIONARY
360
7CD
102
}
330
2
100
AcDbSymbolTableRecord
100
AcDbLayerTableRecord
  2
CONTORNO
 70
     0
 62
     7
  6
Continuous
370
    -3
390
F
347
EE
348
0
  0
LAYER
  5
7CE
330
2
100
AcDbSymbolTableRecord
100
AcDbLayerTableRecord
  2
30.000.023998
 70
     0
 62
     7
  6
Continuous
370
    -3
390
F
347
EE
348
0
  0
LAYER
  5
7CF
330
2
100
AcDbSymbolTableRecord
100
AcDbLayerTableRecord
  2
70.003.220043
 70
     0
 62
     7
  6
Continuous
370
    -3
390
F
347
EE
348
0
  0
LAYER
  5
7D0
330
2
100
AcDbSymbolTableRecord
100
AcDbLayerTableRecord
  2
70.003.220081
 70
     0
 62
     7
  6
Continuous
370
    -3
390
F
347
EE
348
0
  0
LAYER
  5
7D1
330
2
100
AcDbSymbolTableRecord
100
AcDbLayerTableRecord
  2
3031000041
 70
     0
 62
     7
  6
Continuous
370
    -3
390
F
347
EE
348
0
  0
LAYER
  5
7D2
330
2
100
AcDbSymbolTableRecord
100
AcDbLayerTableRecord
  2
70.003.220082
 70
     0
 62
     7
  6
Continuous
370
    -3
390
F
347
EE
348
0
  0
LAYER
  5
7D3
330
2
100
AcDbSymbolTableRecord
100
AcDbLayerTableRecord
  2
PART_0000005592
 70
     0
 62
     7
  6
Continuous
370
    -3
390
F
347
EE
348
0
  0
LAYER
  5
7D4
330
2
100
AcDbSymbolTableRecord
100
AcDbLayerTableRecord
  2
PART_0000005261_
 70
     0
 62
     7
  6
Continuous
370
    -3
390
F
347
EE
348
0
  0
LAYER
  5
7D5
330
2
100
AcDbSymbolTableRecord
100
AcDbLayerTableRecord
  2
PART_0000005593
 70
     0
 62
     7
  6
Continuous
370
    -3
390
F
347
EE
348
0
  0
LAYER
  5
7D6
330
2
100
AcDbSymbolTableRecord
100
AcDbLayerTableRecord
  2
70.002.220021
 70
     0
 62
     7
  6
Continuous
370
    -3
390
F
347
EE
348
0
  0
LAYER
  5
7D7
330
2
100
AcDbSymbolTableRecord
100
AcDbLayerTableRecord
  2
70.002.220022
 70
     0
 62
     7
  6
Continuous
370
    -3
390
F
347
EE
348
0
  0
LAYER
  5
7D8
330
2
100
AcDbSymbolTableRecord
100
AcDbLayerTableRecord
  2
70.002.220040
 70
     0
 62
     7
  6
Continuous
370
    -3
390
F
347
EE
348
0
  0
LAYER
  5
7D9
330
2
100
AcDbSymbolTableRecord
100
AcDbLayerTableRecord
  2
30.000.020911
 70
     0
 62
     7
  6
Continuous
370
    -3
390
F
347
EE
348
0
  0
LAYER
  5
7DA
330
2
100
AcDbSymbolTableRecord
100
AcDbLayerTableRecord
  2
500153
 70
     0
 62
     7
  6
Continuous
370
    -3
390
F
347
EE
348
0
  0
LAYER
  5
7DB
330
2
100
AcDbSymbolTableRecord
100
AcDbLayerTableRecord
  2
500192
 70
     0
 62
     7
  6
Continuous
370
    -3
390
F
347
EE
348
0
  0
LAYER
  5
7DC
330
2
100
AcDbSymbolTableRecord
100
AcDbLayerTableRecord
  2
500184
 70
     0
 62
     7
  6
Continuous
370
    -3
390
F
347
EE
348
0
  0
LAYER
  5
7DD
330
2
100
AcDbSymbolTableRecord
100
AcDbLayerTableRecord
  2
500154
 70
     0
 62
     7
  6
Continuous
370
    -3
390
F
347
EE
348
0
  0
LAYER
  5
7DE
330
2
100
AcDbSymbolTableRecord
100
AcDbLayerTableRecord
  2
500194
 70
     0
 62
     7
  6
Continuous
370
    -3
390
F
347
EE
348
0
  0
LAYER
  5
7DF
330
2
100
AcDbSymbolTableRecord
100
AcDbLayerTableRecord
  2
500207
 70
     0
 62
     7
  6
Continuous
370
    -3
390
F
347
EE
348
0
  0
LAYER
  5
7E0
330
2
100
AcDbSymbolTableRecord
100
AcDbLayerTableRecord
  2
500271
 70
     0
 62
     7
  6
Continuous
370
    -3
390
F
347
EE
348
0
  0
LAYER
  5
7E1
330
2
100
AcDbSymbolTableRecord
100
AcDbLayerTableRecord
  2
500272
 70
     0
 62
     7
  6
Continuous
370
    -3
390
F
347
EE
348
0
  0
LAYER
  5
7E2
330
2
100
AcDbSymbolTableRecord
100
AcDbLayerTableRecord
  2
500282
 70
     0
 62
     7
  6
Continuous
370
    -3
390
F
347
EE
348
0
  0
LAYER
  5
7E3
330
2
100
AcDbSymbolTableRecord
100
AcDbLayerTableRecord
  2
500283
 70
     0
 62
     7
  6
Continuous
370
    -3
390
F
347
EE
348
0
  0
LAYER
  5
7E4
330
2
100
AcDbSymbolTableRecord
100
AcDbLayerTableRecord
  2
500285
 70
     0
 62
     7
  6
Continuous
370
    -3
390
F
347
EE
348
0
  0
LAYER
  5
7E5
330
2
100
AcDbSymbolTableRecord
100
AcDbLayerTableRecord
  2
500289
 70
     0
 62
     7
  6
Continuous
370
    -3
390
F
347
EE
348
0
  0
LAYER
  5
7E6
330
2
100
AcDbSymbolTableRecord
100
AcDbLayerTableRecord
  2
500309
 70
     0
 62
     7
  6
Continuous
370
    -3
390
F
347
EE
348
0
  0
LAYER
  5
7E7
330
2
100
AcDbSymbolTableRecord
100
AcDbLayerTableRecord
  2
500293
 70
     0
 62
     7
  6
Continuous
370
    -3
390
F
347
EE
348
0
  0
LAYER
  5
7E8
330
2
100
AcDbSymbolTableRecord
100
AcDbLayerTableRecord
  2
500291
 70
     0
 62
     7
  6
Continuous
370
    -3
390
F
347
EE
348
0
  0
LAYER
  5
7E9
330
2
100
AcDbSymbolTableRecord
100
AcDbLayerTableRecord
  2
70.001.006305
 70
     0
 62
     7
  6
Continuous
370
    -3
390
F
347
EE
348
0
  0
LAYER
  5
7EA
330
2
100
AcDbSymbolTableRecord
100
AcDbLayerTableRecord
  2
500308
 70
     0
 62
     7
  6
Continuous
370
    -3
390
F
347
EE
348
0
  0
LAYER
  5
7EB
330
2
100
AcDbSymbolTableRecord
100
AcDbLayerTableRecord
  2
004157
 70
     0
 62
     7
  6
Continuous
370
    -3
390
F
347
EE
348
0
  0
LAYER
  5
7EC
330
2
100
AcDbSymbolTableRecord
100
AcDbLayerTableRecord
  2
001245
 70
     0
 62
     7
  6
Continuous
370
    -3
390
F
347
EE
348
0
  0
LAYER
  5
7ED
330
2
100
AcDbSymbolTableRecord
100
AcDbLayerTableRecord
  2
30.001.004033
 70
     0
 62
     7
  6
Continuous
370
    -3
390
F
347
EE
348
0
  0
LAYER
  5
7EE
330
2
100
AcDbSymbolTableRecord
100
AcDbLayerTableRecord
  2
70.008.006251
 70
     0
 62
     7
  6
Continuous
370
    -3
390
F
347
EE
348
0
  0
LAYER
  5
7EF
330
2
100
AcDbSymbolTableRecord
100
AcDbLayerTableRecord
  2
003245
 70
     0
 62
     7
  6
Continuous
370
    -3
390
F
347
EE
348
0
  0
LAYER
  5
7F0
330
2
100
AcDbSymbolTableRecord
100
AcDbLayerTableRecord
  2
C__USERS_SAMUEL.
 70
     0
 62
     7
  6
Continuous
370
    -3
390
F
347
EE
348
0
  0
LAYER
  5
7F1
330
2
100
AcDbSymbolTableRecord
100
AcDbLayerTableRecord
  2
500214
 70
     0
 62
     7
  6
Continuous
370
    -3
390
F
347
EE
348
0
  0
LAYER
  5
7F2
330
2
100
AcDbSymbolTableRecord
100
AcDbLayerTableRecord
  2
C__USERS_PROJETO
 70
     0
 62
     7
  6
Continuous
370
    -3
390
F
347
EE
348
0
  0
LAYER
  5
7F3
330
2
100
AcDbSymbolTableRecord
100
AcDbLayerTableRecord
  2
500227
 70
     0
 62
     7
  6
Continuous
370
    -3
390
F
347
EE
348
0
  0
LAYER
  5
7F4
330
2
100
AcDbSymbolTableRecord
100
AcDbLayerTableRecord
  2
502141
 70
     0
 62
     7
  6
Continuous
370
    -3
390
F
347
EE
348
0
  0
LAYER
  5
7F5
330
2
100
AcDbSymbolTableRecord
100
AcDbLayerTableRecord
  2
502978
 70
     0
 62
     7
  6
Continuous
370
    -3
390
F
347
EE
348
0
  0
ENDTAB
  0
TABLE
  2
STYLE
  5
3
330
0
100
AcDbSymbolTable
 70
     3
  0
STYLE
  5
11
330
3
100
AcDbSymbolTableRecord
100
AcDbTextStyleTableRecord
  2
Standard
 70
     0
 40
0.0
 41
1.0
 50
0.0
 71
     0
 42
2.5
  3
arial.ttf
  4

1001
ACAD
1000
Arial
1071
       34
  0
STYLE
  5
132
330
3
100
AcDbSymbolTableRecord
100
AcDbTextStyleTableRecord
  2
Annotative
 70
     0
 40
0.0
 41
1.0
 50
0.0
 71
     0
 42
2.5
  3
arial.ttf
  4

1001
AcadAnnotative
1000
AnnotativeData
1002
{
1070
     1
1070
     1
1002
}
1001
ACAD
1000
Arial
1071
       34
  0
STYLE
  5
7F6
330
3
100
AcDbSymbolTableRecord
100
AcDbTextStyleTableRecord
  2
SEACAD_Arial
 70
     0
 40
0.0
 41
1.0
 50
0.0
 71
     0
 42
105.0
  3
arial.ttf
  4

1001
ACAD
1000
Arial
1071
        0
  0
ENDTAB
  0
TABLE
  2
VIEW
  5
6
330
0
100
AcDbSymbolTable
 70
     3
  0
ENDTAB
  0
TABLE
  2
UCS
  5
7
330
0
100
AcDbSymbolTable
 70
     0
  0
ENDTAB
  0
TABLE
  2
APPID
  5
9
330
0
100
AcDbSymbolTable
 70
    10
  0
APPID
  5
12
330
9
100
AcDbSymbolTableRecord
100
AcDbRegAppTableRecord
  2
ACAD
 70
     0
  0
APPID
  5
9E
330
9
100
AcDbSymbolTableRecord
100
AcDbRegAppTableRecord
  2
ACAD_PSEXT
 70
     0
  0
APPID
  5
133
330
9
100
AcDbSymbolTableRecord
100
AcDbRegAppTableRecord
  2
AcadAnnoPO
 70
     0
  0
APPID
  5
134
330
9
100
AcDbSymbolTableRecord
100
AcDbRegAppTableRecord
  2
AcadAnnotative
 70
     0
  0
APPID
  5
135
330
9
100
AcDbSymbolTableRecord
100
AcDbRegAppTableRecord
  2
ACAD_DSTYLE_DIMJAG
 70
     0
  0
APPID
  5
136
330
9
100
AcDbSymbolTableRecord
100
AcDbRegAppTableRecord
  2
ACAD_DSTYLE_DIMTALN
 70
     0
  0
APPID
  5
165
330
9
100
AcDbSymbolTableRecord
100
AcDbRegAppTableRecord
  2
ACAD_MLEADERVER
 70
     0
  0
APPID
  5
217
330
9
100
AcDbSymbolTableRecord
100
AcDbRegAppTableRecord
  2
ACAD_NAV_VCDISPLAY
 70
     0
  0
APPID
  5
D05
330
9
100
AcDbSymbolTableRecord
100
AcDbRegAppTableRecord
  2
ACAD_EXEMPT_FROM_CAD_STANDARDS
 70
     0
  0
APPID
  5
D27
330
9
100
AcDbSymbolTableRecord
100
AcDbRegAppTableRecord
  2
Acad_TC
 70
     0
  0
ENDTAB
  0
TABLE
  2
DIMSTYLE
  5
A
330
0
100
AcDbSymbolTable
 70
     6
100
AcDbDimStyleTable
 71
     2
340
27
340
137
  0
DIMSTYLE
105
1B0
330
A
100
AcDbSymbolTableRecord
100
AcDbDimStyleTableRecord
  2
Standard
 70
     0
340
11
  0
DIMSTYLE
105
137
330
A
100
AcDbSymbolTableRecord
100
AcDbDimStyleTableRecord
  2
Annotative
 70
     0
 40
0.0
 41
2.5
 42
0.625
 43
3.75
 44
1.25
 73
     0
 74
     0
 77
     1
 78
     8
140
2.5
141
2.5
143
0.03937007874016
147
0.625
171
     3
172
     1
271
     2
272
     2
274
     3
278
    44
283
     0
284
     8
340
11
1001
AcadAnnotative
1000
AnnotativeData
1002
{
1070
     1
1070
     1
1002
}
1001
ACAD_DSTYLE_DIMJAG
1070
   388
1040
1.5
1001
ACAD_DSTYLE_DIMTALN
1070
   392
1070
     0
  0
DIMSTYLE
105
27
330
A
100
AcDbSymbolTableRecord
100
AcDbDimStyleTableRecord
  2
ISO-25
 70
     0
 41
2.5
 42
0.625
 43
3.75
 44
1.25
 73
     0
 74
     0
 77
     1
 78
     8
140
2.5
141
2.5
143
0.03937007874016
147
0.625
171
     3
172
     1
271
     2
272
     2
274
     3
278
    44
283
     0
284
     8
340
11
  0
DIMSTYLE
105
7F7
330
A
100
AcDbSymbolTableRecord
100
AcDbDimStyleTableRecord
  2
ISO-35
 70
     0
 41
3.5
 42
0.875
 43
5.0
 44
1.75
 46
1.5
 73
     0
 74
     0
 77
     1
 78
     8
140
3.5
141
3.5
143
0.0394
146
0.7
147
0.875
171
     4
172
     1
176
   256
177
   256
178
     6
271
     2
272
     2
273
     8
274
     4
277
     6
340
11
  0
DIMSTYLE
105
7F8
330
A
100
AcDbSymbolTableRecord
100
AcDbDimStyleTableRecord
  2
DIN
 70
     0
 41
3.0
 42
1.5
 44
1.5
 73
     0
 74
     0
 77
     1
 78
     8
140
3.0
141
1.5
143
0.0393700787401575
147
0.75
172
     1
173
     1
179
     3
271
     3
272
     3
278
    44
283
     0
284
     8
340
7F6
343
2C1
344
2C1
  0
ENDTAB
  0
TABLE
  2
BLOCK_RECORD
  5
1
330
0
100
AcDbSymbolTable
 70
     5
  0
BLOCK_RECORD
  5
1F
102
{ACAD_XDICTIONARY
360
1CE
102
}
330
1
100
AcDbSymbolTableRecord
100
AcDbBlockTableRecord
  2
*Model_Space
340
22
 70
     0
280
     1
281
     0
  0
BLOCK_RECORD
  5
D2
330
1
100
AcDbSymbolTableRecord
100
AcDbBlockTableRecord
  2
*Paper_Space
340
D3
 70
     0
280
     1
281
     0
  0
BLOCK_RECORD
  5
D6
330
1
100
AcDbSymbolTableRecord
100
AcDbBlockTableRecord
  2
*Paper_Space0
340
D7
 70
     0
280
     1
281
     0
  0
BLOCK_RECORD
  5
2C1
330
1
100
AcDbSymbolTableRecord
100
AcDbBlockTableRecord
  2
_SE_FILLED
340
0
 70
     0
280
     1
281
     0
  0
BLOCK_RECORD
  5
2C6
330
1
100
AcDbSymbolTableRecord
100
AcDbBlockTableRecord
  2
d65svd
340
0
 70
     0
280
     1
281
     0
  0
ENDTAB
  0
ENDSEC
  0
SECTION
  2
BLOCKS
  0
BLOCK
  5
20
330
1F
100
AcDbEntity
  8
0
100
AcDbBlockBegin
  2
*Model_Space
 70
     0
 10
0.0
 20
0.0
 30
0.0
  3
*Model_Space
  1

  0
ENDBLK
  5
21
330
1F
100
AcDbEntity
  8
0
100
AcDbBlockEnd
  0
BLOCK
  5
D4
330
D2
100
AcDbEntity
 67
     1
  8
0
100
AcDbBlockBegin
  2
*Paper_Space
 70
     0
 10
0.0
 20
0.0
 30
0.0
  3
*Paper_Space
  1

  0
ENDBLK
  5
D5
330
D2
100
AcDbEntity
 67
     1
  8
0
100
AcDbBlockEnd
  0
BLOCK
  5
D8
330
D6
100
AcDbEntity
 67
     1
  8
0
100
AcDbBlockBegin
  2
*Paper_Space0
 70
     0
 10
0.0
 20
0.0
 30
0.0
  3
*Paper_Space0
  1

  0
ENDBLK
  5
D9
330
D6
100
AcDbEntity
 67
     1
  8
0
100
AcDbBlockEnd
  0
BLOCK
  5
2C2
330
2C1
100
AcDbEntity
  8
0
100
AcDbBlockBegin
  2
_SE_FILLED
 70
     0
 10
0.0
 20
0.0
 30
0.0
  3
_SE_FILLED
  1

  0
SOLID
  5
2C3
330
2C1
100
AcDbEntity
  8
0
 62
     0
100
AcDbTrace
 10
0.0
 20
0.0
 30
0.0
 11
-1.0
 21
-0.1665
 31
0.0
 12
-1.0
 22
0.1665
 32
0.0
 13
0.0
 23
0.0
 33
0.0
  0
LINE
  5
2C4
330
2C1
100
AcDbEntity
  8
0
 62
     0
100
AcDbLine
 10
0.0
 20
0.0
 30
0.0
 11
-1.0
 21
0.0
 31
0.0
  0
ENDBLK
  5
2C5
330
2C1
100
AcDbEntity
  8
0
100
AcDbBlockEnd
  0
BLOCK
  5
2C7
330
2C6
100
AcDbEntity
  8
0
100
AcDbBlockBegin
  2
d65svd
 70
     0
 10
0.0
 20
0.0
 30
0.0
  3
d65svd
  1

  0
LINE
  5
2C8
330
2C6
100
AcDbEntity
  8
PART_0000005592
  6
Continuous
 62
     7
100
AcDbLine
 10
446036.5744556728
 20
-720.8424830090707
 30
0.0000000000007228
 11
446000.5744557057
 21
-720.8440236783545
 31
0.0000000000007228
  0
LINE
  5
2C9
330
2C6
100
AcDbEntity
  8
PART_0000005592
  6
Continuous
 62
     7
100
AcDbLine
 10
445973.5744557304
 20
-720.845179180299
 30
0.0000000000007228
 11
445937.5744557634
 21
-720.8467198495827
 31
0.0000000000007228
  0
LINE
  5
2CA
330
2C6
100
AcDbEntity
  8
PART_0000005592
  6
Continuous
 62
     7
100
AcDbLine
 10
445812.5744558779
 20
-720.8520693956861
 30
0.0000000000007228
 11
445937.5744557634
 21
-720.8467198495827
 31
0.0000000000007228
  0
LINE
  5
2CB
330
2C6
100
AcDbEntity
  8
PART_0000005592
  6
Continuous
 62
     7
100
AcDbLine
 10
446036.5744556728
 20
-720.8424830090707
 30
0.0000000000007228
 11
446068.8813026488
 21
-720.8411003933333
 31
0.0000000000007228
  0
LINE
  5
2CC
330
2C6
100
AcDbEntity
  8
PART_0000005592
  6
Continuous
 62
     7
100
AcDbLine
 10
445973.5744557304
 20
-720.845179180299
 30
0.0000000000007228
 11
446000.5744557057
 21
-720.8440236783545
 31
0.0000000000007228
  0
LINE
  5
2CD
330
2C6
100
AcDbEntity
  8
PART_0000005261_
  6
Continuous
 62
     7
100
AcDbLine
 10
445932.9744569457
 20
-785.1552706093834
 30
0.0000000000007228
 11
446041.1744544904
 21
-785.1783213391509
 31
0.0000000000007228
  0
LINE
  5
2CE
330
2C6
100
AcDbEntity
  8
PART_0000005261_
  6
Continuous
 62
     7
100
AcDbLine
 10
445932.9772690496
 20
-771.955270908923
 30
0.0000000000007228
 11
446041.1772665942
 21
-771.9783216386904
 31
0.0000000000007228
  0
LINE
  5
2CF
330
2C6
100
AcDbEntity
  8
PART_0000005261_
  6
Continuous
 62
     7
100
AcDbLine
 10
445940.5772688771
 20
-771.9568899990017
 30
0.0000000000007228
 11
446033.5772667667
 21
-771.9767025486117
 31
0.0000000000007228
  0
LINE
  5
2D0
330
2C6
100
AcDbEntity
  8
PART_0000005261_
  6
Continuous
 62
     7
100
AcDbLine
 10
445940.5855773657
 20
-732.9568908840201
 30
0.0000000000007228
 11
446033.5855752553
 21
-732.97670343363
 31
0.0000000000007228
  0
LINE
  5
2D1
330
2C6
100
AcDbEntity
  8
PART_0000005261_
  6
Continuous
 62
     7
100
AcDbLine
 10
445932.0855775586
 20
-732.9550800595943
 30
0.0000000000007228
 11
446042.0855750625
 21
-732.9785142580558
 31
0.0000000000007228
  0
ARC
  5
2D2
330
2C6
100
AcDbEntity
  8
PART_0000005261_
  6
Continuous
 62
     7
100
AcDbCircle
 10
446041.1747740477
 20
-783.6783213731878
 30
0.0000000000007228
 40
1.500000000000009
100
AcDbArc
 50
269.9877938115307
 51
359.9877938120863
  0
ARC
  5
2D3
330
2C6
100
AcDbEntity
  8
PART_0000005261_
  6
Continuous
 62
     7
100
AcDbCircle
 10
445932.9747765031
 20
-783.6552706434204
 30
0.0000000000007228
 40
1.500000000000009
100
AcDbArc
 50
179.9877938120864
 51
269.9877938115307
  0
LINE
  5
2D4
330
2C6
100
AcDbEntity
  8
PART_0000005261_
  6
Continuous
 62
     7
100
AcDbLine
 10
446042.6747740137
 20
-783.6786409304377
 30
0.0000000000007228
 11
446042.676947003
 21
-773.4786411619034
 31
0.0000000000007228
  0
LINE
  5
2D5
330
2C6
100
AcDbEntity
  8
PART_0000005261_
  6
Continuous
 62
     7
100
AcDbLine
 10
445931.4769495263
 20
-773.4549513176362
 30
0.0000000000007228
 11
445931.4747765371
 21
-783.6549510861705
 31
0.0000000000007228
  0
ARC
  5
2D6
330
2C6
100
AcDbEntity
  8
PART_0000005261_
  6
Continuous
 62
     7
100
AcDbCircle
 10
446041.176947037
 20
-773.4783216046535
 30
0.0000000000007228
 40
1.500000000000009
100
AcDbArc
 50
359.9877938120863
 51
89.98779381153061
  0
ARC
  5
2D7
330
2C6
100
AcDbEntity
  8
PART_0000005261_
  6
Continuous
 62
     7
100
AcDbCircle
 10
445932.9769494924
 20
-773.4552708748861
 30
0.0000000000007228
 40
1.500000000000009
100
AcDbArc
 50
89.98779381153061
 51
179.9877938120864
  0
ARC
  5
2D8
330
2C6
100
AcDbEntity
  8
PART_0000005261_
  6
Continuous
 62
     7
100
AcDbCircle
 10
446033.577586324
 20
-770.4767025826486
 30
0.0000000000007228
 40
1.500000000000009
100
AcDbArc
 50
179.9877938120864
 51
269.9877938115307
  0
ARC
  5
2D9
330
2C6
100
AcDbEntity
  8
PART_0000005261_
  6
Continuous
 62
     7
100
AcDbCircle
 10
445940.5775884344
 20
-770.4568900330387
 30
0.0000000000007228
 40
1.500000000000009
100
AcDbArc
 50
269.9877938115307
 51
359.9877938120863
  0
LINE
  5
2DA
330
2C6
100
AcDbEntity
  8
PART_0000005261_
  6
Continuous
 62
     7
100
AcDbLine
 10
446032.0775863581
 20
-770.4763830253987
 30
0.0000000000007228
 11
446032.0852557321
 21
-734.4763838423286
 31
0.0000000000007228
  0
LINE
  5
2DB
330
2C6
100
AcDbEntity
  8
PART_0000005261_
  6
Continuous
 62
     7
100
AcDbLine
 10
445942.0852577745
 20
-734.4572104072331
 30
0.0000000000007228
 11
445942.0775884003
 21
-770.4572095902886
 31
0.0000000000007228
  0
ARC
  5
2DC
330
2C6
100
AcDbEntity
  8
PART_0000005261_
  6
Continuous
 62
     7
100
AcDbCircle
 10
446033.5852556981
 20
-734.4767033995931
 30
0.0000000000007228
 40
1.500000000000009
100
AcDbArc
 50
89.98779381153061
 51
179.9877938115305
  0
ARC
  5
2DD
330
2C6
100
AcDbEntity
  8
PART_0000005261_
  6
Continuous
 62
     7
100
AcDbCircle
 10
445940.5852578084
 20
-734.4568908499832
 30
0.0000000000007228
 40
1.500000000000009
100
AcDbArc
 50
359.9877938120863
 51
89.98779381153061
  0
ARC
  5
2DE
330
2C6
100
AcDbEntity
  8
PART_0000005261_
  6
Continuous
 62
     7
100
AcDbCircle
 10
446042.0858946196
 20
-731.4785142920928
 30
0.0000000000007228
 40
1.500000000000009
100
AcDbArc
 50
269.9877938115307
 51
359.9877938120863
  0
ARC
  5
2DF
330
2C6
100
AcDbEntity
  8
PART_0000005261_
  6
Continuous
 62
     7
100
AcDbCircle
 10
445932.0858971159
 20
-731.4550800936313
 30
0.0000000000007228
 40
1.500000000000009
100
AcDbArc
 50
179.9877938120864
 51
269.9877938115307
  0
LINE
  5
2E0
330
2C6
100
AcDbEntity
  8
PART_0000005261_
  6
Continuous
 62
     7
100
AcDbLine
 10
446043.5858945856
 20
-731.4788338493427
 30
0.0000000000007228
 11
446043.588160083
 21
-720.8446014293194
 31
0.0000000000007228
  0
LINE
  5
2E1
330
2C6
100
AcDbEntity
  8
PART_0000005261_
  6
Continuous
 62
     7
100
AcDbLine
 10
445930.5881575188
 20
-720.8446014293194
 30
0.0000000000007228
 11
445930.5858971498
 21
-731.4547605363814
 31
0.0000000000007228
  0
LINE
  5
2E2
330
2C6
100
AcDbEntity
  8
C__USERS_PROJETO
  6
Continuous
 62
     7
100
AcDbLine
 10
446041.174455718
 20
-773.0446014293274
 30
0.0000000000007228
 11
445932.974455718
 21
-773.0446014293274
 31
0.0000000000007228
  0
LINE
  5
2E3
330
2C6
100
AcDbEntity
  8
C__USERS_PROJETO
  6
Continuous
 62
     7
100
AcDbLine
 10
446041.174455718
 20
-759.8446014293267
 30
0.0000000000007228
 11
445932.974455718
 21
-759.8446014293267
 31
0.0000000000007228
  0
LINE
  5
2E4
330
2C6
100
AcDbEntity
  8
C__USERS_PROJETO
  6
Continuous
 62
     7
100
AcDbLine
 10
446042.0744557181
 20
-720.8446014293267
 30
0.0000000000007228
 11
445932.0744557181
 21
-720.8446014293267
 31
0.0000000000007228
  0
ARC
  5
2E5
330
2C6
100
AcDbEntity
  8
C__USERS_PROJETO
  6
Continuous
 62
     7
100
AcDbCircle
 10
446041.174455718
 20
-771.5446014293275
 30
0.0000000000007228
 40
1.500000000000001
100
AcDbArc
 50
270.0
 51
0.0
  0
ARC
  5
2E6
330
2C6
100
AcDbEntity
  8
C__USERS_PROJETO
  6
Continuous
 62
     7
100
AcDbCircle
 10
445932.974455718
 20
-771.5446014293275
 30
0.0000000000007228
 40
1.500000000000056
100
AcDbArc
 50
180.0
 51
270.0
  0
LINE
  5
2E7
330
2C6
100
AcDbEntity
  8
C__USERS_PROJETO
  6
Continuous
 62
     7
100
AcDbLine
 10
446042.6744557181
 20
-771.5446014293275
 30
0.0000000000007228
 11
446042.6744557181
 21
-761.3446014293267
 31
0.0000000000007228
  0
LINE
  5
2E8
330
2C6
100
AcDbEntity
  8
C__USERS_PROJETO
  6
Continuous
 62
     7
100
AcDbLine
 10
445931.4744557181
 20
-761.3446014293267
 30
0.0000000000007228
 11
445931.4744557181
 21
-771.5446014293275
 31
0.0000000000007228
  0
ARC
  5
2E9
330
2C6
100
AcDbEntity
  8
C__USERS_PROJETO
  6
Continuous
 62
     7
100
AcDbCircle
 10
446041.174455718
 20
-761.3446014293267
 30
0.0000000000007228
 40
1.500000000000056
100
AcDbArc
 50
0.0
 51
90.0
  0
ARC
  5
2EA
330
2C6
100
AcDbEntity
  8
C__USERS_PROJETO
  6
Continuous
 62
     7
100
AcDbCircle
 10
445932.974455718
 20
-761.3446014293267
 30
0.0000000000007228
 40
1.500000000000056
100
AcDbArc
 50
90.0
 51
180.0
  0
ARC
  5
2EB
330
2C6
100
AcDbEntity
  8
C__USERS_PROJETO
  6
Continuous
 62
     7
100
AcDbCircle
 10
446033.574455718
 20
-758.3446014293267
 30
0.0000000000007228
 40
1.500000000000001
100
AcDbArc
 50
180.0
 51
270.0
  0
ARC
  5
2EC
330
2C6
100
AcDbEntity
  8
C__USERS_PROJETO
  6
Continuous
 62
     7
100
AcDbCircle
 10
445940.5744557181
 20
-758.3446014293267
 30
0.0000000000007228
 40
1.500000000000056
100
AcDbArc
 50
270.0
 51
0.0
  0
LINE
  5
2ED
330
2C6
100
AcDbEntity
  8
C__USERS_PROJETO
  6
Continuous
 62
     7
100
AcDbLine
 10
446032.0744557181
 20
-758.3446014293267
 30
0.0000000000007228
 11
446032.0744557181
 21
-722.3446014293267
 31
0.0000000000007228
  0
LINE
  5
2EE
330
2C6
100
AcDbEntity
  8
C__USERS_PROJETO
  6
Continuous
 62
     7
100
AcDbLine
 10
445942.074455718
 20
-722.3446014293267
 30
0.0000000000007228
 11
445942.074455718
 21
-758.3446014293267
 31
0.0000000000007228
  0
ARC
  5
2EF
330
2C6
100
AcDbEntity
  8
C__USERS_PROJETO
  6
Continuous
 62
     7
100
AcDbCircle
 10
446033.574455718
 20
-722.3446014293267
 30
0.0000000000007228
 40
1.500000000000056
100
AcDbArc
 50
90.0
 51
180.0
  0
ARC
  5
2F0
330
2C6
100
AcDbEntity
  8
C__USERS_PROJETO
  6
Continuous
 62
     7
100
AcDbCircle
 10
445940.5744557181
 20
-722.3446014293267
 30
0.0000000000007228
 40
1.500000000000001
100
AcDbArc
 50
0.0
 51
90.0
  0
ARC
  5
2F1
330
2C6
100
AcDbEntity
  8
C__USERS_PROJETO
  6
Continuous
 62
     7
100
AcDbCircle
 10
446042.0744557181
 20
-719.3446014293267
 30
0.0000000000007228
 40
1.500000000000001
100
AcDbArc
 50
270.0
 51
0.0
  0
ARC
  5
2F2
330
2C6
100
AcDbEntity
  8
C__USERS_PROJETO
  6
Continuous
 62
     7
100
AcDbCircle
 10
445932.0744557181
 20
-719.3446014293267
 30
0.0000000000007228
 40
1.500000000000056
100
AcDbArc
 50
180.0
 51
270.0
  0
LINE
  5
2F3
330
2C6
100
AcDbEntity
  8
C__USERS_PROJETO
  6
Continuous
 62
     7
100
AcDbLine
 10
452258.9982547386
 20
-450.78589229322
 30
0.0000000000003749
 11
445509.2814589561
 21
-450.7858922932219
 31
0.0000000000007228
  0
LINE
  5
2F4
330
2C6
100
AcDbEntity
  8
C__USERS_PROJETO
  6
Continuous
 62
     7
100
AcDbLine
 10
452259.7248330266
 20
-440.78589229322
 30
0.0000000000007228
 11
445509.2814589561
 21
-440.7858922932218
 31
0.0000000000007228
  0
LINE
  5
2F5
330
2C6
100
AcDbEntity
  8
C__USERS_PROJETO
  6
Continuous
 62
     7
100
AcDbLine
 10
446704.0318930611
 20
-700.901100393331
 30
0.0000000000007228
 11
445713.2249925915
 21
-700.9011003933274
 31
0.0000000000007228
  0
LINE
  5
2F6
330
2C6
100
AcDbEntity
  8
C__USERS_PROJETO
  6
Continuous
 62
     7
100
AcDbLine
 10
446704.0318930611
 20
-712.901100393331
 30
0.0000000000007228
 11
445713.2249925915
 21
-712.9011003933274
 31
0.0000000000007228
  0
LINE
  5
2F7
330
2C6
100
AcDbEntity
  8
500227
  6
Continuous
 62
     7
100
AcDbLine
 10
445478.3887515072
 20
-662.7645515740232
 30
0.0000000000007228
 11
445480.3096113582
 21
-655.0604035073929
 31
0.0000000000007228
  0
LINE
  5
2F8
330
2C6
100
AcDbEntity
  8
500227
  6
Continuous
 62
     7
100
AcDbLine
 10
445517.2005805582
 20
-672.4414273980118
 30
0.0000000000007228
 11
445709.2397369601
 21
-720.3221667313746
 31
0.0000000000007228
  0
LINE
  5
2F9
330
2C6
100
AcDbEntity
  8
500227
  6
Continuous
 62
     7
100
AcDbLine
 10
445517.2005805582
 20
-672.4414273980118
 30
0.0000000000007228
 11
445478.3887515072
 21
-662.7645515740232
 31
0.0000000000007228
  0
LINE
  5
2FA
330
2C6
100
AcDbEntity
  8
500227
  6
Continuous
 62
     7
100
AcDbLine
 10
445519.1214404093
 20
-664.7372793313779
 30
0.0000000000007228
 11
445711.1605968111
 21
-712.6180186647407
 31
0.0000000000007228
  0
LINE
  5
2FB
330
2C6
100
AcDbEntity
  8
500227
  6
Continuous
 62
     7
100
AcDbLine
 10
445480.3096113582
 20
-655.0604035073929
 30
0.0000000000007228
 11
445505.2814589561
 21
-661.2865843962691
 31
0.0000000000007228
  0
LINE
  5
2FC
330
2C6
100
AcDbEntity
  8
500227
  6
Continuous
 62
     7
100
AcDbLine
 10
445509.2814589561
 20
-662.2838964076408
 30
0.0000000000007228
 11
445519.1214404093
 21
-664.7372793313779
 31
0.0000000000007228
  0
LINE
  5
2FD
330
2C6
100
AcDbEntity
  8
500214
  6
Continuous
 62
     7
100
AcDbLine
 10
445505.2814589561
 20
-659.4167610535341
 30
0.0000000000007228
 11
445505.2814589561
 21
-510.0106676432087
 31
0.0000000000007228
  0
LINE
  5
2FE
330
2C6
100
AcDbEntity
  8
500214
  6
Continuous
 62
     7
100
AcDbLine
 10
445505.2814589561
 20
-662.8906676432097
 30
0.0000000000007228
 11
445505.2814589561
 21
-659.4167610535341
 31
0.0000000000007228
  0
LINE
  5
2FF
330
2C6
100
AcDbEntity
  8
500214
  6
Continuous
 62
     7
100
AcDbLine
 10
445509.2814589561
 20
-659.4167610535341
 30
0.0000000000007228
 11
445509.2814589561
 21
-662.8906676432097
 31
0.0000000000007228
  0
LINE
  5
300
330
2C6
100
AcDbEntity
  8
500214
  6
Continuous
 62
     7
100
AcDbLine
 10
445509.2814589561
 20
-510.0106676432087
 30
0.0000000000007228
 11
445509.2814589561
 21
-659.4167610535341
 31
0.0000000000007228
  0
LINE
  5
301
330
2C6
100
AcDbEntity
  8
500214
  6
Continuous
 62
     7
100
AcDbLine
 10
445509.2814589561
 20
-510.0106676432087
 30
0.0000000000007228
 11
445505.2814589561
 21
-510.0106676432087
 31
0.0000000000007228
  0
LINE
  5
302
330
2C6
100
AcDbEntity
  8
500214
  6
Continuous
 62
     7
100
AcDbLine
 10
445505.2814589561
 20
-510.0106676432087
 30
0.0000000000007228
 11
445505.2814589561
 21
-444.8906676432097
 31
0.0000000000007228
  0
LINE
  5
303
330
2C6
100
AcDbEntity
  8
500214
  6
Continuous
 62
     7
100
AcDbLine
 10
445509.2814589561
 20
-450.7858922932146
 30
0.0000000000007228
 11
445509.2814589561
 21
-510.0106676432087
 31
0.0000000000007228
  0
LINE
  5
304
330
2C6
100
AcDbEntity
  8
500214
  6
Continuous
 62
     7
100
AcDbLine
 10
445607.7659794122
 20
-444.8906676432097
 30
0.0000000000007228
 11
445607.7659794122
 21
-439.8906676432098
 31
0.0000000000007228
  0
LINE
  5
305
330
2C6
100
AcDbEntity
  8
500214
  6
Continuous
 62
     7
100
AcDbLine
 10
445607.7659794122
 20
-439.8906676432098
 30
0.0000000000007228
 11
445611.7659794122
 21
-439.8906676432098
 31
0.0000000000007228
  0
LINE
  5
306
330
2C6
100
AcDbEntity
  8
500214
  6
Continuous
 62
     7
100
AcDbLine
 10
445611.7659794122
 20
-439.8906676432098
 30
0.0000000000007228
 11
445611.7659794122
 21
-440.7858922932145
 31
0.0000000000007228
  0
LINE
  5
307
330
2C6
100
AcDbEntity
  8
3031000041
  6
Continuous
 62
     7
100
AcDbLine
 10
445405.2814589561
 20
-478.8906676432207
 30
0.0000000000007228
 11
445505.2814589561
 21
-478.8906676432207
 31
0.0000000000007228
  0
LINE
  5
308
330
2C6
100
AcDbEntity
  8
3031000041
  6
Continuous
 62
     7
100
AcDbLine
 10
445483.583570358
 20
-528.253959418912
 30
0.0000000000007228
 11
445411.7702245403
 21
-501.3239547372659
 31
0.0000000000007228
  0
LINE
  5
309
330
2C6
100
AcDbEntity
  8
3031000041
  6
Continuous
 62
     7
100
AcDbLine
 10
445487.0948047739
 20
-528.8906676432207
 30
0.0000000000007228
 11
445505.2814589561
 21
-528.8906676432207
 31
0.0000000000007228
  0
ARC
  5
30A
330
2C6
100
AcDbEntity
  8
3031000041
  6
Continuous
 62
     7
100
AcDbCircle
 10
445415.2814589561
 20
-491.9606629615746
 30
0.0000000000007228
 40
9.999999999999786
100
AcDbArc
 50
180.0
 51
249.443954780503
  0
ARC
  5
30B
330
2C6
100
AcDbEntity
  8
3031000041
  6
Continuous
 62
     7
100
AcDbCircle
 10
445487.0948047739
 20
-518.8906676432207
 30
0.0000000000007228
 40
10.00000000000022
100
AcDbArc
 50
249.4439547801478
 51
270.0
  0
LINE
  5
30C
330
2C6
100
AcDbEntity
  8
CONTORNO
100
AcDbLine
 10
446704.0318930611
 20
-712.901100393331
 30
0.0000000000007228
 11
451773.6401248968
 21
-1186.46579343647
 31
0.0000000000007228
  0
LINE
  5
30D
330
2C6
100
AcDbEntity
  8
CONTORNO
100
AcDbLine
 10
446704.0318930611
 20
-700.901100393331
 30
0.0000000000007228
 11
451775.0828718603
 21
-1178.465793436398
 31
0.0000000000007228
  0
LINE
  5
30E
330
2C6
100
AcDbEntity
  8
500192
  6
Continuous
 62
     7
100
AcDbLine
 10
451773.6401248968
 20
-1186.46579343647
 30
0.0000000000007228
 11
453805.5349947345
 21
-1186.46579343647
 31
0.0000000000007228
  0
LINE
  5
30F
330
2C6
100
AcDbEntity
  8
500192
  6
Continuous
 62
     7
100
AcDbLine
 10
454323.9325255926
 20
-1186.465793436472
 30
0.0000000000007228
 11
455055.5349947345
 21
-1186.465793436472
 31
0.0000000000007228
  0
LINE
  5
310
330
2C6
100
AcDbEntity
  8
500192
  6
Continuous
 62
     7
100
AcDbLine
 10
455573.9325255927
 20
-1186.46579343647
 30
0.0000000000007228
 11
455965.6212503301
 21
-1186.46579343647
 31
0.0000000000007228
  0
LINE
  5
311
330
2C6
100
AcDbEntity
  8
500192
  6
Continuous
 62
     7
100
AcDbLine
 10
454301.3769514874
 20
-1174.465793436472
 30
0.0000000000007228
 11
455078.0905688397
 21
-1174.465793436472
 31
0.0000000000007228
  0
LINE
  5
312
330
2C6
100
AcDbEntity
  8
500192
  6
Continuous
 62
     7
100
AcDbLine
 10
455551.3769514874
 20
-1174.46579343647
 30
0.0000000000007228
 11
455965.6148630315
 21
-1174.46579343647
 31
0.0000000000007228
  0
LINE
  5
313
330
2C6
100
AcDbEntity
  8
500184
  6
Continuous
 62
     7
100
AcDbLine
 10
454988.6725591549
 20
-938.1894978205991
 30
0.0000000000007228
 11
455965.6212503301
 21
-938.1748812304023
 31
0.0000000000007228
  0
LINE
  5
314
330
2C6
100
AcDbEntity
  8
500194
  6
Continuous
 62
     7
100
AcDbLine
 10
454984.3061759109
 20
-928.1657934364238
 30
0.0000000000007238
 11
455055.2376256615
 21
-928.1657934364238
 31
0.0000000000007228
  0
LINE
  5
315
330
2C6
100
AcDbEntity
  8
500194
  6
Continuous
 62
     7
100
AcDbLine
 10
455055.2376256615
 20
-928.1657934364238
 30
0.0000000000007228
 11
455056.8924358407
 21
-928.1657934364238
 31
0.0000000000007228
  0
LINE
  5
316
330
2C6
100
AcDbEntity
  8
500194
  6
Continuous
 62
     7
100
AcDbLine
 10
455515.8924362611
 20
-928.1657934364238
 30
0.0000000000007228
 11
455598.4611883593
 21
-928.1657934364238
 31
0.0000000000007228
  0
LINE
  5
317
330
2C6
100
AcDbEntity
  8
500194
  6
Continuous
 62
     7
100
AcDbLine
 10
455598.4611883593
 20
-928.1657934364238
 30
0.0000000000007228
 11
455965.6212503301
 21
-928.1657934364238
 31
0.0000000000007228
  0
LINE
  5
318
330
2C6
100
AcDbEntity
  8
500194
  6
Continuous
 62
     7
100
AcDbLine
 10
455587.0252529647
 20
-928.1657934364238
 30
0.0000000000007228
 11
455652.338627652
 21
-928.1657934364238
 31
0.0000000000007228
  0
LINE
  5
319
330
2C6
100
AcDbEntity
  8
PART_0000005593
  6
Continuous
 62
     7
100
AcDbLine
 10
455056.891838623
 20
-914.21092208989
 30
0.0000000000007228
 11
455091.4013101089
 21
-914.2094452098145
 31
0.0000000000007228
  0
LINE
  5
31A
330
2C6
100
AcDbEntity
  8
PART_0000005593
  6
Continuous
 62
     7
100
AcDbLine
 10
455091.4013101089
 20
-914.2094452098145
 30
0.0000000000007228
 11
455137.9693810471
 21
-914.2074522654775
 31
0.0000000000007228
  0
LINE
  5
31B
330
2C6
100
AcDbEntity
  8
PART_0000005593
  6
Continuous
 62
     7
100
AcDbLine
 10
455091.4013101089
 20
-914.2094452098145
 30
0.0000000000007228
 11
455091.4019092581
 21
-928.2094451969943
 31
0.0000000000007228
  0
LINE
  5
31C
330
2C6
100
AcDbEntity
  8
PART_0000005593
  6
Continuous
 62
     7
100
AcDbLine
 10
455056.891838623
 20
-914.21092208989
 30
0.0000000000007228
 11
455056.8924377721
 21
-928.2109220770699
 31
0.0000000000007228
  0
LINE
  5
31D
330
2C6
100
AcDbEntity
  8
PART_0000005593
  6
Continuous
 62
     7
100
AcDbLine
 10
455171.4839690069
 20
-875.8350640637264
 30
0.0000000000007228
 11
455167.8440023836
 21
-876.7761615415702
 31
0.0000000000007228
  0
LINE
  5
31E
330
2C6
100
AcDbEntity
  8
PART_0000005593
  6
Continuous
 62
     7
100
AcDbLine
 10
455401.0270546807
 20
-875.4564528399541
 30
0.0000000000007228
 11
455404.92994873
 21
-875.994612847241
 31
0.0000000000007228
  0
LINE
  5
31F
330
2C6
100
AcDbEntity
  8
PART_0000005593
  6
Continuous
 62
     7
100
AcDbLine
 10
455362.9267121656
 20
-851.5446583794592
 30
0.0000000000007228
 11
455373.7411221306
 21
-858.6046461242267
 31
0.0000000000007228
  0
LINE
  5
320
330
2C6
100
AcDbEntity
  8
PART_0000005593
  6
Continuous
 62
     7
100
AcDbLine
 10
455385.6946141173
 20
-866.4082625217316
 30
0.0000000000007228
 11
455419.9288595458
 21
-888.7574571572523
 31
0.0000000000007228
  0
LINE
  5
321
330
2C6
100
AcDbEntity
  8
PART_0000005593
  6
Continuous
 62
     7
100
AcDbLine
 10
455419.9288595458
 20
-888.7574571572523
 30
0.0000000000007228
 11
455458.3935345507
 21
-913.8684095827093
 31
0.0000000000007228
  0
LINE
  5
322
330
2C6
100
AcDbEntity
  8
PART_0000005593
  6
Continuous
 62
     7
100
AcDbLine
 10
455152.852639978
 20
-888.7688870496541
 30
0.0000000000007228
 11
455182.2279829405
 21
-869.5881510285152
 31
0.0000000000007228
  0
LINE
  5
323
330
2C6
100
AcDbEntity
  8
PART_0000005593
  6
Continuous
 62
     7
100
AcDbLine
 10
455195.1944403619
 20
-861.1216559395298
 30
0.0000000000007228
 11
455209.6170119446
 21
-851.7043858628067
 31
0.0000000000007228
  0
LINE
  5
324
330
2C6
100
AcDbEntity
  8
PART_0000005593
  6
Continuous
 62
     7
100
AcDbLine
 10
455137.9693810471
 20
-914.2074522654775
 30
0.0000000000007228
 11
455132.7955712286
 21
-914.2076736857461
 31
0.0000000000007228
  0
LINE
  5
325
330
2C6
100
AcDbEntity
  8
PART_0000005593
  6
Continuous
 62
     7
100
AcDbLine
 10
455114.3901144292
 20
-913.8831316799523
 30
0.0000000000007228
 11
455152.852639978
 21
-888.7688870496541
 31
0.0000000000007228
  0
ELLIPSE
  5
326
330
2C6
100
AcDbEntity
  8
PART_0000005593
  6
Continuous
 62
     7
100
AcDbEllipse
 10
455119.0449528381
 20
-922.7867210784216
 30
0.0000000000007228
 11
-16.39636987004741
 21
-10.70606877965738
 31
0.0
210
0.0
220
0.0
230
0.9999999999999998
 40
0.5106689855260428
 41
3.126579966204832
 42
4.484145841538103
  0
LINE
  5
327
330
2C6
100
AcDbEntity
  8
PART_0000005593
  6
Continuous
 62
     7
100
AcDbLine
 10
455459.4869282603
 20
-914.1936924819356
 30
0.0000000000007228
 11
455459.0413613762
 21
-914.1937115505761
 31
0.0000000000007228
  0
LINE
  5
328
330
2C6
100
AcDbEntity
  8
PART_0000005593
  6
Continuous
 62
     7
100
AcDbLine
 10
455459.0413613762
 20
-914.1937115505761
 30
0.0000000000007228
 11
455439.778026006
 21
-914.1945359513821
 31
0.0000000000007228
  0
ELLIPSE
  5
329
330
2C6
100
AcDbEntity
  8
PART_0000005593
  6
Continuous
 62
     7
100
AcDbEllipse
 10
455453.7394582413
 20
-922.772397368918
 30
0.0000000000007228
 11
16.39728617172148
 21
-10.70466533025784
 31
0.0
210
0.0
220
0.0
230
1.0
 40
0.5106689855260428
 41
1.79903946564487
 42
3.15660534098579
  0
ARC
  5
32A
330
2C6
100
AcDbEntity
  8
PART_0000005593
  6
Continuous
 62
     7
100
AcDbCircle
 10
455410.7204907888
 20
-879.7603648631675
 30
0.0000000000007228
 40
2.500000000003125
100
AcDbArc
 50
204.0700277316337
 51
236.8622311724775
  0
LINE
  5
32B
330
2C6
100
AcDbEntity
  8
PART_0000005593
  6
Continuous
 62
     7
100
AcDbLine
 10
455404.9364707048
 20
-876.7660148448531
 30
0.0000000000007228
 11
455401.2964235437
 21
-875.8252289251586
 31
0.0000000000007228
  0
LINE
  5
32C
330
2C6
100
AcDbEntity
  8
PART_0000005593
  6
Continuous
 62
     7
100
AcDbLine
 10
455406.8431015894
 20
-877.2098346309695
 30
0.0000000000007228
 11
455408.4378716487
 21
-880.7799970819514
 31
0.0000000000007228
  0
LINE
  5
32D
330
2C6
100
AcDbEntity
  8
PART_0000005593
  6
Continuous
 62
     7
100
AcDbLine
 10
455404.92994873
 20
-875.994612847241
 30
0.0000000000007228
 11
455405.2901962814
 21
-876.0442864541591
 31
0.0000000000007228
  0
ARC
  5
32E
330
2C6
100
AcDbEntity
  8
PART_0000005593
  6
Continuous
 62
     7
100
AcDbCircle
 10
455162.0602386154
 20
-879.7710066190385
 30
0.0000000000007228
 40
2.500000000000438
100
AcDbArc
 50
303.1426729304725
 51
335.9348763710666
  0
LINE
  5
32F
330
2C6
100
AcDbEntity
  8
PART_0000005593
  6
Continuous
 62
     7
100
AcDbLine
 10
455164.3429450203
 20
-880.7904434584679
 30
0.0000000000007228
 11
455165.9374094938
 21
-877.2201445198342
 31
0.0000000000007228
  0
LINE
  5
330
330
2C6
100
AcDbEntity
  8
PART_0000005593
  6
Continuous
 62
     7
100
AcDbLine
 10
455167.850458332
 20
-876.0047589885553
 30
0.0000000000007228
 11
455171.7533063045
 21
-875.4662649238644
 31
0.0000000000007228
  0
LINE
  5
331
330
2C6
100
AcDbEntity
  8
PART_0000005593
  6
Continuous
 62
     7
100
AcDbLine
 10
455167.4902150336
 20
-876.0544634298758
 30
0.0000000000007228
 11
455167.850458332
 21
-876.0047589885553
 31
0.0000000000007228
  0
SPLINE
  5
332
330
2C6
100
AcDbEntity
  8
PART_0000005593
  6
Continuous
 62
     7
100
AcDbSpline
210
0.0
220
0.0
230
1.0
 70
     8
 71
     3
 72
    20
 73
    16
 74
     0
 42
0.000000001
 43
0.0000000001
 40
0.0
 40
0.0
 40
0.0
 40
0.0
 40
0.0625000000000075
 40
0.0625000000000075
 40
0.125000000000015
 40
0.125000000000015
 40
0.2500000000000257
 40
0.2500000000000257
 40
0.3750000000000364
 40
0.3750000000000364
 40
0.5000000000000471
 40
0.5000000000000471
 40
0.7500000000000236
 40
0.7500000000000236
 40
1.0
 40
1.0
 40
1.0
 40
1.0
 10
455135.5215501708
 20
-912.2075570219212
 30
0.0000000000007228
 10
455135.5720473647
 20
-912.2900946148192
 30
0.0000000000007228
 10
455135.6118902639
 20
-912.3766926498401
 30
0.0000000000007228
 10
455135.6646599957
 20
-912.5600384813196
 30
0.0000000000007228
 10
455135.6763682945
 20
-912.6547515713072
 30
0.0000000000007228
 10
455135.6648313701
 20
-912.9327629261725
 30
0.0000000000007228
 10
455135.5951762986
 20
-913.1036774904687
 30
0.0000000000007228
 10
455135.4037094661
 20
-913.3862978963051
 30
0.0000000000007228
 10
455135.2809961929
 20
-913.5039201811204
 30
0.0000000000007228
 10
455135.018142242
 20
-913.701170195859
 30
0.0000000000007228
 10
455134.8742914208
 20
-913.7831859755724
 30
0.0000000000007228
 10
455134.4309705079
 20
-913.9883639888767
 30
0.0000000000007228
 10
455134.1179766249
 20
-914.0741824982587
 30
0.0000000000007228
 10
455133.4674954999
 20
-914.1849061101575
 30
0.0000000000007228
 10
455133.1346775965
 20
-914.207659173223
 30
0.0000000000007228
 10
455132.7955712286
 20
-914.2076736857461
 30
0.0000000000007228
  0
ARC
  5
333
330
2C6
100
AcDbEntity
  8
PART_0000005593
  6
Continuous
 62
     7
100
AcDbCircle
 10
455128.3759620189
 20
-934.2520477233092
 30
0.0000000000007228
 40
24.61202637862458
100
AcDbArc
 50
116.4081928689617
 51
124.3990594978475
  0
ARC
  5
334
330
2C6
100
AcDbEntity
  8
PART_0000005593
  6
Continuous
 62
     7
100
AcDbCircle
 10
455444.4070028839
 20
-934.2426605248229
 30
0.0000000000007228
 40
24.61681213192778
100
AcDbArc
 50
55.60662261778198
 51
63.59593322062358
  0
ARC
  5
335
330
2C6
100
AcDbEntity
  8
PART_0000005593
  6
Continuous
 62
     7
100
AcDbCircle
 10
455113.7070091416
 20
-912.9739012465625
 30
0.0000000000007228
 40
1.235092584833905
100
AcDbArc
 50
271.6380780277278
 51
308.2302190439999
  0
ARC
  5
336
330
2C6
100
AcDbEntity
  8
PART_0000005593
  6
Continuous
 62
     7
100
AcDbCircle
 10
455113.2966629727
 20
-912.2085081663872
 30
0.0000000000007228
 40
1.999999999999996
100
AcDbArc
 50
270.002452051253
 51
303.1426729296835
  0
ARC
  5
337
330
2C6
100
AcDbEntity
  8
PART_0000005593
  6
Continuous
 62
     7
100
AcDbCircle
 10
455459.4868426676
 20
-912.1936924837692
 30
0.0000000000007228
 40
1.999999999999996
100
AcDbArc
 50
236.8622311732272
 51
270.002452051253
  0
ARC
  5
338
330
2C6
100
AcDbEntity
  8
PART_0000005593
  6
Continuous
 62
     7
100
AcDbCircle
 10
455459.0765581242
 20
-912.9591314068575
 30
0.0000000000007228
 40
1.235081755330242
100
AcDbArc
 50
231.7745189530736
 51
268.3669921829697
  0
ARC
  5
339
330
2C6
100
AcDbEntity
  8
PART_0000005593
  6
Continuous
 62
     7
100
AcDbCircle
 10
455405.0170062773
 20
-878.0255404060053
 30
0.0000000000007228
 40
1.999999999999321
100
AcDbArc
 50
24.07002773299357
 51
82.14913874923908
  0
ARC
  5
33A
330
2C6
100
AcDbEntity
  8
PART_0000005593
  6
Continuous
 62
     7
100
AcDbCircle
 10
455405.0037381628
 20
-878.0432180326943
 30
0.0000000000007228
 40
2.01935279467396
100
AcDbArc
 50
24.3744488902852
 51
81.84471759600405
  0
ARC
  5
33B
330
2C6
100
AcDbEntity
  8
PART_0000005593
  6
Continuous
 62
     7
100
AcDbCircle
 10
455167.7635746176
 20
-878.0356939913808
 30
0.0000000000007228
 40
2.000000000000002
100
AcDbArc
 50
97.85576535281593
 51
155.9348763710552
  0
ARC
  5
33C
330
2C6
100
AcDbEntity
  8
PART_0000005593
  6
Continuous
 62
     7
100
AcDbCircle
 10
455167.7768442453
 20
-878.053370482482
 30
0.0000000000007228
 40
2.019352794829149
100
AcDbArc
 50
98.16018650939708
 51
155.6304552134971
  0
LINE
  5
33D
330
2C6
100
AcDbEntity
  8
PART_0000005593
  6
Continuous
 62
     7
100
AcDbLine
 10
455438.5402223195
 20
-900.9075414911249
 30
0.0000000000007228
 11
455438.0145324688
 21
-900.5643545843968
 31
0.0000000000007228
  0
LINE
  5
33E
330
2C6
100
AcDbEntity
  8
PART_0000005593
  6
Continuous
 62
     7
100
AcDbLine
 10
455364.4762001172
 20
-852.5562129612271
 30
0.0000000000007228
 11
455366.4325069623
 21
-853.8333517413894
 31
0.0000000000007228
  0
LINE
  5
33F
330
2C6
100
AcDbEntity
  8
PART_0000005593
  6
Continuous
 62
     7
100
AcDbLine
 10
455391.7547651711
 20
-870.3645201733642
 30
0.0000000000007228
 11
455393.7110720162
 21
-871.6416589535119
 31
0.0000000000007228
  0
LINE
  5
340
330
2C6
100
AcDbEntity
  8
PART_0000005593
  6
Continuous
 62
     7
100
AcDbLine
 10
455436.1519464644
 20
-899.3483997235935
 30
0.0000000000007228
 11
455438.3404952672
 21
-900.7771533751265
 31
0.0000000000007228
  0
LINE
  5
341
330
2C6
100
AcDbEntity
  8
PART_0000005593
  6
Continuous
 62
     7
100
AcDbLine
 10
455443.6828215273
 20
-904.2647923722006
 30
0.0000000000007228
 11
455438.3711479125
 21
-900.7971643882237
 31
0.0000000000007228
  0
LINE
  5
342
330
2C6
100
AcDbEntity
  8
PART_0000005593
  6
Continuous
 62
     7
100
AcDbLine
 10
455438.3711479125
 20
-900.7971643882237
 30
0.0000000000007228
 11
455436.1519464644
 21
-899.3483997235935
 31
0.0000000000007228
  0
LINE
  5
343
330
2C6
100
AcDbEntity
  8
PART_0000005593
  6
Continuous
 62
     7
100
AcDbLine
 10
455419.4221730408
 20
-888.4266762337547
 30
0.0000000000007228
 11
455420.7055719838
 21
-889.2645195223204
 31
0.0000000000007228
  0
LINE
  5
344
330
2C6
100
AcDbEntity
  8
PART_0000005593
  6
Continuous
 62
     7
100
AcDbLine
 10
455422.630897103
 20
-890.5214324552407
 30
0.0000000000007228
 11
455420.4513242561
 21
-889.0985385906432
 31
0.0000000000007228
  0
LINE
  5
345
330
2C6
100
AcDbEntity
  8
PART_0000005593
  6
Continuous
 62
     7
100
AcDbLine
 10
455423.8706877389
 20
-891.3308068661763
 30
0.0000000000007228
 11
455429.039766477
 21
-894.7053444193635
 31
0.0000000000007228
  0
LINE
  5
346
330
2C6
100
AcDbEntity
  8
PART_0000005593
  6
Continuous
 62
     7
100
AcDbLine
 10
455429.039766477
 20
-894.7053444193635
 30
0.0000000000007228
 11
455425.7332737432
 21
-892.5467617269942
 31
0.0000000000007228
  0
LINE
  5
347
330
2C6
100
AcDbEntity
  8
PART_0000005593
  6
Continuous
 62
     7
100
AcDbLine
 10
455429.039766477
 20
-894.7053444193635
 30
0.0000000000007228
 11
455425.7332737432
 21
-892.5467617269942
 31
0.0000000000007228
  0
LINE
  5
348
330
2C6
100
AcDbEntity
  8
PART_0000005593
  6
Continuous
 62
     7
100
AcDbLine
 10
455429.039766477
 20
-894.7053444193635
 30
0.0000000000007228
 11
455423.8706877389
 21
-891.3308068661763
 31
0.0000000000007228
  0
LINE
  5
349
330
2C6
100
AcDbEntity
  8
PART_0000005593
  6
Continuous
 62
     7
100
AcDbLine
 10
455430.4836732065
 20
-895.6479722509438
 30
0.0000000000007228
 11
455432.3462592107
 21
-896.8639271117472
 31
0.0000000000007228
  0
LINE
  5
34A
330
2C6
100
AcDbEntity
  8
PART_0000005593
  6
Continuous
 62
     7
100
AcDbLine
 10
455434.9442177874
 20
-898.5599563700425
 30
0.0000000000007228
 11
455430.4836732065
 21
-895.6479722509438
 31
0.0000000000007228
  0
LINE
  5
34B
330
2C6
100
AcDbEntity
  8
PART_0000005593
  6
Continuous
 62
     7
100
AcDbLine
 10
455387.2089482463
 20
-867.0983096919126
 30
0.0000000000007228
 11
455387.2816641031
 21
-867.1457808955938
 31
0.0000000000007228
  0
LINE
  5
34C
330
2C6
100
AcDbEntity
  8
PART_0000005593
  6
Continuous
 62
     7
100
AcDbLine
 10
455399.4179953874
 20
-875.0687605505854
 30
0.0000000000007228
 11
455401.0712417542
 21
-876.1480518967774
 31
0.0000000000007228
  0
LINE
  5
34D
330
2C6
100
AcDbEntity
  8
PART_0000005593
  6
Continuous
 62
     7
100
AcDbLine
 10
455401.0712417542
 20
-876.1480518967774
 30
0.0000000000007228
 11
455402.5151484838
 21
-877.0906797283432
 31
0.0000000000007228
  0
LINE
  5
34E
330
2C6
100
AcDbEntity
  8
PART_0000005593
  6
Continuous
 62
     7
100
AcDbLine
 10
455402.5151484838
 20
-877.0906797283432
 30
0.0000000000007228
 11
455404.1683948507
 21
-878.1699710745352
 31
0.0000000000007228
  0
LINE
  5
34F
330
2C6
100
AcDbEntity
  8
PART_0000005593
  6
Continuous
 62
     7
100
AcDbLine
 10
455404.1683948507
 20
-878.1699710745352
 30
0.0000000000007228
 11
455399.4179953874
 21
-875.0687605505854
 31
0.0000000000007228
  0
LINE
  5
350
330
2C6
100
AcDbEntity
  8
PART_0000005593
  6
Continuous
 62
     7
100
AcDbLine
 10
455411.9034216022
 20
-883.2196403812895
 30
0.0000000000007228
 11
455413.9897309569
 21
-884.5816488980389
 31
0.0000000000007228
  0
LINE
  5
351
330
2C6
100
AcDbEntity
  8
PART_0000005593
  6
Continuous
 62
     7
100
AcDbLine
 10
455413.9897309569
 20
-884.5816488980389
 30
0.0000000000007228
 11
455415.5402054526
 21
-885.593847526853
 31
0.0000000000007228
  0
LINE
  5
352
330
2C6
100
AcDbEntity
  8
PART_0000005593
  6
Continuous
 62
     7
100
AcDbLine
 10
455415.5402054526
 20
-885.593847526853
 30
0.0000000000007228
 11
455417.2041086991
 21
-886.6800960199952
 31
0.0000000000007228
  0
LINE
  5
353
330
2C6
100
AcDbEntity
  8
PART_0000005593
  6
Continuous
 62
     7
100
AcDbLine
 10
455417.2041086991
 20
-886.6800960199952
 30
0.0000000000007228
 11
455418.8583155396
 21
-887.760014393706
 31
0.0000000000007228
  0
LINE
  5
354
330
2C6
100
AcDbEntity
  8
PART_0000005593
  6
Continuous
 62
     7
100
AcDbLine
 10
455418.8583155396
 20
-887.760014393706
 30
0.0000000000007228
 11
455420.4215529289
 21
-888.7805450417408
 31
0.0000000000007228
  0
LINE
  5
355
330
2C6
100
AcDbEntity
  8
PART_0000005593
  6
Continuous
 62
     7
100
AcDbLine
 10
455420.4215529289
 20
-888.7805450417408
 30
0.0000000000007228
 11
455422.5042558715
 21
-890.1401991790381
 31
0.0000000000007228
  0
LINE
  5
356
330
2C6
100
AcDbEntity
  8
PART_0000005593
  6
Continuous
 62
     7
100
AcDbLine
 10
455421.0086895129
 20
-889.1638463130266
 30
0.0000000000007228
 11
455419.572350571
 21
-888.2261589718154
 31
0.0000000000007228
  0
LINE
  5
357
330
2C6
100
AcDbEntity
  8
PART_0000005593
  6
Continuous
 62
     7
100
AcDbLine
 10
455419.572350571
 20
-888.2261589718154
 30
0.0000000000007228
 11
455417.9313771802
 21
-887.1548798112971
 31
0.0000000000007228
  0
LINE
  5
358
330
2C6
100
AcDbEntity
  8
PART_0000005593
  6
Continuous
 62
     7
100
AcDbLine
 10
455416.4853524516
 20
-886.2108692831288
 30
0.0000000000007228
 11
455414.8351148474
 21
-885.1335421521117
 31
0.0000000000007228
  0
LINE
  5
359
330
2C6
100
AcDbEntity
  8
PART_0000005593
  6
Continuous
 62
     7
100
AcDbLine
 10
455414.8351148474
 20
-885.1335421521117
 30
0.0000000000007228
 11
455413.3952971503
 21
-884.1935837698011
 31
0.0000000000007228
  0
LINE
  5
35A
330
2C6
100
AcDbEntity
  8
PART_0000005593
  6
Continuous
 62
     7
100
AcDbLine
 10
455424.2166908909
 20
-891.2581307434347
 30
0.0000000000007228
 11
455428.9670903542
 21
-894.3593412673845
 31
0.0000000000007228
  0
LINE
  5
35B
330
2C6
100
AcDbEntity
  8
PART_0000005593
  6
Continuous
 62
     7
100
AcDbLine
 10
455428.9670903542
 20
-894.3593412673845
 30
0.0000000000007228
 11
455425.6605976204
 21
-892.2007585750007
 31
0.0000000000007228
  0
LINE
  5
35C
330
2C6
100
AcDbEntity
  8
PART_0000005593
  6
Continuous
 62
     7
100
AcDbLine
 10
455428.9670903542
 20
-894.3593412673845
 30
0.0000000000007228
 11
455425.6605976204
 21
-892.2007585750007
 31
0.0000000000007228
  0
LINE
  5
35D
330
2C6
100
AcDbEntity
  8
PART_0000005593
  6
Continuous
 62
     7
100
AcDbLine
 10
455428.9670903542
 20
-894.3593412673845
 30
0.0000000000007228
 11
455424.2166908909
 21
-891.2581307434347
 31
0.0000000000007228
  0
LINE
  5
35E
330
2C6
100
AcDbEntity
  8
PART_0000005593
  6
Continuous
 62
     7
100
AcDbLine
 10
455430.8296763585
 20
-895.5752961281877
 30
0.0000000000007228
 11
455434.8715416646
 21
-898.2139532180635
 31
0.0000000000007228
  0
LINE
  5
35F
330
2C6
100
AcDbEntity
  8
PART_0000005593
  6
Continuous
 62
     7
100
AcDbLine
 10
455434.8715416646
 20
-898.2139532180635
 30
0.0000000000007228
 11
455432.2735830881
 21
-896.5179239597683
 31
0.0000000000007228
  0
LINE
  5
360
330
2C6
100
AcDbEntity
  8
PART_0000005593
  6
Continuous
 62
     7
100
AcDbLine
 10
455436.4979496164
 20
-899.275723600852
 30
0.0000000000007228
 11
455438.507374854
 21
-900.5875397422251
 31
0.0000000000007228
  0
LINE
  5
361
330
2C6
100
AcDbEntity
  8
PART_0000005593
  6
Continuous
 62
     7
100
AcDbLine
 10
455438.4764440089
 20
-900.567347111505
 30
0.0000000000007228
 11
455436.4979496164
 21
-899.2757236008374
 31
0.0000000000007228
  0
LINE
  5
362
330
2C6
100
AcDbEntity
  8
PART_0000005593
  6
Continuous
 62
     7
100
AcDbLine
 10
455437.941856346
 20
-900.2183514324178
 30
0.0000000000007228
 11
455438.6782429609
 21
-900.6990878289261
 31
0.0000000000007228
  0
ARC
  5
363
330
2C6
100
AcDbEntity
  8
PART_0000005593
  6
Continuous
 62
     7
100
AcDbCircle
 10
455430.7613446012
 20
-895.6799659468716
 30
0.0000000000007228
 40
0.1250000000000191
100
AcDbArc
 50
56.86223116127965
 51
146.8622311482591
  0
ARC
  5
364
330
2C6
100
AcDbEntity
  8
PART_0000005593
  6
Continuous
 62
     7
100
AcDbCircle
 10
455434.8032099073
 20
-898.3186230367474
 30
0.0000000000007228
 40
0.1249999999997744
100
AcDbArc
 50
326.8622311967048
 51
56.86223116119418
  0
LINE
  5
365
330
2C6
100
AcDbEntity
  8
PART_0000005593
  6
Continuous
 62
     7
100
AcDbLine
 10
455434.907879726
 20
-898.3869547940603
 30
0.0000000000007228
 11
455430.6566747825
 21
-895.6116341895731
 31
0.0000000000007228
  0
ARC
  5
366
330
2C6
100
AcDbEntity
  8
PART_0000005593
  6
Continuous
 62
     7
100
AcDbCircle
 10
455435.0125495447
 20
-898.4552865513588
 30
0.0000000000007228
 40
0.1250000000001121
100
AcDbArc
 50
146.8622311963121
 51
236.8622311613081
  0
ARC
  5
367
330
2C6
100
AcDbEntity
  8
PART_0000005593
  6
Continuous
 62
     7
100
AcDbCircle
 10
455430.5520049639
 20
-895.5433024322601
 30
0.0000000000007228
 40
0.1249999999997441
100
AcDbArc
 50
236.8622311611942
 51
326.86223114791
  0
ARC
  5
368
330
2C6
100
AcDbEntity
  8
PART_0000005593
  6
Continuous
 62
     7
100
AcDbCircle
 10
455424.1483591336
 20
-891.3628005621186
 30
0.0000000000007228
 40
0.1250000000000656
100
AcDbArc
 50
56.86223116130813
 51
146.8622311963557
  0
ARC
  5
369
330
2C6
100
AcDbEntity
  8
PART_0000005593
  6
Continuous
 62
     7
100
AcDbCircle
 10
455428.8987585969
 20
-894.4640110860682
 30
0.0000000000007228
 40
0.1249999999999565
100
AcDbArc
 50
326.8622311963994
 51
56.86223116127965
  0
LINE
  5
36A
330
2C6
100
AcDbEntity
  8
PART_0000005593
  6
Continuous
 62
     7
100
AcDbLine
 10
455429.0034284156
 20
-894.5323428433813
 30
0.0000000000007228
 11
455424.0436893149
 21
-891.2944688048055
 31
0.0000000000007228
  0
ARC
  5
36B
330
2C6
100
AcDbEntity
  8
PART_0000005593
  6
Continuous
 62
     7
100
AcDbCircle
 10
455429.1080982343
 20
-894.6006746006796
 30
0.0000000000007228
 40
0.1249999999997867
100
AcDbArc
 50
146.8622311483464
 51
236.8622311612227
  0
ARC
  5
36C
330
2C6
100
AcDbEntity
  8
PART_0000005593
  6
Continuous
 62
     7
100
AcDbCircle
 10
455423.9390194962
 20
-891.2261370474926
 30
0.0000000000007228
 40
0.1249999999999869
100
AcDbArc
 50
236.8622311612796
 51
326.8622311483028
  0
ELLIPSE
  5
36D
330
2C6
100
AcDbEntity
  8
PART_0000005593
  6
Continuous
 62
     7
100
AcDbEllipse
 10
455422.4359241142
 20
-890.2448689977218
 30
0.0000000000007228
 11
0.1316523730663377
 21
-0.0859468194209234
 31
0.0
210
0.0
220
0.0
230
1.0
 40
0.7950469577290065
 41
0.0000017564512203
 42
1.57079632708182
  0
ELLIPSE
  5
36E
330
2C6
100
AcDbEntity
  8
PART_0000005593
  6
Continuous
 62
     7
100
AcDbEllipse
 10
455420.3532211715
 20
-888.8852148604247
 30
0.0000000000007228
 11
-0.0683317573075826
 21
-0.104669818683456
 31
0.0
210
0.0
220
0.0
230
0.9999999999999998
 40
0.7950469577301838
 41
1.570796326740411
 42
3.141592653349504
  0
LINE
  5
36F
330
2C6
100
AcDbEntity
  8
PART_0000005593
  6
Continuous
 62
     7
100
AcDbLine
 10
455422.5675764874
 20
-890.3308158171322
 30
0.0000000000007228
 11
455420.4364385925
 21
-888.9395418161921
 31
0.0000000000007228
  0
ELLIPSE
  5
370
330
2C6
100
AcDbEntity
  8
PART_0000005593
  6
Continuous
 62
     7
100
AcDbEllipse
 10
455422.6992288604
 20
-890.416762636557
 30
0.0000000000007228
 11
0.1316523730663377
 21
-0.0859468194208679
 31
0.0
210
0.0
220
0.0
230
1.0
 40
0.7950469577294555
 41
3.141590639803121
 42
4.712388980671377
  0
ELLIPSE
  5
371
330
2C6
100
AcDbEntity
  8
PART_0000005593
  6
Continuous
 62
     7
100
AcDbEllipse
 10
455418.7899837824
 20
-887.8646842123899
 30
0.0000000000007228
 11
-0.0683317573084708
 21
-0.104669818683123
 31
0.0
210
0.0
220
0.0
230
1.0
 40
0.7700137365456185
 41
3.141594254479589
 42
4.712388979999917
  0
LINE
  5
372
330
2C6
100
AcDbEntity
  8
PART_0000005593
  6
Continuous
 62
     7
100
AcDbLine
 10
455420.4364385925
 20
-888.9395418161921
 30
0.0000000000007228
 11
455418.7093865842
 21
-887.8120678206224
 31
0.0000000000007228
  0
ELLIPSE
  5
373
330
2C6
100
AcDbEntity
  8
PART_0000005593
  6
Continuous
 62
     7
100
AcDbEllipse
 10
455420.5196560134
 20
-888.993868771945
 30
0.0000000000007228
 11
-0.0683317573066944
 21
-0.1046698186838446
 31
0.0
210
0.0
220
0.0
230
1.0
 40
0.7950469577274393
 41
4.71238898032793
 42
6.283185306929051
  0
ELLIPSE
  5
374
330
2C6
100
AcDbEntity
  8
PART_0000005593
  6
Continuous
 62
     7
100
AcDbEllipse
 10
455417.1357769418
 20
-886.7847658386791
 30
0.0000000000007228
 11
-0.0683317573075826
 21
-0.1046698186836781
 31
0.0
210
0.0
220
0.0
230
1.0
 40
0.002824691872704
 41
3.141590616788781
 42
4.712388980483159
  0
LINE
  5
375
330
2C6
100
AcDbEntity
  8
PART_0000005593
  6
Continuous
 62
     7
100
AcDbLine
 10
455418.7093865842
 20
-887.8120678206224
 30
0.0000000000007228
 11
455417.1354812818
 21
-886.784572822512
 31
0.0000000000007228
  0
ELLIPSE
  5
376
330
2C6
100
AcDbEntity
  8
PART_0000005593
  6
Continuous
 62
     7
100
AcDbEllipse
 10
455418.628789386
 20
-887.7594514288402
 30
0.0000000000007228
 11
-0.0683317573084707
 21
-0.1046698186831784
 31
0.0
210
0.0
220
0.0
230
0.9999999999999998
 40
0.7700137365453069
 41
6.283185306943371
 42
7.853981633588762
  0
ELLIPSE
  5
377
330
2C6
100
AcDbEntity
  8
PART_0000005593
  6
Continuous
 62
     7
100
AcDbEllipse
 10
455411.8350898448
 20
-883.3243101999732
 30
0.0000000000007228
 11
0.1317037686554556
 21
-0.085980372082406
 31
0.0
210
0.0
220
0.0
230
0.9999999999999998
 40
0.7947367015546714
 41
1.570796326640367
 42
3.141594977805816
  0
ELLIPSE
  5
378
330
2C6
100
AcDbEntity
  8
PART_0000005593
  6
Continuous
 62
     7
100
AcDbEllipse
 10
455413.9213991996
 20
-884.6863187167228
 30
0.0000000000007228
 11
0.0683317573066944
 21
0.1046698186837336
 31
0.0
210
0.0
220
0.0
230
1.0
 40
0.7947367015626079
 41
6.283185306929564
 42
7.853981633841941
  0
ELLIPSE
  5
379
330
2C6
100
AcDbEntity
  8
PART_0000005593
  6
Continuous
 62
     7
100
AcDbEllipse
 10
455415.4718736953
 20
-885.6985173455369
 30
0.0000000000007228
 11
-0.0683317573058062
 21
-0.1046698186842887
 31
0.0
210
0.0
220
0.0
230
0.9999999999999998
 40
0.7688613577530303
 41
1.57079632676551
 42
3.141591027369036
  0
LINE
  5
37A
330
2C6
100
AcDbEntity
  8
PART_0000005593
  6
Continuous
 62
     7
100
AcDbLine
 10
455417.1354812818
 20
-886.784572822512
 30
0.0000000000007228
 11
455415.5523502742
 21
-885.7510549932385
 31
0.0000000000007228
  0
ELLIPSE
  5
37B
330
2C6
100
AcDbEntity
  8
PART_0000005593
  6
Continuous
 62
     7
100
AcDbEllipse
 10
455417.1351856218
 20
-886.7843798063596
 30
0.0000000000007228
 11
-0.0683317573075826
 21
-0.1046698186836781
 31
0.0
210
0.0
220
0.0
230
1.0
 40
0.002824691872704
 41
6.283185239555493
 42
7.853981634072952
  0
ELLIPSE
  5
37C
330
2C6
100
AcDbEntity
  8
PART_0000005593
  6
Continuous
 62
     7
100
AcDbEllipse
 10
455411.5716823075
 20
-883.1523494558105
 30
0.0000000000007228
 11
0.1317037686554556
 21
-0.0859803720824615
 31
0.0
210
0.0
220
0.0
230
1.0
 40
0.7947367015559838
 41
4.712388980673835
 42
6.283185307179586
  0
LINE
  5
37D
330
2C6
100
AcDbEntity
  8
PART_0000005593
  6
Continuous
 62
     7
100
AcDbLine
 10
455415.5523502742
 20
-885.7510549932385
 30
0.0000000000007228
 11
455413.8382142531
 21
-884.632012961306
 31
0.0000000000007228
  0
ELLIPSE
  5
37E
330
2C6
100
AcDbEntity
  8
PART_0000005593
  6
Continuous
 62
     7
100
AcDbEllipse
 10
455415.6328268531
 20
-885.8035926409401
 30
0.0000000000007228
 11
-0.0683317573075826
 21
-0.1046698186837891
 31
0.0
210
0.0
220
0.0
230
1.0
 40
0.7688613577537492
 41
4.712388980357754
 42
6.283183378647327
  0
ELLIPSE
  5
37F
330
2C6
100
AcDbEntity
  8
PART_0000005593
  6
Continuous
 62
     7
100
AcDbEllipse
 10
455413.7550293066
 20
-884.577707205889
 30
0.0000000000007228
 11
0.0683317573075826
 21
0.1046698186835671
 31
0.0
210
0.0
220
0.0
230
1.0
 40
0.7947367015550807
 41
3.141592654049632
 42
4.71238898027421
  0
LINE
  5
380
330
2C6
100
AcDbEntity
  8
PART_0000005593
  6
Continuous
 62
     7
100
AcDbLine
 10
455404.2047329121
 20
-878.3429726505319
 30
0.0000000000007228
 11
455402.5514865452
 21
-877.26368130434
 31
0.0000000000007228
  0
ARC
  5
381
330
2C6
100
AcDbEntity
  8
PART_0000005593
  6
Continuous
 62
     7
100
AcDbCircle
 10
455404.1000630934
 20
-878.2746408932188
 30
0.0000000000007228
 40
0.1250000000002516
100
AcDbArc
 50
326.8622311962248
 51
56.86223119322059
  0
ARC
  5
382
330
2C6
100
AcDbEntity
  8
PART_0000005593
  6
Continuous
 62
     7
100
AcDbCircle
 10
455402.4468167265
 20
-877.195349547027
 30
0.0000000000007228
 40
0.1249999999999262
100
AcDbArc
 50
326.8622311966612
 51
56.86223116125116
  0
ARC
  5
383
330
2C6
100
AcDbEntity
  8
PART_0000005593
  6
Continuous
 62
     7
100
AcDbCircle
 10
455404.3094027308
 20
-878.4113044078303
 30
0.0000000000007228
 40
0.1249999999998351
100
AcDbArc
 50
146.8622311483464
 51
236.8622311612227
  0
ARC
  5
384
330
2C6
100
AcDbEntity
  8
PART_0000005593
  6
Continuous
 62
     7
100
AcDbCircle
 10
455401.002909997
 20
-876.2527217154465
 30
0.0000000000007228
 40
0.1249999999998655
100
AcDbArc
 50
56.86223119310665
 51
146.8622311966611
  0
LINE
  5
385
330
2C6
100
AcDbEntity
  8
PART_0000005593
  6
Continuous
 62
     7
100
AcDbLine
 10
455402.5514865452
 20
-877.26368130434
 30
0.0000000000007228
 11
455400.8982401783
 21
-876.1843899581482
 31
0.0000000000007228
  0
ARC
  5
386
330
2C6
100
AcDbEntity
  8
PART_0000005593
  6
Continuous
 62
     7
100
AcDbCircle
 10
455402.6561563639
 20
-877.3320130616385
 30
0.0000000000007228
 40
0.1249999999998797
100
AcDbArc
 50
146.8622311966611
 51
236.8622311612227
  0
ARC
  5
387
330
2C6
100
AcDbEntity
  8
PART_0000005593
  6
Continuous
 62
     7
100
AcDbCircle
 10
455399.3496636301
 20
-875.1734303692693
 30
0.0000000000007228
 40
0.1249999999996938
100
AcDbArc
 50
56.86223116119418
 51
146.8622311967048
  0
ARC
  5
388
330
2C6
100
AcDbEntity
  8
PART_0000005593
  6
Continuous
 62
     7
100
AcDbCircle
 10
455400.7935703596
 20
-876.1160582008351
 30
0.0000000000007228
 40
0.1250000000004375
100
AcDbArc
 50
236.8622311613936
 51
326.8622311961812
  0
ARC
  5
389
330
2C6
100
AcDbEntity
  8
PART_0000005593
  6
Continuous
 62
     7
100
AcDbCircle
 10
455399.1403239927
 20
-875.0367668546433
 30
0.0000000000007228
 40
0.1249999999998655
100
AcDbArc
 50
236.8622311612227
 51
326.8622311478664
  0
ARC
  5
38A
330
2C6
100
AcDbEntity
  8
PART_0000005593
  6
Continuous
 62
     7
100
AcDbCircle
 10
455398.4317645095
 20
-874.5742187398182
 30
0.0000000000007228
 40
0.1250183004076528
100
AcDbArc
 50
326.8706174096894
 51
56.87191255173018
  0
ARC
  5
38B
330
2C6
100
AcDbEntity
  8
PART_0000005593
  6
Continuous
 62
     7
100
AcDbCircle
 10
455389.0759213891
 20
-868.4664200431624
 30
0.0000000000007228
 40
0.125010454248629
100
AcDbArc
 50
56.85667383088846
 51
146.8574399671454
  0
ARC
  5
38C
330
2C6
100
AcDbEntity
  8
PART_0000005593
  6
Continuous
 62
     7
100
AcDbCircle
 10
455380.0975800853
 20
-862.5704289483737
 30
0.0000000000007228
 40
16.36517195227663
100
AcDbArc
 50
326.7606949433574
 51
327.1983319494218
  0
ARC
  5
38D
330
2C6
100
AcDbEntity
  8
PART_0000005593
  6
Continuous
 62
     7
100
AcDbCircle
 10
455371.1531994557
 20
-856.7659115276956
 30
0.0000000000007228
 40
0.1250183004073065
100
AcDbArc
 50
326.8706174105621
 51
56.87191255161627
  0
ARC
  5
38E
330
2C6
100
AcDbEntity
  8
PART_0000005593
  6
Continuous
 62
     7
100
AcDbCircle
 10
455352.8190153877
 20
-844.7621219678886
 30
0.0000000000007228
 40
16.36517152731913
100
AcDbArc
 50
326.7606949382387
 51
327.1983319552982
  0
ARC
  5
38F
330
2C6
100
AcDbEntity
  8
PART_0000005593
  6
Continuous
 62
     7
100
AcDbCircle
 10
455387.2133323458
 20
-867.2504507142775
 30
0.0000000000007228
 40
0.1249999999998048
100
AcDbArc
 50
326.8622311967048
 51
56.86223116122267
  0
ARC
  5
390
330
2C6
100
AcDbEntity
  8
PART_0000005593
  6
Continuous
 62
     7
100
AcDbCircle
 10
455387.4226719831
 20
-867.387114228889
 30
0.0000000000007228
 40
0.1250000000000191
100
AcDbArc
 50
146.8622311482591
 51
236.8622311612796
  0
ARC
  5
391
330
2C6
100
AcDbEntity
  8
PART_0000005593
  6
Continuous
 62
     7
100
AcDbCircle
 10
455443.5417857678
 20
-904.0234512607613
 30
0.0000000000007228
 40
0.1250087277013421
100
AcDbArc
 50
326.8662311800392
 51
56.86688003281282
  0
ARC
  5
392
330
2C6
100
AcDbEntity
  8
PART_0000005593
  6
Continuous
 62
     7
100
AcDbCircle
 10
455436.4296178591
 20
-899.3803934195357
 30
0.0000000000007228
 40
0.1250000000000449
100
AcDbArc
 50
56.86223119316363
 51
146.8622311963557
  0
ELLIPSE
  5
393
330
2C6
100
AcDbEntity
  8
PART_0000005593
  6
Continuous
 62
     7
100
AcDbEllipse
 10
455438.4390430967
 20
-900.6922095609088
 30
0.0000000000007228
 11
-0.0683317573075826
 21
-0.1046698186831785
 31
0.0
210
0.0
220
0.0
230
1.0
 40
0.0041709180509727
 41
1.570796326493163
 42
3.141601801007448
  0
LINE
  5
394
330
2C6
100
AcDbEntity
  8
PART_0000005593
  6
Continuous
 62
     7
100
AcDbLine
 10
455443.6464676653
 20
-904.0917804810643
 30
0.0000000000007228
 11
455443.6301776424
 21
-904.0811458405705
 31
0.0000000000007228
  0
LINE
  5
395
330
2C6
100
AcDbEntity
  8
PART_0000005593
  6
Continuous
 62
     7
100
AcDbLine
 10
455438.7466071684
 20
-900.8929970827058
 30
0.0000000000007228
 11
455438.439479666
 21
-900.6924945670517
 31
0.0000000000007228
  0
ARC
  5
396
330
2C6
100
AcDbEntity
  8
PART_0000005593
  6
Continuous
 62
     7
100
AcDbCircle
 10
455443.7511495627
 20
-904.1601097013671
 30
0.0000000000007228
 40
0.1250087276762264
100
AcDbArc
 50
146.8662311490504
 51
236.8668797067328
  0
LINE
  5
397
330
2C6
100
AcDbEntity
  8
PART_0000005593
  6
Continuous
 62
     7
100
AcDbLine
 10
455438.439479666
 20
-900.6924945670517
 30
0.0000000000007228
 11
455436.3249480404
 21
-899.3120616622228
 31
0.0000000000007228
  0
LINE
  5
398
330
2C6
100
AcDbEntity
  8
PART_0000005593
  6
Continuous
 62
     7
100
AcDbLine
 10
455438.3711479125
 20
-900.7971643882237
 30
0.0000000000007228
 11
455438.439479666
 21
-900.6924945670517
 31
0.0000000000007228
  0
ARC
  5
399
330
2C6
100
AcDbEntity
  8
PART_0000005593
  6
Continuous
 62
     7
100
AcDbCircle
 10
455436.2202782217
 20
-899.2437299049097
 30
0.0000000000007228
 40
0.1249999999997138
100
AcDbArc
 50
236.8622311611942
 51
326.86223114791
  0
LINE
  5
39A
330
2C6
100
AcDbEntity
  8
PART_0000005593
  6
Continuous
 62
     7
100
AcDbLine
 10
455461.9101666822
 20
-914.1935887761256
 30
0.0000000000007228
 11
455460.8013284155
 21
-914.1936362303868
 31
0.0000000000007228
  0
LINE
  5
39B
330
2C6
100
AcDbEntity
  8
PART_0000005593
  6
Continuous
 62
     7
100
AcDbLine
 10
455460.8013284155
 20
-914.1936362303868
 30
0.0000000000007228
 11
455461.9249888909
 21
-914.193588141793
 31
0.0000000000007228
  0
LINE
  5
39C
330
2C6
100
AcDbEntity
  8
PART_0000005593
  6
Continuous
 62
     7
100
AcDbLine
 10
455465.3309313756
 20
-913.9434423795947
 30
0.0000000000007228
 11
455464.6408773836
 21
-913.9434719113969
 31
0.0000000000007228
  0
LINE
  5
39D
330
2C6
100
AcDbEntity
  8
PART_0000005593
  6
Continuous
 62
     7
100
AcDbLine
 10
455461.9261607743
 20
-913.9435880914144
 30
0.0000000000007228
 11
455460.5510232463
 21
-913.9436469423134
 31
0.0000000000007228
  0
LINE
  5
39E
330
2C6
100
AcDbEntity
  8
PART_0000005593
  6
Continuous
 62
     7
100
AcDbLine
 10
455461.910133812
 20
-913.9435887773043
 30
0.0000000000007228
 11
455463.3397966475
 21
-913.9435275929328
 31
0.0000000000007228
  0
LINE
  5
39F
330
2C6
100
AcDbEntity
  8
PART_0000005593
  6
Continuous
 62
     7
100
AcDbLine
 10
455463.3397966475
 20
-913.9435275929328
 30
0.0000000000007228
 11
455461.9261607743
 21
-913.9435880914144
 31
0.0000000000007228
  0
LINE
  5
3A0
330
2C6
100
AcDbEntity
  8
PART_0000005593
  6
Continuous
 62
     7
100
AcDbLine
 10
455466.7236593648
 20
-913.9433827758958
 30
0.0000000000007228
 11
455465.0639732986
 21
-913.9434538044342
 31
0.0000000000007228
  0
LINE
  5
3A1
330
2C6
100
AcDbEntity
  8
PART_0000005593
  6
Continuous
 62
     7
100
AcDbLine
 10
455465.0639732986
 20
-913.9434538044342
 30
0.0000000000007228
 11
455466.7674715657
 21
-913.9433809008961
 31
0.0000000000007228
  0
LINE
  5
3A2
330
2C6
100
AcDbEntity
  8
PART_0000005593
  6
Continuous
 62
     7
100
AcDbLine
 10
455459.1088627229
 20
-913.9437086615407
 30
0.0000000000007228
 11
455460.6921960547
 21
-913.9436409006203
 31
0.0000000000007228
  0
LINE
  5
3A3
330
2C6
100
AcDbEntity
  8
PART_0000005593
  6
Continuous
 62
     7
100
AcDbLine
 10
455460.6921960547
 20
-913.9436409006203
 30
0.0000000000007228
 11
455469.858862713
 21
-913.9432486005725
 31
0.0000000000007228
  0
LINE
  5
3A4
330
2C6
100
AcDbEntity
  8
PART_0000005593
  6
Continuous
 62
     7
100
AcDbLine
 10
455460.9422067536
 20
-914.1936302012954
 30
0.0000000000007228
 11
455458.8588734222
 21
-914.1937193603999
 31
0.0000000000007228
  0
LINE
  5
3A5
330
2C6
100
AcDbEntity
  8
PART_0000005593
  6
Continuous
 62
     7
100
AcDbLine
 10
455470.1088734119
 20
-914.1932379012478
 30
0.0000000000007228
 11
455460.9422067536
 21
-914.1936302012954
 31
0.0000000000007228
  0
LINE
  5
3A6
330
2C6
100
AcDbEntity
  8
PART_0000005593
  6
Continuous
 62
     7
100
AcDbLine
 10
455461.8146229247
 20
-914.1935928650537
 30
0.0000000000007228
 11
455464.0368724376
 21
-914.1934977608515
 31
0.0000000000007228
  0
LINE
  5
3A7
330
2C6
100
AcDbEntity
  8
PART_0000005593
  6
Continuous
 62
     7
100
AcDbLine
 10
455466.9035869721
 20
-914.1933750758807
 30
0.0000000000007228
 11
455470.3909343138
 21
-914.1932258300704
 31
0.0000000000007228
  0
LINE
  5
3A8
330
2C6
100
AcDbEntity
  8
PART_0000005593
  6
Continuous
 62
     7
100
AcDbLine
 10
455470.3909343138
 20
-914.1932258300704
 30
0.0000000000007228
 11
455466.903800653
 21
-914.1933750667275
 31
0.0000000000007228
  0
LINE
  5
3A9
330
2C6
100
AcDbEntity
  8
PART_0000005593
  6
Continuous
 62
     7
100
AcDbLine
 10
455466.903800653
 20
-914.1933750667275
 30
0.0000000000007228
 11
455464.0443333314
 21
-914.1934974415535
 31
0.0000000000007228
  0
LINE
  5
3AA
330
2C6
100
AcDbEntity
  8
PART_0000005593
  6
Continuous
 62
     7
100
AcDbLine
 10
455464.0443333314
 20
-914.1934974415535
 30
0.0000000000007228
 11
455461.784589865
 21
-914.193594150366
 31
0.0000000000007228
  0
LINE
  5
3AB
330
2C6
100
AcDbEntity
  8
PART_0000005593
  6
Continuous
 62
     7
100
AcDbLine
 10
455465.1819830419
 20
-914.1934487542648
 30
0.0000000000007228
 11
455458.8588734222
 21
-914.1937193603999
 31
0.0000000000007228
  0
LINE
  5
3AC
330
2C6
100
AcDbEntity
  8
PART_0000005593
  6
Continuous
 62
     7
100
AcDbLine
 10
455439.778026006
 20
-914.1945359513821
 30
0.0000000000007228
 11
455438.5753681505
 21
-914.1945874207786
 31
0.0000000000007228
  0
LINE
  5
3AD
330
2C6
100
AcDbEntity
  8
PART_0000005593
  6
Continuous
 62
     7
100
AcDbLine
 10
455438.5753681505
 20
-914.1945874207786
 30
0.0000000000007228
 11
455481.451933335
 21
-914.1927524594839
 31
0.0000000000007228
  0
LINE
  5
3AE
330
2C6
100
AcDbEntity
  8
PART_0000005593
  6
Continuous
 62
     7
100
AcDbLine
 10
455481.451933335
 20
-914.1927524594839
 30
0.0000000000007228
 11
455515.7668382028
 21
-914.1912839061596
 31
0.0000000000007228
  0
LINE
  5
3AF
330
2C6
100
AcDbEntity
  8
PART_0000005593
  6
Continuous
 62
     7
100
AcDbLine
 10
455515.8918435522
 20
-914.3162785564973
 30
0.0000000000007228
 11
455515.8924373518
 21
-928.1912785437789
 31
0.0000000000007228
  0
LINE
  5
3B0
330
2C6
100
AcDbEntity
  8
PART_0000005593
  6
Continuous
 62
     7
100
AcDbLine
 10
455481.3823720663
 20
-914.3177554365584
 30
0.0000000000007228
 11
455481.3829658659
 21
-928.1927554238546
 31
0.0000000000007228
  0
LINE
  5
3B1
330
2C6
100
AcDbEntity
  8
PART_0000005593
  6
Continuous
 62
     7
100
AcDbLine
 10
455515.8918435522
 20
-914.3162785564973
 30
0.0000000000007228
 11
455481.3823720663
 21
-914.3177554365584
 31
0.0000000000007228
  0
SPLINE
  5
3B2
330
2C6
100
AcDbEntity
  8
PART_0000005593
  6
Continuous
 62
     7
100
AcDbSpline
210
0.0
220
0.0
230
1.0
 70
     8
 71
     3
 72
    20
 73
    16
 74
     0
 42
0.000000001
 43
0.0000000001
 40
0.0
 40
0.0
 40
0.0
 40
0.0
 40
0.2500000000000222
 40
0.2500000000000222
 40
0.5000000000000445
 40
0.5000000000000445
 40
0.6250000000000319
 40
0.6250000000000319
 40
0.7500000000000192
 40
0.7500000000000192
 40
0.8125000000000129
 40
0.8125000000000129
 40
0.8750000000000067
 40
0.8750000000000067
 40
1.0
 40
1.0
 40
1.0
 40
1.0
 10
455438.8754197491
 20
-914.0953445516688
 30
0.0000000000007228
 10
455438.645563399
 20
-914.0502565651013
 30
0.0000000000007228
 10
455438.4193082793
 20
-913.9878746580116
 30
0.0000000000007228
 10
455437.9817322436
 20
-913.8127917376888
 30
0.0000000000007228
 10
455437.7710306508
 20
-913.7006107856768
 30
0.0000000000007228
 10
455437.4943280643
 20
-913.4788620053923
 30
0.0000000000007228
 10
455437.4086982972
 20
-913.3961696415399
 30
0.0000000000007228
 10
455437.2583680596
 20
-913.203550648007
 30
0.0000000000007228
 10
455437.1946376295
 20
-913.0943445659987
 30
0.0000000000007228
 10
455437.1342342501
 20
-912.9097701041656
 30
0.0000000000007228
 10
455437.1205204009
 20
-912.8462032282159
 30
0.0000000000007228
 10
455437.1079269144
 20
-912.7155076207609
 30
0.0000000000007228
 10
455437.1092299528
 20
-912.6471124340506
 30
0.0000000000007228
 10
455437.1375240336
 20
-912.4453441156992
 30
0.0000000000007228
 10
455437.1890513961
 20
-912.3138281485344
 30
0.0000000000007228
 10
455437.2619554693
 20
-912.1946436282351
 30
0.0000000000007228
  0
ELLIPSE
  5
3B3
330
2C6
100
AcDbEntity
  8
PART_0000005593
  6
Continuous
 62
     7
100
AcDbEllipse
 10
455440.4084715
 20
-914.0695089705014
 30
0.0000000000007228
 11
-18.45230019054788
 21
0.1039782175134574
 31
0.0
210
0.0
220
0.0
230
1.0
 40
0.001874712535599
 41
1.251882304019764
 42
1.48762913452294
  0
ARC
  5
3B4
330
2C6
100
AcDbEntity
  8
PART_0000005593
  6
Continuous
 62
     7
100
AcDbCircle
 10
455439.8309537968
 20
-909.5566192481392
 30
0.0000000000007228
 40
4.638218698730844
100
AcDbArc
 50
258.1111856487261
 51
269.3461703641466
  0
ARC
  5
3B5
330
2C6
100
AcDbEntity
  8
PART_0000005593
  6
Continuous
 62
     7
100
AcDbCircle
 10
455439.621215626
 20
-818.4426234282918
 30
0.0000000000007228
 40
95.75767543836411
100
AcDbArc
 50
267.007902097313
 51
269.3742137382644
  0
SPLINE
  5
3B6
330
2C6
100
AcDbEntity
  8
PART_0000005593
  6
Continuous
 62
     7
100
AcDbSpline
210
0.0
220
0.0
230
1.0
 70
     8
 71
     3
 72
    23
 73
    19
 74
     0
 42
0.000000001
 43
0.0000000001
 40
0.0
 40
0.0
 40
0.0
 40
0.0
 40
0.0492662293450583
 40
0.0492662293450583
 40
0.0492662293450583
 40
0.1407222296934183
 40
0.1407222296934183
 40
0.1407222296934183
 40
0.3556148343027761
 40
0.3556148343027761
 40
0.3556148343027761
 40
0.5704323496120896
 40
0.5704323496120896
 40
0.5704323496120896
 40
0.7852150809598229
 40
0.7852150809598229
 40
0.7852150809598229
 40
1.0
 40
1.0
 40
1.0
 40
1.0
 10
455481.451933335
 20
-914.1927524594839
 30
0.0000000000007228
 10
455481.450148614
 20
-914.1927525358523
 30
0.0000000000007228
 10
455481.4483625868
 20
-914.1928762145443
 30
0.0000000000007228
 10
455481.4465831515
 20
-914.193122947884
 30
0.0000000000007228
 10
455481.4432410984
 20
-914.1935863509761
 30
0.0000000000007228
 10
455481.4399090643
 20
-914.1944872982612
 30
0.0000000000007228
 10
455481.4366390364
 20
-914.1958117541408
 30
0.0000000000007228
 10
455481.4290446317
 20
-914.1988877077137
 30
0.0000000000007228
 10
455481.421640758
 20
-914.2043618996877
 30
0.0000000000007228
 10
455481.4150403117
 20
-914.2117818440793
 30
0.0000000000007228
 10
455481.4084421474
 20
-914.2191992233319
 30
0.0000000000007228
 10
455481.4024650302
 20
-914.2287654683213
 30
0.0000000000007228
 10
455481.3976039579
 20
-914.2396895589236
 30
0.0000000000007228
 10
455481.3927436828
 20
-914.2506118581996
 30
0.0000000000007228
 10
455481.3888651557
 20
-914.2631926681978
 30
0.0000000000007228
 10
455481.3862898504
 20
-914.27639086008
 30
0.0000000000007228
 10
455481.3837145305
 20
-914.2895891267736
 30
0.0000000000007228
 10
455481.3823714677
 20
-914.3037687509249
 30
0.0000000000007228
 10
455481.3823720663
 20
-914.3177554365584
 30
0.0000000000007228
  0
ARC
  5
3B7
330
2C6
100
AcDbEntity
  8
PART_0000005593
  6
Continuous
 62
     7
100
AcDbCircle
 10
455515.7668435524
 20
-914.3162839060433
 30
0.0000000000007228
 40
0.1249999999999928
100
AcDbArc
 50
0.0024520512530345
 51
90.00245206459322
  0
ARC
  5
3B8
330
2C6
100
AcDbEntity
  8
PART_0000005593
  6
Continuous
 62
     7
100
AcDbCircle
 10
455458.8268391896
 20
-914.0687431285959
 30
0.0000000000007228
 40
0.1250224000228981
100
AcDbArc
 50
89.99063071275584
 51
179.9921876968802
  0
ARC
  5
3B9
330
2C6
100
AcDbEntity
  8
PART_0000005593
  6
Continuous
 62
     7
100
AcDbCircle
 10
455470.3909237841
 20
-914.0682213902227
 30
0.0000000000007228
 40
0.1250044402938049
100
AcDbArc
 50
180.0044872081922
 51
270.0048262643486
  0
ARC
  5
3BA
330
2C6
100
AcDbEntity
  8
PART_0000005593
  6
Continuous
 62
     7
100
AcDbCircle
 10
455470.1409149043
 20
-914.0682409700721
 30
0.0000000000007228
 40
0.1250044403059749
100
AcDbArc
 50
0.0044872148620758
 51
90.00482642442497
  0
ARC
  5
3BB
330
2C6
100
AcDbEntity
  8
PART_0000005593
  6
Continuous
 62
     7
100
AcDbCircle
 10
455470.1088680623
 20
-914.0682379013641
 30
0.0000000000007228
 40
0.1249999999996042
100
AcDbArc
 50
180.002452051253
 51
270.0024520645932
  0
ARC
  5
3BC
330
2C6
100
AcDbEntity
  8
PART_0000005593
  6
Continuous
 62
     7
100
AcDbCircle
 10
455460.942201404
 20
-914.0686302014119
 30
0.0000000000007228
 40
0.1249999999996042
100
AcDbArc
 50
180.002452051253
 51
270.0024520645932
  0
ARC
  5
3BD
330
2C6
100
AcDbEntity
  8
PART_0000005593
  6
Continuous
 62
     7
100
AcDbCircle
 10
455469.8588680625
 20
-914.0682486004562
 30
0.0000000000007228
 40
0.1249999999996042
100
AcDbArc
 50
0.0024520512530345
 51
90.00245206459323
  0
ARC
  5
3BE
330
2C6
100
AcDbEntity
  8
PART_0000005593
  6
Continuous
 62
     7
100
AcDbCircle
 10
455460.6922014042
 20
-914.0686409005038
 30
0.0000000000007228
 40
0.1249999999996042
100
AcDbArc
 50
0.0024520512530345
 51
90.0024520379128
  0
ARC
  5
3BF
330
2C6
100
AcDbEntity
  8
PART_0000005593
  6
Continuous
 62
     7
100
AcDbCircle
 10
455459.1088680724
 20
-914.0687086614244
 30
0.0000000000007228
 40
0.1249999999996043
100
AcDbArc
 50
90.0024520379128
 51
180.002452051253
  0
LINE
  5
3C0
330
2C6
100
AcDbEntity
  8
PART_0000005593
  6
Continuous
 62
     7
100
AcDbLine
 10
455151.7239440798
 20
-889.5058731028303
 30
0.0000000000007228
 11
455152.8220281429
 21
-888.7888751576438
 31
0.0000000000007228
  0
LINE
  5
3C1
330
2C6
100
AcDbEntity
  8
PART_0000005593
  6
Continuous
 62
     7
100
AcDbLine
 10
455152.8220281429
 20
-888.7888751576438
 30
0.0000000000007228
 11
455153.8760563928
 21
-888.1006436144861
 31
0.0000000000007228
  0
LINE
  5
3C2
330
2C6
100
AcDbEntity
  8
PART_0000005593
  6
Continuous
 62
     7
100
AcDbLine
 10
455153.8760563928
 20
-888.1006436144861
 30
0.0000000000007228
 11
455152.8163522991
 21
-888.7925812203075
 31
0.0000000000007228
  0
LINE
  5
3C3
330
2C6
100
AcDbEntity
  8
PART_0000005593
  6
Continuous
 62
     7
100
AcDbLine
 10
455152.8163522991
 20
-888.7925812203075
 30
0.0000000000007228
 11
455151.7239440798
 21
-889.5058731028303
 31
0.0000000000007228
  0
LINE
  5
3C4
330
2C6
100
AcDbEntity
  8
PART_0000005593
  6
Continuous
 62
     7
100
AcDbLine
 10
455145.3328943154
 20
-893.3803574996026
 30
0.0000000000007228
 11
455145.9461169891
 21
-892.9799515454842
 31
0.0000000000007228
  0
LINE
  5
3C5
330
2C6
100
AcDbEntity
  8
PART_0000005593
  6
Continuous
 62
     7
100
AcDbLine
 10
455152.4179926135
 20
-888.7541170395607
 30
0.0000000000007228
 11
455154.7098552629
 21
-887.2576370655197
 31
0.0000000000007228
  0
LINE
  5
3C6
330
2C6
100
AcDbEntity
  8
PART_0000005593
  6
Continuous
 62
     7
100
AcDbLine
 10
455149.9340287897
 20
-890.3760301675838
 30
0.0000000000007228
 11
455150.9733874234
 21
-889.6973772030806
 31
0.0000000000007228
  0
LINE
  5
3C7
330
2C6
100
AcDbEntity
  8
PART_0000005593
  6
Continuous
 62
     7
100
AcDbLine
 10
455152.5781379629
 20
-888.6495495567114
 30
0.0000000000007228
 11
455152.772695472
 21
-888.5225125301413
 31
0.0000000000007228
  0
LINE
  5
3C8
330
2C6
100
AcDbEntity
  8
PART_0000005593
  6
Continuous
 62
     7
100
AcDbLine
 10
455151.1399759815
 20
-889.5886026038979
 30
0.0000000000007228
 11
455152.4179926135
 21
-888.7541170395607
 31
0.0000000000007228
  0
LINE
  5
3C9
330
2C6
100
AcDbEntity
  8
PART_0000005593
  6
Continuous
 62
     7
100
AcDbLine
 10
455153.9488938272
 20
-887.7545095764844
 30
0.0000000000007228
 11
455152.6855542888
 21
-888.5794116796651
 31
0.0000000000007228
  0
LINE
  5
3CA
330
2C6
100
AcDbEntity
  8
PART_0000005593
  6
Continuous
 62
     7
100
AcDbLine
 10
455164.545207514
 20
-880.8356083782028
 30
0.0000000000007228
 11
455166.3474532473
 21
-879.6588255335127
 31
0.0000000000007228
  0
LINE
  5
3CB
330
2C6
100
AcDbEntity
  8
PART_0000005593
  6
Continuous
 62
     7
100
AcDbLine
 10
455166.3474532473
 20
-879.6588255335127
 30
0.0000000000007228
 11
455167.7912792895
 21
-878.7160741174494
 31
0.0000000000007228
  0
LINE
  5
3CC
330
2C6
100
AcDbEntity
  8
PART_0000005593
  6
Continuous
 62
     7
100
AcDbLine
 10
455167.7912792895
 20
-878.7160741174494
 30
0.0000000000007228
 11
455165.397698901
 21
-880.2789710557018
 31
0.0000000000007228
  0
LINE
  5
3CD
330
2C6
100
AcDbEntity
  8
PART_0000005593
  6
Continuous
 62
     7
100
AcDbLine
 10
455173.4150817366
 20
-875.0439920480612
 30
0.0000000000007228
 11
455170.7165030552
 21
-876.8060387205959
 31
0.0000000000007228
  0
LINE
  5
3CE
330
2C6
100
AcDbEntity
  8
PART_0000005593
  6
Continuous
 62
     7
100
AcDbLine
 10
455170.7165030552
 20
-876.8060387205959
 30
0.0000000000007228
 11
455176.6474613324
 21
-872.9333981453574
 31
0.0000000000007228
  0
LINE
  5
3CF
330
2C6
100
AcDbEntity
  8
PART_0000005593
  6
Continuous
 62
     7
100
AcDbLine
 10
455178.2737783984
 20
-871.8714885577982
 30
0.0000000000007228
 11
455178.6837885086
 21
-871.6037709791608
 31
0.0000000000007228
  0
LINE
  5
3D0
330
2C6
100
AcDbEntity
  8
PART_0000005593
  6
Continuous
 62
     7
100
AcDbLine
 10
455178.6837885086
 20
-871.6037709791608
 30
0.0000000000007228
 11
455179.9617300753
 21
-870.769334428992
 31
0.0000000000007228
  0
LINE
  5
3D1
330
2C6
100
AcDbEntity
  8
PART_0000005593
  6
Continuous
 62
     7
100
AcDbLine
 10
455179.9617300753
 20
-870.769334428992
 30
0.0000000000007228
 11
455181.7208219116
 21
-869.6207290768553
 31
0.0000000000007228
  0
LINE
  5
3D2
330
2C6
100
AcDbEntity
  8
PART_0000005593
  6
Continuous
 62
     7
100
AcDbLine
 10
455183.9685718212
 20
-868.1530526751494
 30
0.0000000000007228
 11
455178.2737783984
 21
-871.8714885577982
 31
0.0000000000007228
  0
LINE
  5
3D3
330
2C6
100
AcDbEntity
  8
PART_0000005593
  6
Continuous
 62
     7
100
AcDbLine
 10
455145.7574049794
 20
-893.401746304783
 30
0.0000000000007228
 11
455148.6537227304
 21
-891.5105851943854
 31
0.0000000000007228
  0
LINE
  5
3D4
330
2C6
100
AcDbEntity
  8
PART_0000005593
  6
Continuous
 62
     7
100
AcDbLine
 10
455145.4697360384
 20
-893.5895807762035
 30
0.0000000000007228
 11
455142.2749329242
 21
-895.6756389799165
 31
0.0000000000007228
  0
LINE
  5
3D5
330
2C6
100
AcDbEntity
  8
PART_0000005593
  6
Continuous
 62
     7
100
AcDbLine
 10
455146.7911938513
 20
-892.7267301363217
 30
0.0000000000007228
 11
455145.6331622891
 21
-893.4828710170449
 31
0.0000000000007228
  0
LINE
  5
3D6
330
2C6
100
AcDbEntity
  8
PART_0000005593
  6
Continuous
 62
     7
100
AcDbLine
 10
455152.6467809171
 20
-888.903303465112
 30
0.0000000000007228
 11
455150.9948773232
 21
-889.9819198681989
 31
0.0000000000007228
  0
LINE
  5
3D7
330
2C6
100
AcDbEntity
  8
PART_0000005593
  6
Continuous
 62
     7
100
AcDbLine
 10
455150.9948773232
 20
-889.9819198681989
 30
0.0000000000007228
 11
455152.5730713328
 21
-888.9514324037055
 31
0.0000000000007228
  0
LINE
  5
3D8
330
2C6
100
AcDbEntity
  8
PART_0000005593
  6
Continuous
 62
     7
100
AcDbLine
 10
455149.861316429
 20
-890.7220825381273
 30
0.0000000000007228
 11
455152.7849899543
 21
-888.813059376368
 31
0.0000000000007228
  0
SPLINE
  5
3D9
330
2C6
100
AcDbEntity
  8
PART_0000005593
  6
Continuous
 62
     7
100
AcDbSpline
210
0.0
220
0.0
230
1.0
 70
     8
 71
     3
 72
    12
 73
     8
 74
     0
 42
0.000000001
 43
0.0000000001
 40
0.0
 40
0.0
 40
0.0
 40
0.0
 40
0.2500000000001913
 40
0.2500000000001913
 40
0.5000000000003827
 40
0.5000000000003827
 40
1.0
 40
1.0
 40
1.0
 40
1.0
 10
455142.3403972642
 20
-895.4836065168683
 30
0.0000000000007228
 10
455142.3524836141
 20
-895.502116790497
 30
0.0000000000007228
 10
455142.3573059389
 20
-895.5237391652381
 30
0.0000000000007228
 10
455142.3562977191
 20
-895.5637784854671
 30
0.0000000000007228
 10
455142.3509926352
 20
-895.5821267041365
 30
0.0000000000007228
 10
455142.328148438
 20
-895.631200530367
 30
0.0000000000007228
 10
455142.303529661
 20
-895.6569666375335
 30
0.0000000000007228
 10
455142.2749329242
 20
-895.6756389799165
 30
0.0000000000007228
  0
LINE
  5
3DA
330
2C6
100
AcDbEntity
  8
PART_0000005593
  6
Continuous
 62
     7
100
AcDbLine
 10
455145.4013151828
 20
-893.4849691340396
 30
0.0000000000007228
 11
455145.4697360384
 21
-893.5895807762035
 31
0.0000000000007228
  0
LINE
  5
3DB
330
2C6
100
AcDbEntity
  8
PART_0000005593
  6
Continuous
 62
     7
100
AcDbLine
 10
455142.3403972642
 20
-895.4836065168683
 30
0.0000000000007228
 11
455142.5335715821
 21
-895.3574726501001
 31
0.0000000000007228
  0
LINE
  5
3DC
330
2C6
100
AcDbEntity
  8
PART_0000005593
  6
Continuous
 62
     7
100
AcDbLine
 10
455144.3119139007
 20
-894.1962976261757
 30
0.0000000000007228
 11
455145.4013151828
 21
-893.4849691340396
 31
0.0000000000007228
  0
SPLINE
  5
3DD
330
2C6
100
AcDbEntity
  8
PART_0000005593
  6
Continuous
 62
     7
100
AcDbSpline
210
0.0
220
0.0
230
1.0
 70
     8
 71
     3
 72
    12
 73
     8
 74
     0
 42
0.000000001
 43
0.0000000001
 40
0.0
 40
0.0
 40
0.0
 40
0.0
 40
0.4999999999999718
 40
0.4999999999999718
 40
0.7499999999999859
 40
0.7499999999999859
 40
1.0
 40
1.0
 40
1.0
 40
1.0
 10
455142.4062814249
 20
-895.2912999304581
 30
0.0000000000007228
 10
455142.3775409271
 20
-895.310066142022
 30
0.0000000000007228
 10
455142.3528034474
 20
-895.3358376241276
 30
0.0000000000007228
 10
455142.3298496206
 20
-895.384952820842
 30
0.0000000000007228
 10
455142.3245165965
 20
-895.4033214553829
 30
0.0000000000007228
 10
455142.3234747884
 20
-895.4434080375548
 30
0.0000000000007228
 10
455142.3282929422
 20
-895.4650687188742
 30
0.0000000000007228
 10
455142.3403972642
 20
-895.4836065168683
 30
0.0000000000007228
  0
ARC
  5
3DE
330
2C6
100
AcDbEntity
  8
PART_0000005593
  6
Continuous
 62
     7
100
AcDbCircle
 10
455148.5853530205
 20
-891.4059172646856
 30
0.0000000000007228
 40
0.1250191694882124
100
AcDbArc
 50
213.1514573668377
 51
303.1528067105732
  0
LINE
  5
3DF
330
2C6
100
AcDbEntity
  8
PART_0000005593
  6
Continuous
 62
     7
100
AcDbLine
 10
455145.4013151828
 20
-893.4849691340396
 30
0.0000000000007228
 11
455146.3533282873
 21
-892.863348747579
 31
0.0000000000007228
  0
LINE
  5
3E0
330
2C6
100
AcDbEntity
  8
PART_0000005593
  6
Continuous
 62
     7
100
AcDbLine
 10
455148.4629269723
 20
-891.4858786856685
 30
0.0000000000007228
 11
455148.4806834807
 21
-891.4742845095798
 31
0.0000000000007228
  0
LINE
  5
3E1
330
2C6
100
AcDbEntity
  8
PART_0000005593
  6
Continuous
 62
     7
100
AcDbLine
 10
455145.3328943154
 20
-893.3803574996026
 30
0.0000000000007228
 11
455145.4013151828
 21
-893.4849691340396
 31
0.0000000000007228
  0
ARC
  5
3E2
330
2C6
100
AcDbEntity
  8
PART_0000005593
  6
Continuous
 62
     7
100
AcDbCircle
 10
455148.3760139407
 20
-891.5426517546629
 30
0.0000000000007228
 40
0.1250191696366276
100
AcDbArc
 50
33.15145737382381
 51
123.1528082274585
  0
ARC
  5
3E3
330
2C6
100
AcDbEntity
  8
PART_0000005593
  6
Continuous
 62
     7
100
AcDbCircle
 10
455156.7330368493
 20
-886.0858823022471
 30
0.0000000000007228
 40
0.1250013869110776
100
AcDbArc
 50
123.1419382060628
 51
213.1420372369224
  0
ARC
  5
3E4
330
2C6
100
AcDbEntity
  8
PART_0000005593
  6
Continuous
 62
     7
100
AcDbCircle
 10
455162.9914017452
 20
-881.9994587394512
 30
0.0000000000007228
 40
0.1249978164277164
100
AcDbArc
 50
213.1426729057428
 51
303.1464011504335
  0
LINE
  5
3E5
330
2C6
100
AcDbEntity
  8
PART_0000005593
  6
Continuous
 62
     7
100
AcDbLine
 10
455159.7095310844
 20
-883.9930807249812
 30
0.0000000000007228
 11
455159.7778506991
 21
-884.097758472698
 31
0.0000000000007228
  0
ARC
  5
3E6
330
2C6
100
AcDbEntity
  8
PART_0000005593
  6
Continuous
 62
     7
100
AcDbCircle
 10
455162.7820704053
 20
-882.136142391978
 30
0.0000000000007228
 40
0.1249999999998597
100
AcDbArc
 50
33.14267292866759
 51
123.1426729177573
  0
ARC
  5
3E7
330
2C6
100
AcDbEntity
  8
PART_0000005593
  6
Continuous
 62
     7
100
AcDbCircle
 10
455149.7929833764
 20
-890.6173917665773
 30
0.0000000000007228
 40
0.1250182536244925
100
AcDbArc
 50
303.1330166233752
 51
33.13430808180238
  0
LINE
  5
3E8
330
2C6
100
AcDbEntity
  8
PART_0000005593
  6
Continuous
 62
     7
100
AcDbLine
 10
455149.916988067
 20
-890.5364442552281
 30
0.0000000000007228
 11
455149.8976726075
 21
-890.5490563540416
 31
0.0000000000007228
  0
ARC
  5
3E9
330
2C6
100
AcDbEntity
  8
PART_0000005593
  6
Continuous
 62
     7
100
AcDbCircle
 10
455155.4609613154
 20
-886.9165026890597
 30
0.0000000000007228
 40
0.1250131804752066
100
AcDbArc
 50
33.14871338478483
 51
123.1496715054589
  0
ELLIPSE
  5
3EA
330
2C6
100
AcDbEntity
  8
PART_0000005593
  6
Continuous
 62
     7
100
AcDbEllipse
 10
455154.9655905227
 20
-887.2399410926055
 30
0.0000000000007228
 11
0.0683407160715355
 21
-0.1046639696608565
 31
0.0
210
0.0
220
0.0
230
1.0
 40
0.8952046062216773
 41
4.712388980366263
 42
6.28318353474697
  0
ARC
  5
3EB
330
2C6
100
AcDbEntity
  8
PART_0000005593
  6
Continuous
 62
     7
100
AcDbCircle
 10
455150.002361839
 20
-890.4807209415494
 30
0.0000000000007228
 40
0.1250182538046049
100
AcDbArc
 50
123.1330146900094
 51
213.1343080617928
  0
ELLIPSE
  5
3EC
330
2C6
100
AcDbEntity
  8
PART_0000005593
  6
Continuous
 62
     7
100
AcDbEllipse
 10
455154.7781991874
 20
-887.362298940182
 30
0.0000000000007228
 11
0.0683407160324556
 21
-0.1046639695990725
 31
0.0
210
0.0
220
0.0
230
1.0
 40
0.8952046062131097
 41
1.570796326805693
 42
3.141626953783673
  0
ELLIPSE
  5
3ED
330
2C6
100
AcDbEntity
  8
PART_0000005593
  6
Continuous
 62
     7
100
AcDbEllipse
 10
455152.5784402011
 20
-888.7986394955124
 30
0.0000000000007228
 11
0.0683407160333438
 21
-0.1046639695981289
 31
0.0
210
0.0
220
0.0
230
1.0
 40
0.44001231740409
 41
4.712388980142864
 42
6.283185306681168
  0
ELLIPSE
  5
3EE
330
2C6
100
AcDbEntity
  8
PART_0000005593
  6
Continuous
 62
     7
100
AcDbEllipse
 10
455150.9265366073
 20
-889.8772558985992
 30
0.0000000000007228
 11
0.140890045100317
 21
0.0919946625506097
 31
0.0
210
0.0
220
0.0
230
1.0
 40
0.7428769685076539
 41
4.712388980213646
 42
6.283185307179586
  0
ELLIPSE
  5
3EF
330
2C6
100
AcDbEntity
  8
PART_0000005593
  6
Continuous
 62
     7
100
AcDbEllipse
 10
455152.4863333295
 20
-888.8587810091603
 30
0.0000000000007228
 11
0.0683407160328997
 21
-0.1046639695981844
 31
0.0
210
0.0
220
0.0
230
1.0
 40
0.440012317408434
 41
1.570796326566671
 42
3.141596682476162
  0
ELLIPSE
  5
3F0
330
2C6
100
AcDbEntity
  8
PART_0000005593
  6
Continuous
 62
     7
100
AcDbEllipse
 10
455151.2083166975
 20
-889.6932665734976
 30
0.0000000000007228
 11
0.1408900451020933
 21
0.0919946625491108
 31
0.0
210
0.0
220
0.0
230
1.0
 40
0.7428769685059317
 41
1.570796326632942
 42
3.141592653745276
  0
ARC
  5
3F1
330
2C6
100
AcDbEntity
  8
PART_0000005593
  6
Continuous
 62
     7
100
AcDbCircle
 10
455166.2064660241
 20
-879.9001709351768
 30
0.0000000000007228
 40
0.1250000000001832
100
AcDbArc
 50
303.1426729176719
 51
33.14267292884212
  0
ELLIPSE
  5
3F2
330
2C6
100
AcDbEntity
  8
PART_0000005593
  6
Continuous
 62
     7
100
AcDbEllipse
 10
455164.2300740858
 20
-881.190663171893
 30
0.0000000000007228
 11
-0.1917370721362665
 21
-0.1251954120440324
 31
0.0
210
0.0
220
0.0
230
1.0
 40
0.5458723679869335
 41
1.57079632667407
 42
3.141594299145022
  0
ARC
  5
3F3
330
2C6
100
AcDbEntity
  8
PART_0000005593
  6
Continuous
 62
     7
100
AcDbCircle
 10
455168.0689479447
 20
-878.6840566549845
 30
0.0000000000007228
 40
0.1249999999999024
100
AcDbArc
 50
213.1426729291475
 51
303.1426729496413
  0
LINE
  5
3F4
330
2C6
100
AcDbEntity
  8
PART_0000005593
  6
Continuous
 62
     7
100
AcDbLine
 10
455166.3111299937
 20
-879.8318302191374
 30
0.0000000000007228
 11
455167.9642839751
 21
-878.7523973710239
 31
0.0000000000007228
  0
ARC
  5
3F5
330
2C6
100
AcDbEntity
  8
PART_0000005593
  6
Continuous
 62
     7
100
AcDbCircle
 10
455166.4157939633
 20
-879.7634895031123
 30
0.0000000000007228
 40
0.1250000000000561
100
AcDbArc
 50
123.1426729495843
 51
213.1426729287548
  0
ELLIPSE
  5
3F6
330
2C6
100
AcDbEntity
  8
PART_0000005593
  6
Continuous
 62
     7
100
AcDbEllipse
 10
455164.61354823
 20
-880.9402723478024
 30
0.0000000000007228
 11
-0.1917370721367106
 21
-0.1251954120438659
 31
0.0
210
0.0
220
0.0
230
1.0
 40
0.5458723679863969
 41
4.712388980264774
 42
6.283185307179586
  0
ARC
  5
3F7
330
2C6
100
AcDbEntity
  8
PART_0000005593
  6
Continuous
 62
     7
100
AcDbCircle
 10
455167.8596200054
 20
-878.820738087049
 30
0.0000000000007228
 40
0.1250000000006603
100
AcDbArc
 50
33.14267292927843
 51
123.1426729175294
  0
ARC
  5
3F8
330
2C6
100
AcDbEntity
  8
PART_0000005593
  6
Continuous
 62
     7
100
AcDbCircle
 10
455176.9251299876
 20
-872.9013806829216
 30
0.0000000000007228
 40
0.1250000000003349
100
AcDbArc
 50
213.1426729296275
 51
303.1426729176149
  0
LINE
  5
3F9
330
2C6
100
AcDbEntity
  8
PART_0000005593
  6
Continuous
 62
     7
100
AcDbLine
 10
455170.6801798015
 20
-876.9790434062207
 30
0.0000000000007228
 11
455176.820466018
 21
-872.9697213989174
 31
0.0000000000007228
  0
ARC
  5
3FA
330
2C6
100
AcDbEntity
  8
PART_0000005593
  6
Continuous
 62
     7
100
AcDbCircle
 10
455170.5755158319
 20
-877.0473841222893
 30
0.0000000000007228
 40
0.1249999999998494
100
AcDbArc
 50
303.1426729177858
 51
33.14267297746233
  0
ARC
  5
3FB
330
2C6
100
AcDbEntity
  8
PART_0000005593
  6
Continuous
 62
     7
100
AcDbCircle
 10
455176.7158020484
 20
-873.0380621149571
 30
0.0000000000007228
 40
0.1249999999995808
100
AcDbArc
 50
33.14267292849306
 51
123.1426729178713
  0
ARC
  5
3FC
330
2C6
100
AcDbEntity
  8
PART_0000005593
  6
Continuous
 62
     7
100
AcDbCircle
 10
455170.7848437711
 20
-876.910702690181
 30
0.0000000000007228
 40
0.1249999999992574
100
AcDbArc
 50
123.1426729179568
 51
213.1426729288857
  0
ELLIPSE
  5
3FD
330
2C6
100
AcDbEntity
  8
PART_0000005593
  6
Continuous
 62
     7
100
AcDbEllipse
 10
455178.4755565388
 20
-871.8890240804658
 30
0.0000000000007228
 11
0.1382863429477688
 21
0.0902945658471933
 31
0.0
210
0.0
220
0.0
230
1.0
 40
0.7568641079590947
 41
4.712388980218205
 42
6.283185307179586
  0
ELLIPSE
  5
3FE
330
2C6
100
AcDbEntity
  8
PART_0000005593
  6
Continuous
 62
     7
100
AcDbEllipse
 10
455180.1275351979
 20
-870.8103586632105
 30
0.0000000000007228
 11
-0.0683407160333438
 21
0.1046639695980178
 31
0.0
210
0.0
220
0.0
230
1.0
 40
0.465606296467545
 41
1.570796326810896
 42
3.141589524889384
  0
ELLIPSE
  5
3FF
330
2C6
100
AcDbEntity
  8
PART_0000005593
  6
Continuous
 62
     7
100
AcDbEllipse
 10
455178.7521292246
 20
-871.7084349487604
 30
0.0000000000007228
 11
0.1382863429477688
 21
0.0902945658472487
 31
0.0
210
0.0
220
0.0
230
1.0
 40
0.7568641079586742
 41
1.570796326628199
 42
3.141594859378185
  0
ARC
  5
400
330
2C6
100
AcDbEntity
  8
PART_0000005593
  6
Continuous
 62
     7
100
AcDbCircle
 10
455178.1327911753
 20
-872.1128339594624
 30
0.0000000000007228
 40
0.1250000000005673
100
AcDbArc
 50
303.1426729494419
 51
33.14267292919117
  0
LINE
  5
401
330
2C6
100
AcDbEntity
  8
PART_0000005593
  6
Continuous
 62
     7
100
AcDbLine
 10
455180.0788029946
 20
-870.8421785308937
 30
0.0000000000007228
 11
455181.9744302238
 21
-869.6044219019867
 31
0.0000000000007228
  0
ELLIPSE
  5
402
330
2C6
100
AcDbEntity
  8
PART_0000005593
  6
Continuous
 62
     7
100
AcDbEllipse
 10
455180.0300707913
 20
-870.8739983985916
 30
0.0000000000007228
 11
-0.0683407160333438
 21
0.1046639695980733
 31
0.0
210
0.0
220
0.0
230
1.0
 40
0.4656062964670943
 41
4.71238898040004
 42
6.283185306710181
  0
ARC
  5
403
330
2C6
100
AcDbEntity
  8
PART_0000005593
  6
Continuous
 62
     7
100
AcDbCircle
 10
455178.3421191145
 20
-871.9761525273979
 30
0.0000000000007228
 40
0.1250000000000694
100
AcDbArc
 50
123.1426729495843
 51
213.1426729287548
  0
ARC
  5
404
330
2C6
100
AcDbEntity
  8
PART_0000005593
  6
Continuous
 62
     7
100
AcDbCircle
 10
455197.9706333812
 20
-859.1596663110731
 30
0.0000000000007228
 40
0.125019169636047
100
AcDbArc
 50
33.15145742186952
 51
123.1528082594801
  0
LINE
  5
405
330
2C6
100
AcDbEntity
  8
PART_0000005593
  6
Continuous
 62
     7
100
AcDbLine
 10
455515.7668382028
 20
-914.1912839042825
 30
0.0000000000007228
 11
455515.8918382032
 21
-914.1912785547365
 31
0.0000000000007228
  0
LINE
  5
406
330
2C6
100
AcDbEntity
  8
PART_0000005593
  6
Continuous
 62
     7
100
AcDbLine
 10
455515.8918382032
 20
-914.1912785547365
 30
0.0000000000007228
 11
455515.8918435528
 21
-914.3162785564973
 31
0.0000000000007228
  0
LINE
  5
407
330
2C6
100
AcDbEntity
  8
PART_0000005593
  6
Continuous
 62
     7
100
AcDbLine
 10
455171.7533063047
 20
-875.4662649247958
 30
0.0000000000007228
 11
455167.8504583322
 21
-876.0047589895156
 31
0.0000000000007228
  0
LINE
  5
408
330
2C6
100
AcDbEntity
  8
PART_0000005593
  6
Continuous
 62
     7
100
AcDbLine
 10
455404.9299487302
 20
-875.9946128462807
 30
0.0000000000007228
 11
455401.027054681
 21
-875.4564528390373
 31
0.0000000000007228
  0
LINE
  5
409
330
2C6
100
AcDbEntity
  8
PART_0000005593
  6
Continuous
 62
     7
100
AcDbLine
 10
455136.6304596269
 20
-899.361218156836
 30
0.0000000000007228
 11
455134.442033123
 21
-900.7901591270393
 31
0.0000000000007228
  0
LINE
  5
40A
330
2C6
100
AcDbEntity
  8
PART_0000005593
  6
Continuous
 62
     7
100
AcDbLine
 10
455134.442033123
 20
-900.7901591270393
 30
0.0000000000007228
 11
455129.1000053992
 21
-904.2782553757179
 31
0.0000000000007228
  0
LINE
  5
40B
330
2C6
100
AcDbEntity
  8
PART_0000005593
  6
Continuous
 62
     7
100
AcDbLine
 10
455159.0944531546
 20
-884.6932726492132
 30
0.0000000000007228
 11
455161.2776781453
 21
-883.2677280256802
 31
0.0000000000007228
  0
LINE
  5
40C
330
2C6
100
AcDbEntity
  8
PART_0000005593
  6
Continuous
 62
     7
100
AcDbLine
 10
455161.2776781453
 20
-883.2677280256802
 30
0.0000000000007228
 11
455159.3561501631
 21
-884.5223966445965
 31
0.0000000000007228
  0
LINE
  5
40D
330
2C6
100
AcDbEntity
  8
PART_0000005593
  6
Continuous
 62
     7
100
AcDbLine
 10
455158.0689213473
 20
-885.3628973375352
 30
0.0000000000007228
 11
455156.593572488
 21
-886.3262316906084
 31
0.0000000000007228
  0
LINE
  5
40E
330
2C6
100
AcDbEntity
  8
PART_0000005593
  6
Continuous
 62
     7
100
AcDbLine
 10
455156.593572488
 20
-886.3262316906084
 30
0.0000000000007228
 11
455154.8254603445
 21
-887.4807268848863
 31
0.0000000000007228
  0
LINE
  5
40F
330
2C6
100
AcDbEntity
  8
PART_0000005593
  6
Continuous
 62
     7
100
AcDbLine
 10
455154.8254603445
 20
-887.4807268848863
 30
0.0000000000007228
 11
455153.359298169
 21
-888.4380627597611
 31
0.0000000000007228
  0
LINE
  5
410
330
2C6
100
AcDbEntity
  8
PART_0000005593
  6
Continuous
 62
     7
100
AcDbLine
 10
455153.359298169
 20
-888.4380627597611
 30
0.0000000000007228
 11
455152.075970944
 21
-889.2760158948995
 31
0.0000000000007228
  0
LINE
  5
411
330
2C6
100
AcDbEntity
  8
PART_0000005593
  6
Continuous
 62
     7
100
AcDbLine
 10
455152.075970944
 20
-889.2760158948995
 30
0.0000000000007228
 11
455150.1507534143
 21
-890.5330936170839
 31
0.0000000000007228
  0
LINE
  5
412
330
2C6
100
AcDbEntity
  8
PART_0000005593
  6
Continuous
 62
     7
100
AcDbLine
 10
455148.9110320597
 20
-891.3425741421423
 30
0.0000000000007228
 11
455143.7422421765
 21
-894.7175541186052
 31
0.0000000000007228
  0
LINE
  5
413
330
2C6
100
AcDbEntity
  8
PART_0000005593
  6
Continuous
 62
     7
100
AcDbLine
 10
455142.2984161344
 20
-895.6603055346686
 30
0.0000000000007228
 11
455140.4359342138
 21
-896.8764198148756
 31
0.0000000000007228
  0
LINE
  5
414
330
2C6
100
AcDbEntity
  8
PART_0000005593
  6
Continuous
 62
     7
100
AcDbLine
 10
455140.4359342138
 20
-896.8764198148756
 30
0.0000000000007228
 11
455137.8381208146
 21
-898.5726714333623
 31
0.0000000000007228
  0
LINE
  5
415
330
2C6
100
AcDbEntity
  8
PART_0000005593
  6
Continuous
 62
     7
100
AcDbLine
 10
455157.2410232734
 20
-885.6049017949745
 30
0.0000000000007228
 11
455155.5772130079
 21
-886.6912927021813
 31
0.0000000000007228
  0
LINE
  5
416
330
2C6
100
AcDbEntity
  8
PART_0000005593
  6
Continuous
 62
     7
100
AcDbLine
 10
455155.5772130079
 20
-886.6912927021813
 30
0.0000000000007228
 11
455153.9230986066
 21
-887.7713526600464
 31
0.0000000000007228
  0
LINE
  5
417
330
2C6
100
AcDbEntity
  8
PART_0000005593
  6
Continuous
 62
     7
100
AcDbLine
 10
455152.3599485732
 20
-888.7920171061313
 30
0.0000000000007228
 11
455150.2773620146
 21
-890.1518495027021
 31
0.0000000000007228
  0
LINE
  5
418
330
2C6
100
AcDbEntity
  8
PART_0000005593
  6
Continuous
 62
     7
100
AcDbLine
 10
455155.5800602939
 20
-886.6894335565056
 30
0.0000000000007228
 11
455156.2959290905
 21
-886.2220044467148
 31
0.0000000000007228
  0
LINE
  5
419
330
2C6
100
AcDbEntity
  8
PART_0000005593
  6
Continuous
 62
     7
100
AcDbLine
 10
455156.2959290905
 20
-886.2220044467148
 30
0.0000000000007228
 11
455156.2975069026
 21
-886.220974208617
 31
0.0000000000007228
  0
LINE
  5
41A
330
2C6
100
AcDbEntity
  8
PART_0000005593
  6
Continuous
 62
     7
100
AcDbLine
 10
455148.5650226884
 20
-891.2699276350222
 30
0.0000000000007228
 11
455143.8148886837
 21
-894.3715447473413
 31
0.0000000000007228
  0
LINE
  5
41B
330
2C6
100
AcDbEntity
  8
PART_0000005593
  6
Continuous
 62
     7
100
AcDbLine
 10
455148.5466560168
 20
-891.281920219354
 30
0.0000000000007228
 11
455148.5650226884
 21
-891.2699276350222
 31
0.0000000000007228
  0
LINE
  5
41C
330
2C6
100
AcDbEntity
  8
PART_0000005593
  6
Continuous
 62
     7
100
AcDbLine
 10
455141.9524067632
 20
-895.5876590275483
 30
0.0000000000007228
 11
455137.9107673217
 21
-898.2266620620984
 31
0.0000000000007228
  0
LINE
  5
41D
330
2C6
100
AcDbEntity
  8
PART_0000005593
  6
Continuous
 62
     7
100
AcDbLine
 10
455137.9107673217
 20
-898.2266620620984
 30
0.0000000000007228
 11
455140.508580721
 21
-896.5304104436118
 31
0.0000000000007228
  0
LINE
  5
41E
330
2C6
100
AcDbEntity
  8
PART_0000005593
  6
Continuous
 62
     7
100
AcDbLine
 10
455140.508580721
 20
-896.5304104436118
 30
0.0000000000007228
 11
455141.9524067632
 21
-895.5876590275483
 31
0.0000000000007228
  0
LINE
  5
41F
330
2C6
100
AcDbEntity
  8
PART_0000005593
  6
Continuous
 62
     7
100
AcDbLine
 10
455136.2844502556
 20
-899.2885716497303
 30
0.0000000000007228
 11
455134.2751373073
 21
-900.600559778516
 31
0.0000000000007228
  0
LINE
  5
420
330
2C6
100
AcDbEntity
  8
PART_0000005593
  6
Continuous
 62
     7
100
AcDbLine
 10
455134.3060664239
 20
-900.5803645004098
 30
0.0000000000007228
 11
455136.2844502556
 21
-899.2885716497157
 31
0.0000000000007228
  0
LINE
  5
421
330
2C6
100
AcDbEntity
  8
PART_0000005593
  6
Continuous
 62
     7
100
AcDbLine
 10
455133.8724824888
 20
-900.8634746929793
 30
0.0000000000007228
 11
455134.8406242135
 21
-900.2313230657938
 31
0.0000000000007228
  0
ARC
  5
422
330
2C6
100
AcDbEntity
  8
PART_0000005593
  6
Continuous
 62
     7
100
AcDbCircle
 10
455140.5769214369
 20
-896.6350744132114
 30
0.0000000000007228
 40
0.1250000000000304
100
AcDbArc
 50
123.1426729177288
 51
213.142672929453
  0
ARC
  5
423
330
2C6
100
AcDbEntity
  8
PART_0000005593
  6
Continuous
 62
     7
100
AcDbCircle
 10
455137.9791080377
 20
-898.3313260316981
 30
0.0000000000007228
 40
0.1249999999999554
100
AcDbArc
 50
123.1426729177288
 51
213.1426729294093
  0
LINE
  5
424
330
2C6
100
AcDbEntity
  8
PART_0000005593
  6
Continuous
 62
     7
100
AcDbLine
 10
455140.4722574673
 20
-896.7034151292365
 30
0.0000000000007228
 11
455137.8744440682
 21
-898.3996667477377
 31
0.0000000000007228
  0
ARC
  5
425
330
2C6
100
AcDbEntity
  8
PART_0000005593
  6
Continuous
 62
     7
100
AcDbCircle
 10
455140.3675934977
 20
-896.7717558452759
 30
0.0000000000007228
 40
0.1249999999995836
100
AcDbArc
 50
303.1426729178713
 51
33.14267292849306
  0
ARC
  5
426
330
2C6
100
AcDbEntity
  8
PART_0000005593
  6
Continuous
 62
     7
100
AcDbCircle
 10
455142.0207474791
 20
-895.6923229971479
 30
0.0000000000007228
 40
0.1250000000000664
100
AcDbArc
 50
33.14267292875485
 51
123.1426729177003
  0
ARC
  5
427
330
2C6
100
AcDbEntity
  8
PART_0000005593
  6
Continuous
 62
     7
100
AcDbCircle
 10
455137.7697800985
 20
-898.4680074637772
 30
0.0000000000007228
 40
0.1249999999994157
100
AcDbArc
 50
303.1426729179283
 51
33.14267292849306
  0
ARC
  5
428
330
2C6
100
AcDbEntity
  8
PART_0000005593
  6
Continuous
 62
     7
100
AcDbCircle
 10
455142.2300754182
 20
-895.555641565069
 30
0.0000000000007228
 40
0.124999999999743
100
AcDbArc
 50
213.1426729291039
 51
303.1426729178143
  0
ARC
  5
429
330
2C6
100
AcDbEntity
  8
PART_0000005593
  6
Continuous
 62
     7
100
AcDbCircle
 10
455148.6333634044
 20
-891.3745916046073
 30
0.0000000000007228
 40
0.1249999999998805
100
AcDbArc
 50
33.14267292866759
 51
123.1426729177573
  0
ARC
  5
42A
330
2C6
100
AcDbEntity
  8
PART_0000005593
  6
Continuous
 62
     7
100
AcDbCircle
 10
455148.8426913436
 20
-891.2379101725427
 30
0.0000000000007228
 40
0.1249999999997733
100
AcDbArc
 50
213.1426729291039
 51
303.1426729496698
  0
ELLIPSE
  5
42B
330
2C6
100
AcDbEntity
  8
PART_0000005593
  6
Continuous
 62
     7
100
AcDbEllipse
 10
455156.3642698066
 20
-886.3266684163145
 30
0.0000000000007228
 11
-0.068340716034232
 21
0.1046639695975182
 31
0.0
210
0.0
220
0.0
230
1.0
 40
0.7689464012627397
 41
4.712388980122756
 42
6.283182625085589
  0
LINE
  5
42C
330
2C6
100
AcDbEntity
  8
PART_0000005593
  6
Continuous
 62
     7
100
AcDbLine
 10
455134.3060664239
 20
-900.5803645004098
 30
0.0000000000007228
 11
455134.3744071233
 21
-900.6850284808942
 31
0.0000000000007228
  0
ARC
  5
42D
330
2C6
100
AcDbEntity
  8
PART_0000005593
  6
Continuous
 62
     7
100
AcDbCircle
 10
455129.2410205011
 20
-904.036902193523
 30
0.0000000000007228
 40
0.1250087277013739
100
AcDbArc
 50
123.138024113121
 51
213.1386728842243
  0
ELLIPSE
  5
42E
330
2C6
100
AcDbEntity
  8
PART_0000005593
  6
Continuous
 62
     7
100
AcDbEllipse
 10
455134.373692407
 20
-900.6854951574396
 30
0.0000000000007228
 11
-0.0683407160337879
 21
0.1046639695975182
 31
0.0
210
0.0
220
0.0
230
1.0
 40
0.0068286752360894
 41
3.14156951704919
 42
4.712388980205517
  0
ARC
  5
42F
330
2C6
100
AcDbEntity
  8
PART_0000005593
  6
Continuous
 62
     7
100
AcDbCircle
 10
455136.3527909717
 20
-899.3932356193154
 30
0.0000000000007228
 40
0.1250000000004022
100
AcDbArc
 50
33.14267292919117
 51
123.1426729176149
  0
ARC
  5
430
330
2C6
100
AcDbEntity
  8
PART_0000005593
  6
Continuous
 62
     7
100
AcDbCircle
 10
455129.0316684039
 20
-904.1735785536484
 30
0.0000000000007228
 40
0.1250087276764075
100
AcDbArc
 50
303.1380244073204
 51
33.13867291477777
  0
ARC
  5
431
330
2C6
100
AcDbEntity
  8
PART_0000005593
  6
Continuous
 62
     7
100
AcDbCircle
 10
455136.5621189108
 20
-899.2565541872364
 30
0.0000000000007228
 40
0.1249999999996443
100
AcDbArc
 50
213.1426729290603
 51
303.1426729496983
  0
LINE
  5
432
330
2C6
100
AcDbEntity
  8
PART_0000005593
  6
Continuous
 62
     7
100
AcDbLine
 10
455102.6427860597
 20
-913.9589641167303
 30
0.0000000000007228
 11
455106.3455599511
 21
-913.9588056514231
 31
0.0000000000007228
  0
LINE
  5
433
330
2C6
100
AcDbEntity
  8
PART_0000005593
  6
Continuous
 62
     7
100
AcDbLine
 10
455109.7107518168
 20
-913.9586616334026
 30
0.0000000000007228
 11
455112.0914593734
 21
-913.9585597477461
 31
0.0000000000007228
  0
LINE
  5
434
330
2C6
100
AcDbEntity
  8
PART_0000005593
  6
Continuous
 62
     7
100
AcDbLine
 10
455112.0914593734
 20
-913.9585597477461
 30
0.0000000000007228
 11
455113.6747927052
 21
-913.9584919868111
 31
0.0000000000007228
  0
LINE
  5
435
330
2C6
100
AcDbEntity
  8
PART_0000005593
  6
Continuous
 62
     7
100
AcDbLine
 10
455110.873521616
 20
-913.9586118710623
 30
0.0000000000007228
 11
455109.4438587806
 21
-913.9586730554629
 31
0.0000000000007228
  0
LINE
  5
436
330
2C6
100
AcDbEntity
  8
PART_0000005593
  6
Continuous
 62
     7
100
AcDbLine
 10
455107.7196821295
 20
-913.9587468439758
 30
0.0000000000007228
 11
455106.0161838623
 21
-913.9588197475287
 31
0.0000000000007228
  0
ARC
  5
437
330
2C6
100
AcDbEntity
  8
PART_0000005593
  6
Continuous
 62
     7
100
AcDbCircle
 10
455105.6042852415
 20
-914.0838373754132
 30
0.0000000000007228
 40
0.1249999999998338
100
AcDbArc
 50
180.002452051253
 51
270.0024520645932
  0
ARC
  5
438
330
2C6
100
AcDbEntity
  8
PART_0000005593
  6
Continuous
 62
     7
100
AcDbCircle
 10
455102.3927260524
 20
-914.0839540893111
 30
0.0000000000007228
 40
0.1250207314736847
100
AcDbArc
 50
269.9915025462056
 51
359.9929520668264
  0
ARC
  5
439
330
2C6
100
AcDbEntity
  8
PART_0000005593
  6
Continuous
 62
     7
100
AcDbCircle
 10
455092.1318977048
 20
-914.1134295558341
 30
0.0000000000007228
 40
14.21340398437914
100
AcDbArc
 50
359.6155255847437
 51
0.1194172212937032
  0
ARC
  5
43A
330
2C6
100
AcDbEntity
  8
PART_0000005593
  6
Continuous
 62
     7
100
AcDbCircle
 10
455102.6427675136
 20
-914.083984847025
 30
0.0000000000007228
 40
0.1250207316719111
100
AcDbArc
 50
89.99150049216686
 51
179.9929519734702
  0
ARC
  5
43B
330
2C6
100
AcDbEntity
  8
PART_0000005593
  6
Continuous
 62
     7
100
AcDbCircle
 10
455110.1171219442
 20
-914.0836280481208
 30
0.0000000000007228
 40
0.1250161956355674
100
AcDbArc
 50
180.0098739803166
 51
270.0110318875512
  0
SPLINE
  5
43C
330
2C6
100
AcDbEntity
  8
PART_0000005593
  6
Continuous
 62
     7
100
AcDbSpline
210
0.0
220
0.0
230
1.0
 70
     8
 71
     3
 72
    23
 73
    19
 74
     0
 42
0.000000001
 43
0.0000000001
 40
0.0
 40
0.0
 40
0.0
 40
0.0
 40
0.050441932219231
 40
0.050441932219231
 40
0.050441932219231
 40
0.1407087185629138
 40
0.1407087185629138
 40
0.1407087185629138
 40
0.3555984772911529
 40
0.3555984772911529
 40
0.3555984772911529
 40
0.5704195700550338
 40
0.5704195700550338
 40
0.5704195700550338
 40
0.7852087823724659
 40
0.7852087823724659
 40
0.7852087823724659
 40
1.0
 40
1.0
 40
1.0
 40
1.0
 10
455106.3455599511
 20
-913.9588056514231
 30
0.0000000000007228
 10
455106.3455522153
 20
-913.9588056517577
 30
0.0000000000007228
 10
455106.3455444791
 20
-913.9589352403172
 30
0.0000000000007228
 10
455106.3455367783
 20
-913.9591938153944
 30
0.0000000000007228
 10
455106.3455228351
 20
-913.9596620037673
 30
0.0000000000007228
 10
455106.3455089535
 20
-913.9605564073034
 30
0.0000000000007228
 10
455106.345495345
 20
-913.9618634455738
 30
0.0000000000007228
 10
455106.3454633267
 20
-913.9649386888095
 30
0.0000000000007228
 10
455106.3454322174
 20
-913.9704122417942
 30
0.0000000000007228
 10
455106.3454045928
 20
-913.9778315951016
 30
0.0000000000007228
 10
455106.3453769768
 20
-913.9852486030331
 30
0.0000000000007228
 10
455106.345352082
 20
-913.9948146400028
 30
0.0000000000007228
 10
455106.3453319698
 20
-914.005738602359
 30
0.0000000000007228
 10
455106.3453118607
 20
-914.0166609231282
 30
0.0000000000007228
 10
455106.3452959785
 20
-914.0292418842337
 30
0.0000000000007228
 10
455106.3452856394
 20
-914.0424402861436
 30
0.0000000000007228
 10
455106.3452753002
 20
-914.0556387566221
 30
0.0000000000007228
 10
455106.3452702193
 20
-914.0698186532873
 30
0.0000000000007228
 10
455106.3452708179
 20
-914.0838056639086
 30
0.0000000000007228
  0
ARC
  5
43D
330
2C6
100
AcDbEntity
  8
PART_0000005593
  6
Continuous
 62
     7
100
AcDbCircle
 10
455109.8670895561
 20
-914.0836711374769
 30
0.0000000000007228
 40
0.1250161960554303
100
AcDbArc
 50
0.0098741670231807
 51
90.01103642259916
  0
ARC
  5
43E
330
2C6
100
AcDbEntity
  8
PART_0000005593
  6
Continuous
 62
     7
100
AcDbCircle
 10
455111.841464723
 20
-914.0835704467217
 30
0.0000000000007228
 40
0.1250000000000483
100
AcDbArc
 50
270.0024520645932
 51
0.0024520512530345
  0
ARC
  5
43F
330
2C6
100
AcDbEntity
  8
PART_0000005593
  6
Continuous
 62
     7
100
AcDbCircle
 10
455113.9247980545
 20
-914.0834812876027
 30
0.0000000000007228
 40
0.1250000000000484
100
AcDbArc
 50
180.002452051253
 51
270.0024520379127
  0
ARC
  5
440
330
2C6
100
AcDbEntity
  8
PART_0000005593
  6
Continuous
 62
     7
100
AcDbCircle
 10
455112.0914647229
 20
-914.0835597476298
 30
0.0000000000007228
 40
0.1249999999999929
100
AcDbArc
 50
90.00245206459322
 51
180.002452051253
  0
ARC
  5
441
330
2C6
100
AcDbEntity
  8
PART_0000005593
  6
Continuous
 62
     7
100
AcDbCircle
 10
455113.6747980548
 20
-914.0834919867092
 30
0.0000000000007228
 40
0.1249999999998818
100
AcDbArc
 50
0.0024520579231411
 51
90.00245206459322
  0
ARC
  5
442
330
2C6
100
AcDbEntity
  8
PART_0000005593
  6
Continuous
 62
     7
100
AcDbCircle
 10
455113.9568269395
 20
-914.0835023142471
 30
0.0000000000007228
 40
0.1250224000218593
100
AcDbArc
 50
0.0127164073378321
 51
90.01427339149239
  0
LINE
  5
443
330
2C6
100
AcDbEntity
  8
PART_0000005593
  6
Continuous
 62
     7
100
AcDbLine
 10
455421.0576185208
 20
-889.4943465984589
 30
0.0000000000007228
 11
455419.9594730919
 21
-888.7774426439328
 31
0.0000000000007228
  0
LINE
  5
444
330
2C6
100
AcDbEntity
  8
PART_0000005593
  6
Continuous
 62
     7
100
AcDbLine
 10
455419.9594730919
 20
-888.7774426439328
 30
0.0000000000007228
 11
455418.9053859383
 21
-888.0893013204667
 31
0.0000000000007228
  0
LINE
  5
445
330
2C6
100
AcDbEntity
  8
PART_0000005593
  6
Continuous
 62
     7
100
AcDbLine
 10
455418.9053859383
 20
-888.0893013204667
 30
0.0000000000007228
 11
455419.9651492528
 21
-888.7811482207663
 31
0.0000000000007228
  0
LINE
  5
446
330
2C6
100
AcDbEntity
  8
PART_0000005593
  6
Continuous
 62
     7
100
AcDbLine
 10
455419.9651492528
 20
-888.7811482207663
 30
0.0000000000007228
 11
455421.0576185208
 21
-889.4943465984589
 31
0.0000000000007228
  0
LINE
  5
447
330
2C6
100
AcDbEntity
  8
PART_0000005593
  6
Continuous
 62
     7
100
AcDbLine
 10
455428.9670903549
 20
-894.3593412663949
 30
0.0000000000007228
 11
455429.6408364722
 21
-894.7991839713113
 31
0.0000000000007228
  0
LINE
  5
448
330
2C6
100
AcDbEntity
  8
PART_0000005593
  6
Continuous
 62
     7
100
AcDbLine
 10
455428.4086411255
 20
-893.9947680046362
 30
0.0000000000007228
 11
455427.2876905175
 21
-893.2629761102043
 31
0.0000000000007228
  0
LINE
  5
449
330
2C6
100
AcDbEntity
  8
PART_0000005593
  6
Continuous
 62
     7
100
AcDbLine
 10
455429.6408364722
 20
-894.7991839713113
 30
0.0000000000007228
 11
455430.3757763321
 21
-895.2789758805783
 31
0.0000000000007228
  0
LINE
  5
44A
330
2C6
100
AcDbEntity
  8
PART_0000005593
  6
Continuous
 62
     7
100
AcDbLine
 10
455429.7516434772
 20
-895.1700801652959
 30
0.0000000000007228
 11
455428.629623725
 21
-894.4375902998336
 31
0.0000000000007228
  0
LINE
  5
44B
330
2C6
100
AcDbEntity
  8
PART_0000005593
  6
Continuous
 62
     7
100
AcDbLine
 10
455428.629623725
 20
-894.4375902998336
 30
0.0000000000007228
 11
455424.24613504
 21
-891.5759106988016
 31
0.0000000000007228
  0
LINE
  5
44C
330
2C6
100
AcDbEntity
  8
PART_0000005593
  6
Continuous
 62
     7
100
AcDbLine
 10
455424.24613504
 20
-891.5759106988016
 30
0.0000000000007228
 11
455427.1495020739
 21
-893.4713202259199
 31
0.0000000000007228
  0
LINE
  5
44D
330
2C6
100
AcDbEntity
  8
PART_0000005593
  6
Continuous
 62
     7
100
AcDbLine
 10
455427.4580315138
 20
-893.6727379705454
 30
0.0000000000007228
 11
455427.0244910578
 21
-893.3897090936852
 31
0.0000000000007228
  0
LINE
  5
44E
330
2C6
100
AcDbEntity
  8
PART_0000005593
  6
Continuous
 62
     7
100
AcDbLine
 10
455424.1280114477
 20
-891.4987958939937
 30
0.0000000000007228
 11
455427.3121760751
 21
-893.5775189420429
 31
0.0000000000007228
  0
LINE
  5
44F
330
2C6
100
AcDbEntity
  8
PART_0000005593
  6
Continuous
 62
     7
100
AcDbLine
 10
455427.3121760751
 20
-893.5775189420429
 30
0.0000000000007228
 11
455430.507157729
 21
-895.6633036861504
 31
0.0000000000007228
  0
LINE
  5
450
330
2C6
100
AcDbEntity
  8
PART_0000005593
  6
Continuous
 62
     7
100
AcDbLine
 10
455430.507157729
 20
-895.6633036861504
 30
0.0000000000007228
 11
455428.4209685496
 21
-894.3013736236506
 31
0.0000000000007228
  0
LINE
  5
451
330
2C6
100
AcDbEntity
  8
PART_0000005593
  6
Continuous
 62
     7
100
AcDbLine
 10
455428.4209685496
 20
-894.3013736236506
 30
0.0000000000007228
 11
455427.218132158
 21
-893.516124108345
 31
0.0000000000007228
  0
LINE
  5
452
330
2C6
100
AcDbEntity
  8
PART_0000005593
  6
Continuous
 62
     7
100
AcDbLine
 10
455427.218132158
 20
-893.516124108345
 30
0.0000000000007228
 11
455425.9906444133
 21
-892.7147814125246
 31
0.0000000000007228
  0
LINE
  5
453
330
2C6
100
AcDbEntity
  8
PART_0000005593
  6
Continuous
 62
     7
100
AcDbLine
 10
455417.7474431766
 20
-887.3333597819774
 30
0.0000000000007228
 11
455420.1347301112
 21
-888.891855951083
 31
0.0000000000007228
  0
LINE
  5
454
330
2C6
100
AcDbEntity
  8
PART_0000005593
  6
Continuous
 62
     7
100
AcDbLine
 10
455420.2084438148
 20
-888.9399785805045
 30
0.0000000000007228
 11
455422.9203502635
 21
-890.7103966018958
 31
0.0000000000007228
  0
LINE
  5
455
330
2C6
100
AcDbEntity
  8
PART_0000005593
  6
Continuous
 62
     7
100
AcDbLine
 10
455417.0426806222
 20
-886.8732685691838
 30
0.0000000000007228
 11
455417.7474431766
 21
-887.3333597819774
 31
0.0000000000007228
  0
LINE
  5
456
330
2C6
100
AcDbEntity
  8
PART_0000005593
  6
Continuous
 62
     7
100
AcDbLine
 10
455415.4154629837
 20
-885.8109695974754
 30
0.0000000000007228
 11
455412.9838559983
 21
-884.2235399020911
 31
0.0000000000007228
  0
LINE
  5
457
330
2C6
100
AcDbEntity
  8
PART_0000005593
  6
Continuous
 62
     7
100
AcDbLine
 10
455412.9838559983
 20
-884.2235399020911
 30
0.0000000000007228
 11
455409.7211798334
 21
-882.0935620472491
 31
0.0000000000007228
  0
LINE
  5
458
330
2C6
100
AcDbEntity
  8
PART_0000005593
  6
Continuous
 62
     7
100
AcDbLine
 10
455416.1892453464
 20
-886.3161191169393
 30
0.0000000000007228
 11
455415.4154629837
 21
-885.8109695974754
 31
0.0000000000007228
  0
SPLINE
  5
459
330
2C6
100
AcDbEntity
  8
PART_0000005593
  6
Continuous
 62
     7
100
AcDbSpline
210
0.0
220
0.0
230
1.0
 70
     8
 71
     3
 72
    12
 73
     8
 74
     0
 42
0.000000001
 43
0.0000000001
 40
0.0
 40
0.0
 40
0.0
 40
0.0
 40
0.2500000000000015
 40
0.2500000000000015
 40
0.5000000000000031
 40
0.5000000000000031
 40
1.0
 40
1.0
 40
1.0
 40
1.0
 10
455430.4416769526
 20
-895.4712768270738
 30
0.0000000000007228
 10
455430.4295921871
 20
-895.4897881351397
 30
0.0000000000007228
 10
455430.4247717129
 20
-895.5114109225588
 30
0.0000000000007228
 10
455430.4257833599
 20
-895.5514501563348
 30
0.0000000000007228
 10
455430.4310900143
 20
-895.5697979208681
 30
0.0000000000007228
 10
455430.4539384118
 20
-895.6188697916122
 30
0.0000000000007228
 10
455430.4785593941
 20
-895.6446337915012
 30
0.0000000000007228
 10
455430.507157729
 20
-895.6633036861504
 30
0.0000000000007228
  0
LINE
  5
45A
330
2C6
100
AcDbEntity
  8
PART_0000005593
  6
Continuous
 62
     7
100
AcDbLine
 10
455429.6962399746
 20
-894.9846320683036
 30
0.0000000000007228
 11
455430.4416769526
 21
-895.4712768270738
 31
0.0000000000007228
  0
SPLINE
  5
45B
330
2C6
100
AcDbEntity
  8
PART_0000005593
  6
Continuous
 62
     7
100
AcDbSpline
210
0.0
220
0.0
230
1.0
 70
     8
 71
     3
 72
    12
 73
     8
 74
     0
 42
0.000000001
 43
0.0000000001
 40
0.0
 40
0.0
 40
0.0
 40
0.0
 40
0.4999999999999436
 40
0.4999999999999436
 40
0.7499999999999718
 40
0.7499999999999718
 40
1.0
 40
1.0
 40
1.0
 40
1.0
 10
455430.3757763321
 20
-895.2789758805783
 30
0.0000000000007228
 10
455430.4045184361
 20
-895.2977396320831
 30
0.0000000000007228
 10
455430.4292581215
 20
-895.3235089967392
 30
0.0000000000007228
 10
455430.4522161522
 20
-895.3726222285959
 30
0.0000000000007228
 10
455430.4575507485
 20
-895.390990406614
 30
0.0000000000007228
 10
455430.4585959878
 20
-895.4310768994664
 30
0.0000000000007228
 10
455430.4537796879
 20
-895.4527379930995
 30
0.0000000000007228
 10
455430.4416769526
 20
-895.4712768270738
 30
0.0000000000007228
  0
ELLIPSE
  5
45C
330
2C6
100
AcDbEntity
  8
PART_0000005593
  6
Continuous
 62
     7
100
AcDbEllipse
 10
455429.8199752344
 20
-895.0654103466122
 30
0.0000000000007228
 11
0.1237352598248975
 21
-0.0807782783116551
 31
0.0
210
0.0
220
0.0
230
1.0
 40
0.8459174760105943
 41
3.141592652534754
 42
4.712388980209214
  0
ELLIPSE
  5
45D
330
2C6
100
AcDbEntity
  8
PART_0000005593
  6
Continuous
 62
     7
100
AcDbEllipse
 10
455429.5725047149
 20
-894.903853789995
 30
0.0000000000007228
 11
0.1237352598248975
 21
-0.0807782783125433
 31
0.0
210
0.0
220
0.0
230
0.9999999999999998
 40
0.8459174760116447
 41
6.283185307179586
 42
7.853981633805788
  0
ARC
  5
45E
330
2C6
100
AcDbEntity
  8
PART_0000005593
  6
Continuous
 62
     7
100
AcDbCircle
 10
455409.7895184022
 20
-881.9888966752232
 30
0.0000000000007228
 40
0.1249978164277709
100
AcDbArc
 50
236.8585029358585
 51
326.8622311592614
  0
ARC
  5
45F
330
2C6
100
AcDbEntity
  8
PART_0000005593
  6
Continuous
 62
     7
100
AcDbCircle
 10
455409.9988614403
 20
-882.1255624100059
 30
0.0000000000007228
 40
0.1249999999995129
100
AcDbArc
 50
56.86223116113722
 51
146.8622311485209
  0
ARC
  5
460
330
2C6
100
AcDbEntity
  8
PART_0000005593
  6
Continuous
 62
     7
100
AcDbCircle
 10
455422.9886743551
 20
-890.6056999819165
 30
0.0000000000007228
 40
0.1250182536254507
100
AcDbArc
 50
146.8705959852849
 51
236.8718875065237
  0
ARC
  5
461
330
2C6
100
AcDbEntity
  8
PART_0000005593
  6
Continuous
 62
     7
100
AcDbCircle
 10
455422.7792841952
 20
-890.4690470786636
 30
0.0000000000007228
 40
0.1250182538044456
100
AcDbArc
 50
326.8705961031245
 51
56.87188937575355
  0
LINE
  5
462
330
2C6
100
AcDbEntity
  8
PART_0000005592
  6
Continuous
 62
     7
100
AcDbLine
 10
455235.7224327962
 20
-850.2032686442298
 30
0.0000000000007228
 11
455186.8890995076
 21
-850.2053585335861
 31
0.0000000000007228
  0
LINE
  5
463
330
2C6
100
AcDbEntity
  8
PART_0000005592
  6
Continuous
 62
     7
100
AcDbLine
 10
455011.8872808222
 20
-807.712847937034
 30
0.0000000000007228
 11
455011.8853549856
 21
-762.712847978245
 31
0.0000000000007228
  0
LINE
  5
464
330
2C6
100
AcDbEntity
  8
PART_0000005592
  6
Continuous
 62
     7
100
AcDbLine
 10
455111.8872807306
 20
-807.7085683001541
 30
0.0000000000007228
 11
455011.8872808222
 21
-807.712847937034
 31
0.0000000000007228
  0
LINE
  5
465
330
2C6
100
AcDbEntity
  8
PART_0000005592
  6
Continuous
 62
     7
100
AcDbLine
 10
455220.4524782405
 20
-859.5011578081367
 30
0.0000000000007228
 11
455151.3872806943
 21
-807.7068778435831
 31
0.0000000000007228
  0
LINE
  5
466
330
2C6
100
AcDbEntity
  8
PART_0000005592
  6
Continuous
 62
     7
100
AcDbLine
 10
455151.3872806943
 20
-807.7068778435831
 30
0.0000000000007228
 11
455111.8872807306
 21
-807.7085683001541
 31
0.0000000000007228
  0
LINE
  5
467
330
2C6
100
AcDbEntity
  8
PART_0000005592
  6
Continuous
 62
     7
100
AcDbLine
 10
455371.8888693077
 20
-844.8224412102764
 30
0.0000000000007228
 11
455371.8853546559
 21
-762.6974412854806
 31
0.0000000000007228
  0
LINE
  5
468
330
2C6
100
AcDbEntity
  8
PART_0000005592
  6
Continuous
 62
     7
100
AcDbLine
 10
455679.7441535239
 20
-807.6842660879819
 30
0.0000000000007228
 11
455711.8872801811
 21
-807.6828904788753
 31
0.0000000000007228
  0
LINE
  5
469
330
2C6
100
AcDbEntity
  8
PART_0000005592
  6
Continuous
 62
     7
100
AcDbLine
 10
455354.2388623823
 20
-858.0611266863025
 30
0.0000000000007228
 11
455371.8888693077
 21
-844.8224412102764
 31
0.0000000000007228
  0
LINE
  5
46A
330
2C6
100
AcDbEntity
  8
PART_0000005592
  6
Continuous
 62
     7
100
AcDbLine
 10
455371.8888693077
 20
-844.8224412102764
 30
0.0000000000007228
 11
455397.1807502206
 21
-825.8518392203013
 31
0.0000000000007228
  0
LINE
  5
46B
330
2C6
100
AcDbEntity
  8
PART_0000005592
  6
Continuous
 62
     7
100
AcDbLine
 10
455711.8872801811
 20
-807.6828904788753
 30
0.0000000000007228
 11
455711.8861769513
 21
-781.9043077758879
 31
0.0000000000007228
  0
LINE
  5
46C
330
2C6
100
AcDbEntity
  8
PART_0000005592
  6
Continuous
 62
     7
100
AcDbLine
 10
455477.8885504334
 20
-837.3692081006783
 30
0.0000000000007228
 11
455477.8888908709
 21
-845.324028934022
 31
0.0000000000007228
  0
LINE
  5
46D
330
2C6
100
AcDbEntity
  8
PART_0000005592
  6
Continuous
 62
     7
100
AcDbLine
 10
455477.8885504334
 20
-837.3692081006783
 30
0.0000000000007228
 11
455602.2081949032
 21
-807.6875843454663
 31
0.0000000000007228
  0
LINE
  5
46E
330
2C6
100
AcDbEntity
  8
PART_0000005592
  6
Continuous
 62
     7
100
AcDbLine
 10
455605.6588513463
 20
-807.6874366698948
 30
0.0000000000007228
 11
455477.8885856847
 21
-838.1929048012434
 31
0.0000000000007228
  0
LINE
  5
46F
330
2C6
100
AcDbEntity
  8
PART_0000005592
  6
Continuous
 62
     7
100
AcDbLine
 10
455453.9477919177
 20
-807.693929352351
 30
0.0000000000007228
 11
455449.1074400096
 21
-807.6941365018473
 31
0.0000000000007228
  0
ELLIPSE
  5
470
330
2C6
100
AcDbEntity
  8
PART_0000005592
  6
Continuous
 62
     7
100
AcDbEllipse
 10
455411.1681000478
 20
-790.6957601522635
 30
0.0000000000007228
 11
9.064461494440168
 21
0.0003879260374399
 31
0.0
210
0.0
220
0.0
230
0.9999999999999998
 40
0.9928885458091972
 41
5.168925171762513
 42
6.283185307179586
  0
ELLIPSE
  5
471
330
2C6
100
AcDbEntity
  8
PART_0000005592
  6
Continuous
 62
     7
100
AcDbEllipse
 10
455411.1681000478
 20
-790.6957601522635
 30
0.0000000000007228
 11
9.064461494440168
 21
0.0003879260374399
 31
0.0
210
0.0
220
0.0
230
0.9999999999999998
 40
0.9928885458091972
 41
0.0
 42
1.114260137441262
  0
ELLIPSE
  5
472
330
2C6
100
AcDbEntity
  8
PART_0000005592
  6
Continuous
 62
     7
100
AcDbEllipse
 10
455414.6986903631
 20
-790.6956090558133
 30
0.0000000000007228
 11
0.0003851673087141
 21
-8.9999999917581
 31
0.0
210
0.0
220
0.0
230
0.9999999999999996
 40
0.9928885458091947
 41
0.2490276244274258
 42
2.892565029156112
  0
ELLIPSE
  5
473
330
2C6
100
AcDbEntity
  8
PART_0000005592
  6
Continuous
 62
     7
100
AcDbEllipse
 10
455417.0796427418
 20
-790.6955071596939
 30
0.0000000000007228
 11
-0.0003851673078259
 21
8.9999999917581
 31
0.0
210
0.0
220
0.0
230
1.0
 40
0.9928885458091947
 41
3.255075231250448
 42
6.16970272951852
  0
ELLIPSE
  5
474
330
2C6
100
AcDbEntity
  8
PART_0000005592
  6
Continuous
 62
     7
100
AcDbEllipse
 10
455419.1034522637
 20
-790.6954205480042
 30
0.0000000000007228
 11
-0.0003851673078259
 21
8.9999999917581
 31
0.0
210
0.0
220
0.0
230
1.0
 40
0.9928885458091947
 41
0.0
 42
6.283185307179586
  0
LINE
  5
475
330
2C6
100
AcDbEntity
  8
PART_0000005592
  6
Continuous
 62
     7
100
AcDbLine
 10
455454.9607992583
 20
-807.6938859993143
 30
0.0000000000007228
 11
455679.7441535239
 21
-807.6842660879819
 31
0.0000000000007228
  0
ELLIPSE
  5
476
330
2C6
100
AcDbEntity
  8
PART_0000005592
  6
Continuous
 62
     7
100
AcDbEllipse
 10
455426.0698298923
 20
-794.6951224159902
 30
0.0000000000007228
 11
0.001283891059245
 21
-29.99999997252706
 31
0.0
210
0.0
220
0.0
230
1.0
 40
0.9630137679885702
 41
1.570796326794606
 42
4.712388980384884
  0
LINE
  5
477
330
2C6
100
AcDbEntity
  8
PART_0000005592
  6
Continuous
 62
     7
100
AcDbLine
 10
455397.179416879
 20
-794.6963588207627
 30
0.0000000000007228
 11
455397.1807502206
 21
-825.8518392203013
 31
0.0000000000007228
  0
LINE
  5
478
330
2C6
100
AcDbEntity
  8
PART_0000005592
  6
Continuous
 62
     7
100
AcDbLine
 10
455454.9607992583
 20
-807.6938859993143
 30
0.0000000000007228
 11
455454.9602429054
 21
-794.6938860112322
 31
0.0000000000007228
  0
CIRCLE
  5
479
330
2C6
100
AcDbEntity
  8
PART_0000005592
  6
Continuous
 62
     7
100
AcDbCircle
 10
455286.3879439145
 20
-823.201100319614
 30
0.0000000000007228
 40
16.0
  0
LINE
  5
47A
330
2C6
100
AcDbEntity
  8
PART_0000005592
  6
Continuous
 62
     7
100
AcDbLine
 10
455111.8872807306
 20
-807.7085683001541
 30
0.0000000000007228
 11
455111.8873877215
 21
-810.2085682978694
 31
0.0000000000007228
  0
LINE
  5
47B
330
2C6
100
AcDbEntity
  8
PART_0000005592
  6
Continuous
 62
     7
100
AcDbLine
 10
455194.7220048701
 20
-840.2050233045201
 30
0.0000000000007228
 11
455189.3886715416
 21
-840.2052515518198
 31
0.0000000000007228
  0
LINE
  5
47C
330
2C6
100
AcDbEntity
  8
PART_0000005592
  6
Continuous
 62
     7
100
AcDbLine
 10
455426.8875158221
 20
-813.1950874389341
 30
0.0000000000007228
 11
455426.8882219623
 21
-829.6950874238291
 31
0.0000000000007228
  0
LINE
  5
47D
330
2C6
100
AcDbEntity
  8
PART_0000005592
  6
Continuous
 62
     7
100
AcDbLine
 10
455186.888564553
 20
-837.7053585450239
 30
0.0000000000007228
 11
455186.8884201152
 21
-834.3303585481089
 31
0.0000000000007228
  0
LINE
  5
47E
330
2C6
100
AcDbEntity
  8
PART_0000005592
  6
Continuous
 62
     7
100
AcDbLine
 10
455453.9655705531
 20
-807.6939285914896
 30
0.0000000000007228
 11
455454.9607992583
 21
-807.6938859993143
 31
0.0000000000007228
  0
LINE
  5
47F
330
2C6
100
AcDbEntity
  8
PART_0000005592
  6
Continuous
 62
     7
100
AcDbLine
 10
455453.9477919177
 20
-807.693929352351
 30
0.0000000000007228
 11
455453.9655705531
 21
-807.6939285914896
 31
0.0000000000007228
  0
LINE
  5
480
330
2C6
100
AcDbEntity
  8
PART_0000005592
  6
Continuous
 62
     7
100
AcDbLine
 10
455186.888564553
 20
-837.7053585450239
 30
0.0000000000007228
 11
455186.888570942
 21
-837.854646044162
 31
0.0000000000007228
  0
LINE
  5
481
330
2C6
100
AcDbEntity
  8
PART_0000005592
  6
Continuous
 62
     7
100
AcDbLine
 10
455186.8890995076
 20
-850.2053585335861
 30
0.0000000000007228
 11
455186.888570942
 21
-837.854646044162
 31
0.0000000000007228
  0
ELLIPSE
  5
482
330
2C6
100
AcDbEntity
  8
PART_0000005592
  6
Continuous
 62
     7
100
AcDbEllipse
 10
455425.1492881316
 20
-794.6951618118373
 30
0.0000000000007228
 11
0.0012838910663504
 21
-29.99999997252717
 31
0.0
210
0.0
220
0.0
230
1.0
 40
0.9605242031701742
 41
1.570796326794925
 42
3.141592653590668
  0
LINE
  5
483
330
2C6
100
AcDbEntity
  8
PART_0000005592
  6
Continuous
 62
     7
100
AcDbLine
 10
455476.1074062381
 20
-848.7274701247269
 30
0.0000000000007228
 11
455451.6463690986
 21
-856.0669223407067
 31
0.0000000000007228
  0
LINE
  5
484
330
2C6
100
AcDbEntity
  8
PART_0000005592
  6
Continuous
 62
     7
100
AcDbLine
 10
455451.6463690986
 20
-856.0669223407067
 30
0.0000000000007228
 11
455438.0667878393
 21
-860.1414301875237
 31
0.0000000000007228
  0
LINE
  5
485
330
2C6
100
AcDbEntity
  8
PART_0000005592
  6
Continuous
 62
     7
100
AcDbLine
 10
455434.8549362358
 20
-810.6947464599988
 30
0.0000000000007228
 11
455429.2952554166
 21
-810.6949843941446
 31
0.0000000000007228
  0
LINE
  5
486
330
2C6
100
AcDbEntity
  8
PART_0000005592
  6
Continuous
 62
     7
100
AcDbLine
 10
455429.2952554166
 20
-810.6949843941446
 30
0.0000000000007228
 11
455399.5085990695
 21
-810.6962591548844
 31
0.0000000000007228
  0
LINE
  5
487
330
2C6
100
AcDbEntity
  8
PART_0000005592
  6
Continuous
 62
     7
100
AcDbLine
 10
455436.6406505199
 20
-810.6946700379094
 30
0.0000000000007228
 11
455436.6762077908
 21
-810.6946685161865
 31
0.0000000000007228
  0
LINE
  5
488
330
2C6
100
AcDbEntity
  8
PART_0000005592
  6
Continuous
 62
     7
100
AcDbLine
 10
455436.6406505199
 20
-810.6946700379094
 30
0.0000000000007228
 11
455434.8549362358
 21
-810.6947464599988
 31
0.0000000000007228
  0
LINE
  5
489
330
2C6
100
AcDbEntity
  8
PART_0000005592
  6
Continuous
 62
     7
100
AcDbLine
 10
455446.607568401
 20
-810.6942434900165
 30
0.0000000000007228
 11
455397.1801016209
 21
-810.6963588061089
 31
0.0000000000007228
  0
LINE
  5
48A
330
2C6
100
AcDbEntity
  8
PART_0000005592
  6
Continuous
 62
     7
100
AcDbLine
 10
455385.6661655007
 20
-810.6968515607777
 30
0.0000000000007228
 11
455429.387408829
 21
-810.6949804503138
 31
0.0000000000007228
  0
LINE
  5
48B
330
2C6
100
AcDbEntity
  8
PART_0000005592
  6
Continuous
 62
     7
100
AcDbLine
 10
455424.3883289553
 20
-832.1951944124785
 30
0.0000000000007228
 11
455388.7216623214
 21
-832.1967208162869
 31
0.0000000000007228
  0
LINE
  5
48C
330
2C6
100
AcDbEntity
  8
PART_0000005592
  6
Continuous
 62
     7
100
AcDbLine
 10
455208.0557661549
 20
-850.2044526771106
 30
0.0000000000007228
 11
455188.7827604432
 21
-850.2052774917729
 31
0.0000000000007228
  0
LINE
  5
48D
330
2C6
100
AcDbEntity
  8
PART_0000005592
  6
Continuous
 62
     7
100
AcDbLine
 10
455188.7827604432
 20
-850.2052774917729
 30
0.0000000000007228
 11
455186.8890995076
 21
-850.2053585335715
 31
0.0000000000007228
  0
LINE
  5
48E
330
2C6
100
AcDbEntity
  8
PART_0000005592
  6
Continuous
 62
     7
100
AcDbLine
 10
455477.8888908709
 20
-845.324028934022
 30
0.0000000000007228
 11
455477.8889340439
 21
-846.3328281665644
 31
0.0000000000007228
  0
LINE
  5
48F
330
2C6
100
AcDbEntity
  8
PART_0000005592
  6
Continuous
 62
     7
100
AcDbLine
 10
455396.8889239835
 20
-846.0994888413743
 30
0.0000000000007228
 11
455396.8883289806
 21
-832.196371312607
 31
0.0000000000007228
  0
ELLIPSE
  5
490
330
2C6
100
AcDbEntity
  8
PART_0000005592
  6
Continuous
 62
     7
100
AcDbEllipse
 10
455399.3889239813
 20
-846.0993818504547
 30
0.0000000000007228
 11
-0.0001549524693846
 21
3.620691979004669
 31
0.0
210
0.0
220
0.0
230
1.0
 40
0.6904757466825004
 41
1.570796326794192
 42
3.141592653586213
  0
ELLIPSE
  5
491
330
2C6
100
AcDbEntity
  8
PART_0000005592
  6
Continuous
 62
     7
100
AcDbEllipse
 10
455189.3889925143
 20
-847.7052515449512
 30
0.0000000000007228
 11
-1.970429262407868
 21
-1.970597924058015
 31
0.0
210
0.0
220
0.0
230
1.0
 40
0.7807764064065146
 41
0.6629088318304143
 42
0.9078874949772798
  0
ARC
  5
492
330
2C6
100
AcDbEntity
  8
PART_0000005592
  6
Continuous
 62
     7
100
AcDbCircle
 10
455189.3885645506
 20
-837.7052515541045
 30
0.0000000000007228
 40
2.500000000000078
100
AcDbArc
 50
180.0024520512529
 51
270.002452051253
  0
ARC
  5
493
330
2C6
100
AcDbEntity
  8
PART_0000005592
  6
Continuous
 62
     7
100
AcDbCircle
 10
455189.3885645506
 20
-837.7052515541045
 30
0.0000000000007228
 40
2.500000000000078
100
AcDbArc
 50
180.0024520512529
 51
270.002452051253
  0
ARC
  5
494
330
2C6
100
AcDbEntity
  8
PART_0000005592
  6
Continuous
 62
     7
100
AcDbCircle
 10
455424.3882219645
 20
-829.6951944147631
 30
0.0000000000007228
 40
2.500000000000079
100
AcDbArc
 50
270.002452051253
 51
0.0024520515864827
  0
ARC
  5
495
330
2C6
100
AcDbEntity
  8
PART_0000005592
  6
Continuous
 62
     7
100
AcDbCircle
 10
455429.3875158198
 20
-813.194980448029
 30
0.0000000000007228
 40
2.500000000000077
100
AcDbArc
 50
90.00245205125301
 51
180.0024520509195
  0
LINE
  5
496
330
2C6
100
AcDbEntity
  8
PART_0000005592
  6
Continuous
 62
     7
100
AcDbLine
 10
455453.9472355648
 20
-794.6939293642544
 30
0.0000000000007228
 11
455453.9650142003
 21
-794.693928603393
 31
0.0000000000007228
  0
ARC
  5
497
330
2C6
100
AcDbEntity
  8
PART_0000005592
  6
Continuous
 62
     7
100
AcDbCircle
 10
455475.3889340461
 20
-846.3329351574838
 30
0.0000000000007228
 40
2.500000000000078
100
AcDbArc
 50
286.7016962860304
 51
0.0024520512529774
  0
LINE
  5
498
330
2C6
100
AcDbEntity
  8
PART_0000005592
  6
Continuous
 62
     7
100
AcDbLine
 10
455429.8878289983
 20
-820.5128418031863
 30
0.0000000000007228
 11
455429.8894202577
 21
-857.6949590090999
 31
0.0000000000007228
  0
LINE
  5
499
330
2C6
100
AcDbEntity
  8
PART_0000005592
  6
Continuous
 62
     7
100
AcDbLine
 10
455429.8874088284
 20
-810.6949590521299
 30
0.0000000000007228
 11
455429.8878289983
 21
-820.5128418031863
 31
0.0000000000007228
  0
ELLIPSE
  5
49A
330
2C6
100
AcDbEntity
  8
PART_0000005592
  6
Continuous
 62
     7
100
AcDbEllipse
 10
455428.374253775
 20
-810.9244213065585
 30
0.0000000000007228
 11
-1.464954211416013
 21
9.831320952475575
 31
0.0
210
0.0
220
0.0
230
1.0
 40
0.03298169067626
 41
2.093919236638975
 42
3.359483104824872
  0
LINE
  5
49B
330
2C6
100
AcDbEntity
  8
PART_0000005592
  6
Continuous
 62
     7
100
AcDbLine
 10
455186.8891637021
 20
-851.7053585322036
 30
0.0000000000007228
 11
455186.8890995076
 21
-850.2053585335861
 31
0.0000000000007228
  0
LINE
  5
49C
330
2C6
100
AcDbEntity
  8
PART_0000005592
  6
Continuous
 62
     7
100
AcDbLine
 10
455365.3573329332
 20
-849.7215302646118
 30
0.0000000000007228
 11
455399.3890789338
 21
-849.7200738294532
 31
0.0000000000007228
  0
ELLIPSE
  5
49D
330
2C6
100
AcDbEntity
  8
PART_0000005592
  6
Continuous
 62
     7
100
AcDbEllipse
 10
455427.3874186481
 20
-810.9244635395198
 30
0.0000000000007228
 11
-2.407240605343474
 21
10.00533227908345
 31
0.0
210
0.0
220
0.0
230
0.9999999999999998
 40
0.0675838264881371
 41
2.149922693904619
 42
3.415486562446063
  0
ARC
  5
49E
330
2C6
100
AcDbEntity
  8
PART_0000005592
  6
Continuous
 62
     7
100
AcDbCircle
 10
455427.3894202601
 20
-857.6950660000193
 30
0.0000000000007228
 40
2.500000000000078
100
AcDbArc
 50
270.002452051253
 51
0.0024520512529774
  0
ARC
  5
49F
330
2C6
100
AcDbEntity
  8
PART_0000005592
  6
Continuous
 62
     7
100
AcDbCircle
 10
455427.3894202601
 20
-857.6950660000193
 30
0.0000000000007228
 40
2.500000000000078
100
AcDbArc
 50
270.002452051253
 51
0.0024520512529774
  0
LINE
  5
4A0
330
2C6
100
AcDbEntity
  8
PART_0000005592
  6
Continuous
 62
     7
100
AcDbLine
 10
455437.7427584053
 20
-860.1946229170325
 30
0.0000000000007228
 11
455427.389527251
 21
-860.1950659977202
 31
0.0000000000007228
  0
LINE
  5
4A1
330
2C6
100
AcDbEntity
  8
PART_0000005592
  6
Continuous
 62
     7
100
AcDbLine
 10
455438.0667878393
 20
-860.1414301875237
 30
0.0000000000007228
 11
455438.0301044856
 21
-860.1524369048465
 31
0.0000000000007228
  0
LINE
  5
4A2
330
2C6
100
AcDbEntity
  8
PART_0000005592
  6
Continuous
 62
     7
100
AcDbLine
 10
455291.9563502178
 20
-838.2008620257739
 30
0.0000000000007228
 11
455280.8208215023
 21
-838.2013385859654
 31
0.0000000000007228
  0
LINE
  5
4A3
330
2C6
100
AcDbEntity
  8
PART_0000005592
  6
Continuous
 62
     7
100
AcDbLine
 10
455427.3876442108
 20
-816.1950660380144
 30
0.0000000000007228
 11
455427.5767836691
 21
-816.1950579435407
 31
0.0000000000007228
  0
LINE
  5
4A4
330
2C6
100
AcDbEntity
  8
PART_0000005592
  6
Continuous
 62
     7
100
AcDbLine
 10
455427.5767836691
 20
-816.1950579435407
 30
0.0000000000007228
 11
455426.8876442113
 21
-816.1950874361982
 31
0.0000000000007228
  0
LINE
  5
4A5
330
2C6
100
AcDbEntity
  8
PART_0000005592
  6
Continuous
 62
     7
100
AcDbLine
 10
455427.389527251
 20
-860.1950659977202
 30
0.0000000000007228
 11
455411.3656687998
 21
-860.1957517606834
 31
0.0000000000007228
  0
LINE
  5
4A6
330
2C6
100
AcDbEntity
  8
PART_0000005592
  6
Continuous
 62
     7
100
AcDbLine
 10
455208.0854091727
 20
-852.7044514107883
 30
0.0000000000007228
 11
455187.8892064975
 21
-852.7053157349191
 31
0.0000000000007228
  0
LINE
  5
4A7
330
2C6
100
AcDbEntity
  8
PART_0000005592
  6
Continuous
 62
     7
100
AcDbLine
 10
455186.8890567113
 20
-849.2053585344883
 30
0.0000000000007228
 11
455186.889142304
 21
-851.2053585326547
 31
0.0000000000007228
  0
ARC
  5
4A8
330
2C6
100
AcDbEntity
  8
PART_0000005592
  6
Continuous
 62
     7
100
AcDbCircle
 10
455187.8891637012
 20
-851.7053157358359
 30
0.0000000000007228
 40
0.9999999999999003
100
AcDbArc
 50
180.002452051253
 51
270.002452051253
  0
ARC
  5
4A9
330
2C6
100
AcDbEntity
  8
PART_0000005592
  6
Continuous
 62
     7
100
AcDbCircle
 10
455437.7427156088
 20
-859.1946229179493
 30
0.0000000000007228
 40
0.999999999999998
100
AcDbArc
 50
270.002452051253
 51
286.7016962846392
  0
LINE
  5
4AA
330
2C6
100
AcDbEntity
  8
PART_0000005592
  6
Continuous
 62
     7
100
AcDbLine
 10
455335.8844987616
 20
-742.6989819730707
 30
0.0000000000007228
 11
455299.8844987945
 21
-742.7005226423544
 31
0.0000000000007228
  0
LINE
  5
4AB
330
2C6
100
AcDbEntity
  8
PART_0000005592
  6
Continuous
 62
     7
100
AcDbLine
 10
455272.8844988191
 20
-742.7016781442989
 30
0.0000000000007228
 11
455236.8844988521
 21
-742.7032188135826
 31
0.0000000000007228
  0
LINE
  5
4AC
330
2C6
100
AcDbEntity
  8
PART_0000005592
  6
Continuous
 62
     7
100
AcDbLine
 10
455695.4283945432
 20
-762.2213456117215
 30
0.0000000000007228
 11
455676.1423699832
 21
-758.7507132982036
 31
0.0000000000007228
  0
LINE
  5
4AD
330
2C6
100
AcDbEntity
  8
PART_0000005592
  6
Continuous
 62
     7
100
AcDbLine
 10
455586.8844985315
 20
-742.6882400845106
 30
0.0000000000007228
 11
455587.1071030303
 21
-742.728299059022
 31
0.0000000000007228
  0
LINE
  5
4AE
330
2C6
100
AcDbEntity
  8
PART_0000005592
  6
Continuous
 62
     7
100
AcDbLine
 10
455587.1071030303
 20
-742.728299059022
 30
0.0000000000007228
 11
455676.1423699832
 21
-758.7507132982036
 31
0.0000000000007228
  0
LINE
  5
4AF
330
2C6
100
AcDbEntity
  8
PART_0000005592
  6
Continuous
 62
     7
100
AcDbLine
 10
455676.1423699832
 20
-758.7507132982036
 30
0.0000000000007228
 11
455695.4283945432
 21
-762.2213456117215
 31
0.0000000000007228
  0
LINE
  5
4B0
330
2C6
100
AcDbEntity
  8
PART_0000005592
  6
Continuous
 62
     7
100
AcDbLine
 10
455031.8844990399
 20
-742.7119920691811
 30
0.0000000000007228
 11
455111.8844989666
 21
-742.708568359686
 31
0.0000000000007228
  0
LINE
  5
4B1
330
2C6
100
AcDbEntity
  8
PART_0000005592
  6
Continuous
 62
     7
100
AcDbLine
 10
455111.8844989666
 20
-742.708568359686
 30
0.0000000000007228
 11
455236.8844988521
 21
-742.7032188135826
 31
0.0000000000007228
  0
LINE
  5
4B2
330
2C6
100
AcDbEntity
  8
PART_0000005592
  6
Continuous
 62
     7
100
AcDbLine
 10
455368.1913457374
 20
-742.6975993573332
 30
0.0000000000007228
 11
455586.8844985315
 21
-742.688240084496
 31
0.0000000000007228
  0
LINE
  5
4B3
330
2C6
100
AcDbEntity
  8
PART_0000005592
  6
Continuous
 62
     7
100
AcDbLine
 10
455335.8844987616
 20
-742.6989819730707
 30
0.0000000000007228
 11
455368.1913457374
 21
-742.6975993573332
 31
0.0000000000007228
  0
LINE
  5
4B4
330
2C6
100
AcDbEntity
  8
PART_0000005592
  6
Continuous
 62
     7
100
AcDbLine
 10
455272.8844988191
 20
-742.7016781442989
 30
0.0000000000007228
 11
455299.8844987945
 21
-742.7005226423544
 31
0.0000000000007228
  0
ARC
  5
4B5
330
2C6
100
AcDbEntity
  8
PART_0000005592
  6
Continuous
 62
     7
100
AcDbCircle
 10
455691.8861769697
 20
-781.9051637032726
 30
0.0000000000007228
 40
19.99999999999974
100
AcDbArc
 50
0.0024520512946869
 51
79.79847832956235
  0
ELLIPSE
  5
4B6
330
2C6
100
AcDbEntity
  8
PART_0000005592
  6
Continuous
 62
     7
100
AcDbEllipse
 10
455585.0997029417
 20
-762.6883164855871
 30
0.0000000000007228
 11
1.783901439898372
 21
19.99005672769694
 31
0.0
210
0.0
220
0.0
230
0.9999999999999998
 40
0.3546683782241766
 41
4.744044109248641
 42
6.251530178322322
  0
ELLIPSE
  5
4B7
330
2C6
100
AcDbEntity
  8
PART_0000005592
  6
Continuous
 62
     7
100
AcDbEllipse
 10
455368.1922016648
 20
-762.6975993390124
 30
0.0000000000007228
 11
0.0008559273760866
 21
-19.99999998168467
 31
0.0
210
0.0
220
0.0
230
1.0
 40
0.1846576497232574
 41
1.570796326794605
 42
3.141592653584242
  0
ARC
  5
4B8
330
2C6
100
AcDbEntity
  8
PART_0000005592
  6
Continuous
 62
     7
100
AcDbCircle
 10
455031.8853549672
 20
-762.7119920508748
 30
0.0000000000007228
 40
20.00000000000018
100
AcDbArc
 50
90.00245205125301
 51
180.0024520512947
  0
LINE
  5
4B9
330
2C6
100
AcDbEntity
  8
PART_0000005592
  6
Continuous
 62
     7
100
AcDbLine
 10
455124.637620522
 20
-815.6480226391913
 30
0.0000000000007228
 11
455111.8876205338
 21
-815.648568292895
 31
0.0000000000007228
  0
LINE
  5
4BA
330
2C6
100
AcDbEntity
  8
PART_0000005592
  6
Continuous
 62
     7
100
AcDbLine
 10
455111.8876205338
 20
-815.648568292895
 30
0.0000000000007228
 11
455037.1376206022
 21
-815.6517673214594
 31
0.0000000000007228
  0
LINE
  5
4BB
330
2C6
100
AcDbEntity
  8
PART_0000005592
  6
Continuous
 62
     7
100
AcDbLine
 10
455127.1375135288
 20
-813.1479156505566
 30
0.0000000000007228
 11
455127.1373877075
 21
-810.2079156532463
 31
0.0000000000007228
  0
LINE
  5
4BC
330
2C6
100
AcDbEntity
  8
PART_0000005592
  6
Continuous
 62
     7
100
AcDbLine
 10
455034.6375136135
 20
-813.1518743146635
 30
0.0000000000007228
 11
455034.6373877922
 21
-810.2118743173678
 31
0.0000000000007228
  0
ELLIPSE
  5
4BD
330
2C6
100
AcDbEntity
  8
PART_0000005592
  6
Continuous
 62
     7
100
AcDbEllipse
 10
455128.0605702925
 20
-810.2078761443889
 30
0.0000000000007228
 11
-16.17318257103539
 21
-0.0006921534865811
 31
0.0
210
0.0
220
0.0
230
1.0
 40
0.1545768735825641
 41
4.712388980384531
 42
6.283185307179586
  0
ARC
  5
4BE
330
2C6
100
AcDbEntity
  8
PART_0000005592
  6
Continuous
 62
     7
100
AcDbCircle
 10
455032.1373877945
 20
-810.2119813082872
 30
0.0000000000007228
 40
2.500000000000149
100
AcDbArc
 50
0.0024520512529774
 51
90.00245205125301
  0
ARC
  5
4BF
330
2C6
100
AcDbEntity
  8
PART_0000005592
  6
Continuous
 62
     7
100
AcDbCircle
 10
455037.1375136113
 20
-813.1517673237439
 30
0.0000000000007228
 40
2.499999999999634
100
AcDbArc
 50
180.0024520512529
 51
270.002452051253
  0
ARC
  5
4C0
330
2C6
100
AcDbEntity
  8
PART_0000005592
  6
Continuous
 62
     7
100
AcDbCircle
 10
455124.6375135312
 20
-813.148022641476
 30
0.0000000000007228
 40
2.500000000000134
100
AcDbArc
 50
270.002452051253
 51
0.0024520512529774
  0
ARC
  5
4C1
330
2C6
100
AcDbEntity
  8
PART_0000005592
  6
Continuous
 62
     7
100
AcDbCircle
 10
455129.6373877053
 20
-810.2078086623269
 30
0.0000000000007228
 40
2.500000000000134
100
AcDbArc
 50
90.00245205125301
 51
180.0024520512529
  0
CIRCLE
  5
4C2
330
2C6
100
AcDbEntity
  8
PART_0000005592
  6
Continuous
 62
     7
100
AcDbCircle
 10
455321.3879438824
 20
-823.199602446698
 30
0.0000000000007228
 40
4.25
  0
CIRCLE
  5
4C3
330
2C6
100
AcDbEntity
  8
PART_0000005592
  6
Continuous
 62
     7
100
AcDbCircle
 10
455251.3879439465
 20
-823.2025981925152
 30
0.0000000000007228
 40
4.25
  0
LINE
  5
4C4
330
2C6
100
AcDbEntity
  8
PART_0000005592
  6
Continuous
 62
     7
100
AcDbLine
 10
455449.1074614078
 20
-808.1941365013816
 30
0.0000000000007228
 11
455449.1061702448
 21
-778.0242173972992
 31
0.0000000000007228
  0
ARC
  5
4C5
330
2C6
100
AcDbEntity
  8
PART_0000005592
  6
Continuous
 62
     7
100
AcDbCircle
 10
455446.6074614101
 20
-808.1942434923012
 30
0.0000000000007228
 40
2.500000000000022
100
AcDbArc
 50
270.002452051253
 51
0.0024520512529774
  0
LINE
  5
4C6
330
2C6
100
AcDbEntity
  8
PART_0000005592
  6
Continuous
 62
     7
100
AcDbLine
 10
455453.9472355648
 20
-794.6939293642544
 30
0.0000000000007228
 11
455453.9477919177
 21
-807.693929352351
 31
0.0000000000007228
  0
LINE
  5
4C7
330
2C6
100
AcDbEntity
  8
70.003.220081
  6
Continuous
 62
     7
100
AcDbLine
 10
455089.6451500397
 20
-862.165793435609
 30
0.0000000000007228
 11
455074.6451500397
 21
-862.165793435609
 31
0.0000000000007228
  0
LINE
  5
4C8
330
2C6
100
AcDbEntity
  8
70.003.220081
  6
Continuous
 62
     7
100
AcDbLine
 10
455074.1451500397
 20
-862.6657934356089
 30
0.0000000000007228
 11
455090.1451500396
 21
-862.6657934356089
 31
0.0000000000007228
  0
LINE
  5
4C9
330
2C6
100
AcDbEntity
  8
70.003.220081
  6
Continuous
 62
     7
100
AcDbLine
 10
455090.1451500396
 20
-914.2094989689113
 30
0.0000000000007228
 11
455090.1451500396
 21
-899.2657934356001
 31
0.0000000000007228
  0
LINE
  5
4CA
330
2C6
100
AcDbEntity
  8
70.003.220081
  6
Continuous
 62
     7
100
AcDbLine
 10
455090.1451500396
 20
-869.6077410456391
 30
0.0000000000007228
 11
455090.1451500396
 21
-862.6657934356089
 31
0.0000000000007228
  0
LINE
  5
4CB
330
2C6
100
AcDbEntity
  8
70.003.220081
  6
Continuous
 62
     7
100
AcDbLine
 10
455074.1451500397
 20
-862.6657934356089
 30
0.0000000000007228
 11
455074.1451500397
 21
-871.4460439795994
 31
0.0000000000007228
  0
LINE
  5
4CC
330
2C6
100
AcDbEntity
  8
70.003.220081
  6
Continuous
 62
     7
100
AcDbLine
 10
455074.1451500397
 20
-899.2657934356001
 30
0.0000000000007228
 11
455074.1451500397
 21
-914.2101837108102
 31
0.0000000000007228
  0
LINE
  5
4CD
330
2C6
100
AcDbEntity
  8
70.003.220081
  6
Continuous
 62
     7
100
AcDbLine
 10
455090.1451500396
 20
-862.6657934356089
 30
0.0000000000007228
 11
455089.6451500397
 21
-862.165793435609
 31
0.0000000000007228
  0
LINE
  5
4CE
330
2C6
100
AcDbEntity
  8
70.003.220081
  6
Continuous
 62
     7
100
AcDbLine
 10
455074.6451500397
 20
-862.165793435609
 30
0.0000000000007228
 11
455074.1451500397
 21
-862.6657934356089
 31
0.0000000000007228
  0
SPLINE
  5
4CF
330
2C6
100
AcDbEntity
  8
70.003.220082
  6
Continuous
 62
     7
100
AcDbSpline
210
0.0
220
0.0
230
1.0
 70
     8
 71
     3
 72
    10
 73
     6
 74
     0
 42
0.000000001
 43
0.0000000001
 40
0.0
 40
0.0
 40
0.0
 40
0.0
 40
0.5
 40
0.5
 40
1.0
 40
1.0
 40
1.0
 40
1.0
 10
455070.4767648778
 20
-896.2657934356002
 30
0.0000000000007228
 10
455070.1899213453
 20
-896.2510967998722
 30
0.0000000000007228
 10
455069.9025324569
 20
-896.1446699799898
 30
0.0000000000007228
 10
455069.3271742487
 20
-895.7695871666265
 30
0.0000000000007228
 10
455069.0460439709
 20
-895.5072451281493
 30
0.0000000000007228
 10
455068.7692132635
 20
-895.1957934356078
 30
0.0000000000007228
  0
ARC
  5
4D0
330
2C6
100
AcDbEntity
  8
70.003.220082
  6
Continuous
 62
     7
100
AcDbCircle
 10
455073.9671244966
 20
-883.2136895715711
 30
0.0000000000007228
 40
13.06097600467991
100
AcDbArc
 50
246.5484999238351
 51
267.8880257894684
  0
ARC
  5
4D1
330
2C6
100
AcDbEntity
  8
70.003.220082
  6
Continuous
 62
     7
100
AcDbCircle
 10
455073.4382894098
 20
-883.4182675654346
 30
0.0000000000007228
 40
12.85488531061577
100
AcDbArc
 50
271.9388608721434
 51
293.6246134138508
  0
ARC
  5
4D2
330
2C6
100
AcDbEntity
  8
70.003.220082
  6
Continuous
 62
     7
100
AcDbCircle
 10
455085.5974779037
 20
-872.9424056584731
 30
0.0000000000007228
 40
23.33068696069024
100
AcDbArc
 50
252.5205606609887
 51
268.5667487380842
  0
ARC
  5
4D3
330
2C6
100
AcDbEntity
  8
70.003.220082
  6
Continuous
 62
     7
100
AcDbCircle
 10
455085.0096288002
 20
-873.2521416813005
 30
0.0000000000007228
 40
23.01979918676086
100
AcDbArc
 50
271.3241689898901
 51
287.5885216109394
  0
SPLINE
  5
4D4
330
2C6
100
AcDbEntity
  8
70.003.220082
  6
Continuous
 62
     7
100
AcDbSpline
210
0.0
220
0.0
230
1.0
 70
     8
 71
     3
 72
    12
 73
     8
 74
     0
 42
0.000000001
 43
0.0000000001
 40
0.0
 40
0.0
 40
0.0
 40
0.0
 40
0.2499999999999999
 40
0.2499999999999999
 40
0.4999999999999999
 40
0.4999999999999999
 40
1.0
 40
1.0
 40
1.0
 40
1.0
 10
455091.9657270085
 20
-895.1957934356078
 30
0.0000000000007228
 10
455092.1046851899
 20
-895.3521299966569
 30
0.0000000000007228
 10
455092.2447730203
 20
-895.4960362569881
 30
0.0000000000007228
 10
455092.5277647674
 20
-895.7528614553494
 30
0.0000000000007228
 10
455092.6710260357
 20
-895.8658792714167
 30
0.0000000000007228
 10
455093.1000014013
 20
-896.1448045417828
 30
0.0000000000007228
 10
455093.3864009001
 20
-896.2510950481274
 30
0.0000000000007228
 10
455093.6732786229
 20
-896.2657934356002
 30
0.0000000000007228
  0
SPLINE
  5
4D5
330
2C6
100
AcDbEntity
  8
70.003.220082
  6
Continuous
 62
     7
100
AcDbSpline
210
0.0
220
0.0
230
1.0
 70
     8
 71
     3
 72
    10
 73
     6
 74
     0
 42
0.000000001
 43
0.0000000001
 40
0.0
 40
0.0
 40
0.0
 40
0.0
 40
0.5
 40
0.5
 40
1.0
 40
1.0
 40
1.0
 40
1.0
 10
455093.8135352015
 20
-896.2657934356002
 30
0.0000000000007228
 10
455094.1003787341
 20
-896.2510967998722
 30
0.0000000000007228
 10
455094.3877676224
 20
-896.1446699799898
 30
0.0000000000007228
 10
455094.9631258305
 20
-895.7695871666265
 30
0.0000000000007228
 10
455095.2442561084
 20
-895.5072451281493
 30
0.0000000000007228
 10
455095.5210868159
 20
-895.1957934356078
 30
0.0000000000007228
  0
LINE
  5
4D6
330
2C6
100
AcDbEntity
  8
70.003.220082
  6
Continuous
 62
     7
100
AcDbLine
 10
455085.0139227178
 20
-882.1657934356089
 30
0.0000000000007228
 11
455073.8732093613
 21
-882.1657934356089
 31
0.0000000000007228
  0
LINE
  5
4D7
330
2C6
100
AcDbEntity
  8
70.003.220082
  6
Continuous
 62
     7
100
AcDbLine
 10
455093.6732786229
 20
-882.1657934356089
 30
0.0000000000007228
 11
455085.5415945232
 21
-882.1657934356089
 31
0.0000000000007228
  0
LINE
  5
4D8
330
2C6
100
AcDbEntity
  8
70.003.220082
  6
Continuous
 62
     7
100
AcDbLine
 10
455093.8135352015
 20
-882.1657934356089
 30
0.0000000000007228
 11
455094.1482621361
 21
-882.1657934356089
 31
0.0000000000007228
  0
LINE
  5
4D9
330
2C6
100
AcDbEntity
  8
70.003.220082
  6
Continuous
 62
     7
100
AcDbLine
 10
455073.4857941346
 20
-882.1657934356089
 30
0.0000000000007228
 11
455070.1420379432
 21
-882.1657934356089
 31
0.0000000000007228
  0
LINE
  5
4DA
330
2C6
100
AcDbEntity
  8
70.003.220082
  6
Continuous
 62
     7
100
AcDbLine
 10
455095.5210868159
 20
-883.2357934356014
 30
0.0000000000007228
 11
455095.5210868159
 21
-895.1957934356078
 31
0.0000000000007228
  0
LINE
  5
4DB
330
2C6
100
AcDbEntity
  8
70.003.220082
  6
Continuous
 62
     7
100
AcDbLine
 10
455091.9657270085
 20
-883.2357934356014
 30
0.0000000000007228
 11
455091.9657270085
 21
-895.1957934356078
 31
0.0000000000007228
  0
LINE
  5
4DC
330
2C6
100
AcDbEntity
  8
70.003.220082
  6
Continuous
 62
     7
100
AcDbLine
 10
455078.5897902325
 20
-883.2357934356014
 30
0.0000000000007228
 11
455078.5897902325
 21
-895.1957934356078
 31
0.0000000000007228
  0
LINE
  5
4DD
330
2C6
100
AcDbEntity
  8
70.003.220082
  6
Continuous
 62
     7
100
AcDbLine
 10
455068.7692132635
 20
-883.2357934356014
 30
0.0000000000007228
 11
455068.7692132635
 21
-895.1957934356078
 31
0.0000000000007228
  0
ARC
  5
4DE
330
2C6
100
AcDbEntity
  8
70.003.220082
  6
Continuous
 62
     7
100
AcDbCircle
 10
455073.9207140863
 20
-895.0133193057745
 30
0.0000000000007228
 40
12.85488531061718
100
AcDbArc
 50
91.93886087240281
 51
113.6246134141312
  0
SPLINE
  5
4DF
330
2C6
100
AcDbEntity
  8
70.003.220082
  6
Continuous
 62
     7
100
AcDbSpline
210
0.0
220
0.0
230
1.0
 70
     8
 71
     3
 72
    12
 73
     8
 74
     0
 42
0.000000001
 43
0.0000000001
 40
0.0
 40
0.0
 40
0.0
 40
0.0
 40
0.25
 40
0.25
 40
0.5
 40
0.5
 40
1.0
 40
1.0
 40
1.0
 40
1.0
 10
455068.7692132635
 20
-883.2357934356014
 30
0.0000000000007228
 10
455068.9081714449
 20
-883.0794568745668
 30
0.0000000000007228
 10
455069.0482592753
 20
-882.935550614221
 30
0.0000000000007228
 10
455069.3312510222
 20
-882.6787254158599
 30
0.0000000000007228
 10
455069.4745122906
 20
-882.5657075997924
 30
0.0000000000007228
 10
455069.9034876562
 20
-882.2867823294263
 30
0.0000000000007228
 10
455070.189887155
 20
-882.1804918230819
 30
0.0000000000007228
 10
455070.4767648778
 20
-882.1657934356089
 30
0.0000000000007228
  0
ARC
  5
4E0
330
2C6
100
AcDbEntity
  8
70.003.220082
  6
Continuous
 62
     7
100
AcDbCircle
 10
455085.5458884409
 20
-905.1794451899086
 30
0.0000000000007228
 40
23.01979918675883
100
AcDbArc
 50
91.32416898989024
 51
107.588521610941
  0
ARC
  5
4E1
330
2C6
100
AcDbEntity
  8
70.003.220082
  6
Continuous
 62
     7
100
AcDbCircle
 10
455073.3918789994
 20
-895.217897299638
 30
0.0000000000007228
 40
13.06097600468298
100
AcDbArc
 50
66.54849992411914
 51
87.88802578972443
  0
SPLINE
  5
4E2
330
2C6
100
AcDbEntity
  8
70.003.220082
  6
Continuous
 62
     7
100
AcDbSpline
210
0.0
220
0.0
230
1.0
 70
     8
 71
     3
 72
    10
 73
     6
 74
     0
 42
0.000000001
 43
0.0000000001
 40
0.0
 40
0.0
 40
0.0
 40
0.0
 40
0.5
 40
0.5
 40
1.0
 40
1.0
 40
1.0
 40
1.0
 10
455093.6732786229
 20
-882.1657934356089
 30
0.0000000000007228
 10
455093.3864350903
 20
-882.1804900713223
 30
0.0000000000007228
 10
455093.099046202
 20
-882.2869168912193
 30
0.0000000000007228
 10
455092.5236879939
 20
-882.6619997045828
 30
0.0000000000007228
 10
455092.242557716
 20
-882.9243417430598
 30
0.0000000000007228
 10
455091.9657270085
 20
-883.2357934356014
 30
0.0000000000007228
  0
ARC
  5
4E3
330
2C6
100
AcDbEntity
  8
70.003.220082
  6
Continuous
 62
     7
100
AcDbCircle
 10
455084.9580393373
 20
-905.4891812127362
 30
0.0000000000007228
 40
23.33068696069024
100
AcDbArc
 50
72.52056066098868
 51
88.56674873808421
  0
ARC
  5
4E4
330
2C6
100
AcDbEntity
  8
70.003.220082
  6
Continuous
 62
     7
100
AcDbCircle
 10
455090.3695859932
 20
-895.0133193057745
 30
0.0000000000007228
 40
12.85488531061766
100
AcDbArc
 50
66.37538658586963
 51
77.39117190315308
  0
SPLINE
  5
4E5
330
2C6
100
AcDbEntity
  8
70.003.220082
  6
Continuous
 62
     7
100
AcDbSpline
210
0.0
220
0.0
230
1.0
 70
     8
 71
     3
 72
    12
 73
     8
 74
     0
 42
0.000000001
 43
0.0000000001
 40
0.0
 40
0.0
 40
0.0
 40
0.0
 40
0.25
 40
0.25
 40
0.5
 40
0.5
 40
1.0
 40
1.0
 40
1.0
 40
1.0
 10
455095.5210868159
 20
-883.2357934356014
 30
0.0000000000007228
 10
455095.3821286344
 20
-883.0794568745522
 30
0.0000000000007228
 10
455095.242040804
 20
-882.935550614221
 30
0.0000000000007228
 10
455094.959049057
 20
-882.6787254158599
 30
0.0000000000007228
 10
455094.8157877887
 20
-882.5657075997924
 30
0.0000000000007228
 10
455094.3868124231
 20
-882.2867823294263
 30
0.0000000000007228
 10
455094.1004129243
 20
-882.1804918230819
 30
0.0000000000007228
 10
455093.8135352015
 20
-882.1657934356089
 30
0.0000000000007228
  0
LINE
  5
4E6
330
2C6
100
AcDbEntity
  8
70.003.220082
  6
Continuous
 62
     7
100
AcDbLine
 10
455069.7294912399
 20
-896.0276094854535
 30
0.0000000000007228
 11
455070.1420379432
 21
-896.2657934356002
 31
0.0000000000007228
  0
LINE
  5
4E7
330
2C6
100
AcDbEntity
  8
70.003.220082
  6
Continuous
 62
     7
100
AcDbLine
 10
455094.1482621361
 20
-896.2657934356002
 30
0.0000000000007228
 11
455094.5608088394
 21
-896.0276094854535
 31
0.0000000000007228
  0
LINE
  5
4E8
330
2C6
100
AcDbEntity
  8
70.003.220082
  6
Continuous
 62
     7
100
AcDbLine
 10
455070.1420379432
 20
-882.1657934355943
 30
0.0000000000007228
 11
455069.7053420353
 21
-882.4179199355903
 31
0.0000000000007228
  0
LINE
  5
4E9
330
2C6
100
AcDbEntity
  8
70.003.220082
  6
Continuous
 62
     7
100
AcDbLine
 10
455094.5849580441
 20
-882.4179199355903
 30
0.0000000000007228
 11
455094.1482621361
 21
-882.1657934356089
 31
0.0000000000007228
  0
LINE
  5
4EA
330
2C6
100
AcDbEntity
  8
70.003.220082
  6
Continuous
 62
     7
100
AcDbLine
 10
455094.1482621361
 20
-882.1657934356089
 30
0.0000000000007228
 11
455094.1482621361
 21
-878.8357934356072
 31
0.0000000000007228
  0
LINE
  5
4EB
330
2C6
100
AcDbEntity
  8
70.003.220082
  6
Continuous
 62
     7
100
AcDbLine
 10
455070.1420379432
 20
-879.98521928625
 30
0.0000000000007228
 11
455070.1420379432
 21
-882.1657934356089
 31
0.0000000000007228
  0
ARC
  5
4EC
330
2C6
100
AcDbEntity
  8
70.003.220082
  6
Continuous
 62
     7
100
AcDbCircle
 10
455092.478262136
 20
-878.8357934356072
 30
0.0000000000007228
 40
1.670000000000282
100
AcDbArc
 50
0.0
 51
65.06831987872162
  0
LINE
  5
4ED
330
2C6
100
AcDbEntity
  8
70.003.220043
  6
Continuous
 62
     7
100
AcDbLine
 10
455067.1451500397
 20
-899.2657934356001
 30
0.0000000000007228
 11
455097.1451500397
 21
-899.2657934356001
 31
0.0000000000007228
  0
LINE
  5
4EE
330
2C6
100
AcDbEntity
  8
70.003.220043
  6
Continuous
 62
     7
100
AcDbLine
 10
455067.1451500397
 20
-896.2657934356002
 30
0.0000000000007228
 11
455097.1451500397
 21
-896.2657934356002
 31
0.0000000000007228
  0
LINE
  5
4EF
330
2C6
100
AcDbEntity
  8
70.003.220043
  6
Continuous
 62
     7
100
AcDbLine
 10
455067.1451500397
 20
-896.2657934356002
 30
0.0000000000007228
 11
455067.1451500397
 21
-899.2657934356001
 31
0.0000000000007228
  0
LINE
  5
4F0
330
2C6
100
AcDbEntity
  8
70.003.220043
  6
Continuous
 62
     7
100
AcDbLine
 10
455097.1451500397
 20
-899.2657934356001
 30
0.0000000000007228
 11
455097.1451500397
 21
-896.2657934356002
 31
0.0000000000007228
  0
LINE
  5
4F1
330
2C6
100
AcDbEntity
  8
70.003.220081
  6
Continuous
 62
     7
100
AcDbLine
 10
455495.6451500397
 20
-858.465793436383
 30
0.0000000000007228
 11
455480.6451500397
 21
-858.465793436383
 31
0.0000000000007228
  0
LINE
  5
4F2
330
2C6
100
AcDbEntity
  8
70.003.220081
  6
Continuous
 62
     7
100
AcDbLine
 10
455480.1451500397
 20
-858.9657934363831
 30
0.0000000000007228
 11
455496.1451500397
 21
-858.9657934363831
 31
0.0000000000007228
  0
LINE
  5
4F3
330
2C6
100
AcDbEntity
  8
70.003.220081
  6
Continuous
 62
     7
100
AcDbLine
 10
455496.1451500397
 20
-914.1921236431562
 30
0.0000000000007228
 11
455496.1451500397
 21
-902.1657934372534
 31
0.0000000000007228
  0
LINE
  5
4F4
330
2C6
100
AcDbEntity
  8
70.003.220081
  6
Continuous
 62
     7
100
AcDbLine
 10
455496.1451500397
 20
-880.0657934372621
 30
0.0000000000007228
 11
455496.1451500397
 21
-874.4459260461781
 31
0.0000000000007228
  0
LINE
  5
4F5
330
2C6
100
AcDbEntity
  8
70.003.220081
  6
Continuous
 62
     7
100
AcDbLine
 10
455496.1451500397
 20
-866.4098624838853
 30
0.0000000000007228
 11
455496.1451500397
 21
-858.9657934363831
 31
0.0000000000007228
  0
LINE
  5
4F6
330
2C6
100
AcDbEntity
  8
70.003.220081
  6
Continuous
 62
     7
100
AcDbLine
 10
455480.1451500397
 20
-858.9657934363831
 30
0.0000000000007228
 11
455480.1451500397
 21
-864.9573275478369
 31
0.0000000000007228
  0
LINE
  5
4F7
330
2C6
100
AcDbEntity
  8
70.003.220081
  6
Continuous
 62
     7
100
AcDbLine
 10
455480.1451500397
 20
-872.9874639871022
 30
0.0000000000007228
 11
455480.1451500397
 21
-880.0657934372621
 31
0.0000000000007228
  0
LINE
  5
4F8
330
2C6
100
AcDbEntity
  8
70.003.220081
  6
Continuous
 62
     7
100
AcDbLine
 10
455480.1451500397
 20
-902.1657934372534
 30
0.0000000000007228
 11
455480.1451500397
 21
-914.1928083850553
 31
0.0000000000007228
  0
LINE
  5
4F9
330
2C6
100
AcDbEntity
  8
70.003.220081
  6
Continuous
 62
     7
100
AcDbLine
 10
455496.1451500397
 20
-858.9657934363831
 30
0.0000000000007228
 11
455495.6451500397
 21
-858.465793436383
 31
0.0000000000007228
  0
LINE
  5
4FA
330
2C6
100
AcDbEntity
  8
70.003.220081
  6
Continuous
 62
     7
100
AcDbLine
 10
455480.6451500397
 20
-858.465793436383
 30
0.0000000000007228
 11
455480.1451500397
 21
-858.9657934363831
 31
0.0000000000007228
  0
LINE
  5
4FB
330
2C6
100
AcDbEntity
  8
70.003.220081
  6
Continuous
 62
     7
100
AcDbLine
 10
455089.6451500397
 20
-858.4657934362958
 30
0.0000000000007228
 11
455074.6451500397
 21
-858.4657934362958
 31
0.0000000000007228
  0
LINE
  5
4FC
330
2C6
100
AcDbEntity
  8
70.003.220081
  6
Continuous
 62
     7
100
AcDbLine
 10
455074.1451500397
 20
-858.9657934362959
 30
0.0000000000007228
 11
455090.1451500396
 21
-858.9657934362959
 31
0.0000000000007228
  0
LINE
  5
4FD
330
2C6
100
AcDbEntity
  8
70.003.220081
  6
Continuous
 62
     7
100
AcDbLine
 10
455090.1451500396
 20
-862.6657934355799
 30
0.0000000000007228
 11
455090.1451500396
 21
-858.9657934362959
 31
0.0000000000007228
  0
LINE
  5
4FE
330
2C6
100
AcDbEntity
  8
70.003.220081
  6
Continuous
 62
     7
100
AcDbLine
 10
455074.1451500397
 20
-858.9657934362959
 30
0.0000000000007228
 11
455074.1451500397
 21
-862.6657934355799
 31
0.0000000000007228
  0
LINE
  5
4FF
330
2C6
100
AcDbEntity
  8
70.003.220081
  6
Continuous
 62
     7
100
AcDbLine
 10
455090.1451500396
 20
-858.9657934362959
 30
0.0000000000007228
 11
455089.6451500397
 21
-858.4657934362958
 31
0.0000000000007228
  0
LINE
  5
500
330
2C6
100
AcDbEntity
  8
70.003.220081
  6
Continuous
 62
     7
100
AcDbLine
 10
455074.6451500397
 20
-858.4657934362958
 30
0.0000000000007228
 11
455074.1451500397
 21
-858.9657934362959
 31
0.0000000000007228
  0
LINE
  5
501
330
2C6
100
AcDbEntity
  8
70.003.220043
  6
Continuous
 62
     7
100
AcDbLine
 10
455473.1451500397
 20
-902.1657934372534
 30
0.0000000000007228
 11
455503.1451500396
 21
-902.1657934372534
 31
0.0000000000007228
  0
LINE
  5
502
330
2C6
100
AcDbEntity
  8
70.003.220043
  6
Continuous
 62
     7
100
AcDbLine
 10
455473.1451500397
 20
-899.1657934372533
 30
0.0000000000007228
 11
455503.1451500396
 21
-899.1657934372533
 31
0.0000000000007228
  0
LINE
  5
503
330
2C6
100
AcDbEntity
  8
70.003.220043
  6
Continuous
 62
     7
100
AcDbLine
 10
455473.1451500397
 20
-899.1657934372533
 30
0.0000000000007228
 11
455473.1451500397
 21
-902.1657934372534
 31
0.0000000000007228
  0
LINE
  5
504
330
2C6
100
AcDbEntity
  8
70.003.220043
  6
Continuous
 62
     7
100
AcDbLine
 10
455503.1451500396
 20
-902.1657934372534
 30
0.0000000000007228
 11
455503.1451500396
 21
-899.1657934372533
 31
0.0000000000007228
  0
SPLINE
  5
505
330
2C6
100
AcDbEntity
  8
70.003.220082
  6
Continuous
 62
     7
100
AcDbSpline
210
0.0
220
0.0
230
1.0
 70
     8
 71
     3
 72
    10
 73
     6
 74
     0
 42
0.000000001
 43
0.0000000001
 40
0.0
 40
0.0
 40
0.0
 40
0.0
 40
0.5
 40
0.5
 40
1.0
 40
1.0
 40
1.0
 40
1.0
 10
455476.4767648778
 20
-899.1657934372533
 30
0.0000000000007228
 10
455476.1899213453
 20
-899.1510968015255
 30
0.0000000000007228
 10
455475.902532457
 20
-899.0446699816429
 30
0.0000000000007228
 10
455475.3271742488
 20
-898.6695871682796
 30
0.0000000000007228
 10
455475.0460439709
 20
-898.4072451298025
 30
0.0000000000007228
 10
455474.7692132635
 20
-898.0957934372609
 30
0.0000000000007228
  0
ARC
  5
506
330
2C6
100
AcDbEntity
  8
70.003.220082
  6
Continuous
 62
     7
100
AcDbCircle
 10
455479.9671244966
 20
-886.1136895732242
 30
0.0000000000007228
 40
13.06097600467374
100
AcDbArc
 50
246.5484999238234
 51
267.8880257894674
  0
ARC
  5
507
330
2C6
100
AcDbEntity
  8
70.003.220082
  6
Continuous
 62
     7
100
AcDbCircle
 10
455479.4382894097
 20
-886.3182675670877
 30
0.0000000000007228
 40
12.85488531061912
100
AcDbArc
 50
271.9388608724025
 51
293.6246134141275
  0
ARC
  5
508
330
2C6
100
AcDbEntity
  8
70.003.220082
  6
Continuous
 62
     7
100
AcDbCircle
 10
455491.5974779037
 20
-875.8424056601262
 30
0.0000000000007228
 40
23.33068696068714
100
AcDbArc
 50
252.5205606611362
 51
268.566748738227
  0
ARC
  5
509
330
2C6
100
AcDbEntity
  8
70.003.220082
  6
Continuous
 62
     7
100
AcDbCircle
 10
455491.0096288002
 20
-876.1521416829536
 30
0.0000000000007228
 40
23.01979918676521
100
AcDbArc
 50
271.3241689898899
 51
287.5885216109359
  0
SPLINE
  5
50A
330
2C6
100
AcDbEntity
  8
70.003.220082
  6
Continuous
 62
     7
100
AcDbSpline
210
0.0
220
0.0
230
1.0
 70
     8
 71
     3
 72
    12
 73
     8
 74
     0
 42
0.000000001
 43
0.0000000001
 40
0.0
 40
0.0
 40
0.0
 40
0.0
 40
0.2499999999999999
 40
0.2499999999999999
 40
0.4999999999999999
 40
0.4999999999999999
 40
1.0
 40
1.0
 40
1.0
 40
1.0
 10
455497.9657270086
 20
-898.0957934372609
 30
0.0000000000007228
 10
455498.1046851899
 20
-898.2521299982954
 30
0.0000000000007228
 10
455498.2447730203
 20
-898.3960362586413
 30
0.0000000000007228
 10
455498.5277647674
 20
-898.6528614570024
 30
0.0000000000007228
 10
455498.6710260357
 20
-898.7658792730698
 30
0.0000000000007228
 10
455499.1000014013
 20
-899.0448045434359
 30
0.0000000000007228
 10
455499.3864009001
 20
-899.1510950497659
 30
0.0000000000007228
 10
455499.6732786229
 20
-899.1657934372533
 30
0.0000000000007228
  0
SPLINE
  5
50B
330
2C6
100
AcDbEntity
  8
70.003.220082
  6
Continuous
 62
     7
100
AcDbSpline
210
0.0
220
0.0
230
1.0
 70
     8
 71
     3
 72
    10
 73
     6
 74
     0
 42
0.000000001
 43
0.0000000001
 40
0.0
 40
0.0
 40
0.0
 40
0.0
 40
0.5
 40
0.5
 40
1.0
 40
1.0
 40
1.0
 40
1.0
 10
455499.8135352015
 20
-899.1657934372533
 30
0.0000000000007228
 10
455500.100378734
 20
-899.1510968015255
 30
0.0000000000007228
 10
455500.3877676224
 20
-899.0446699816429
 30
0.0000000000007228
 10
455500.9631258305
 20
-898.6695871682796
 30
0.0000000000007228
 10
455501.2442561085
 20
-898.4072451298025
 30
0.0000000000007228
 10
455501.5210868158
 20
-898.0957934372609
 30
0.0000000000007228
  0
ARC
  5
50C
330
2C6
100
AcDbEntity
  8
70.003.220082
  6
Continuous
 62
     7
100
AcDbCircle
 10
455496.3231755828
 20
-886.1136895732387
 30
0.0000000000007228
 40
13.06097600467062
100
AcDbArc
 50
283.0169112164816
 51
293.4515000761826
  0
LINE
  5
50D
330
2C6
100
AcDbEntity
  8
70.003.220082
  6
Continuous
 62
     7
100
AcDbLine
 10
455491.0139227178
 20
-885.065793437262
 30
0.0000000000007228
 11
455479.8732093614
 21
-885.065793437262
 31
0.0000000000007228
  0
LINE
  5
50E
330
2C6
100
AcDbEntity
  8
70.003.220082
  6
Continuous
 62
     7
100
AcDbLine
 10
455499.6732786229
 20
-885.065793437262
 30
0.0000000000007228
 11
455491.5415945233
 21
-885.065793437262
 31
0.0000000000007228
  0
LINE
  5
50F
330
2C6
100
AcDbEntity
  8
70.003.220082
  6
Continuous
 62
     7
100
AcDbLine
 10
455499.8135352015
 20
-885.065793437262
 30
0.0000000000007228
 11
455500.1482621362
 21
-885.065793437262
 31
0.0000000000007228
  0
LINE
  5
510
330
2C6
100
AcDbEntity
  8
70.003.220082
  6
Continuous
 62
     7
100
AcDbLine
 10
455479.4857941346
 20
-885.065793437262
 30
0.0000000000007228
 11
455476.1420379432
 21
-885.065793437262
 31
0.0000000000007228
  0
LINE
  5
511
330
2C6
100
AcDbEntity
  8
70.003.220082
  6
Continuous
 62
     7
100
AcDbLine
 10
455501.5210868158
 20
-886.1357934372545
 30
0.0000000000007228
 11
455501.5210868158
 21
-898.0957934372609
 31
0.0000000000007228
  0
LINE
  5
512
330
2C6
100
AcDbEntity
  8
70.003.220082
  6
Continuous
 62
     7
100
AcDbLine
 10
455497.9657270086
 20
-886.1357934372545
 30
0.0000000000007228
 11
455497.9657270086
 21
-898.0957934372609
 31
0.0000000000007228
  0
LINE
  5
513
330
2C6
100
AcDbEntity
  8
70.003.220082
  6
Continuous
 62
     7
100
AcDbLine
 10
455484.5897902325
 20
-886.1357934372545
 30
0.0000000000007228
 11
455484.5897902325
 21
-898.0957934372609
 31
0.0000000000007228
  0
LINE
  5
514
330
2C6
100
AcDbEntity
  8
70.003.220082
  6
Continuous
 62
     7
100
AcDbLine
 10
455474.7692132635
 20
-886.1357934372545
 30
0.0000000000007228
 11
455474.7692132635
 21
-898.0957934372609
 31
0.0000000000007228
  0
ARC
  5
515
330
2C6
100
AcDbEntity
  8
70.003.220082
  6
Continuous
 62
     7
100
AcDbCircle
 10
455479.9207140862
 20
-897.9133193074275
 30
0.0000000000007228
 40
12.85488531061912
100
AcDbArc
 50
91.93886087240251
 51
113.6246134141275
  0
SPLINE
  5
516
330
2C6
100
AcDbEntity
  8
70.003.220082
  6
Continuous
 62
     7
100
AcDbSpline
210
0.0
220
0.0
230
1.0
 70
     8
 71
     3
 72
    12
 73
     8
 74
     0
 42
0.000000001
 43
0.0000000001
 40
0.0
 40
0.0
 40
0.0
 40
0.0
 40
0.25
 40
0.25
 40
0.5
 40
0.5
 40
1.0
 40
1.0
 40
1.0
 40
1.0
 10
455474.7692132635
 20
-886.1357934372545
 30
0.0000000000007228
 10
455474.908171445
 20
-885.9794568762053
 30
0.0000000000007228
 10
455475.0482592754
 20
-885.8355506158741
 30
0.0000000000007228
 10
455475.3312510223
 20
-885.578725417513
 30
0.0000000000007228
 10
455475.4745122907
 20
-885.4657076014454
 30
0.0000000000007228
 10
455475.9034876563
 20
-885.186782331065
 30
0.0000000000007228
 10
455476.1898871551
 20
-885.080491824735
 30
0.0000000000007228
 10
455476.4767648778
 20
-885.065793437262
 30
0.0000000000007228
  0
ARC
  5
517
330
2C6
100
AcDbEntity
  8
70.003.220082
  6
Continuous
 62
     7
100
AcDbCircle
 10
455491.5458884408
 20
-908.0794451915616
 30
0.0000000000007228
 40
23.01979918676013
100
AcDbArc
 50
91.32416898974526
 51
107.588521610788
  0
ARC
  5
518
330
2C6
100
AcDbEntity
  8
70.003.220082
  6
Continuous
 62
     7
100
AcDbCircle
 10
455479.3918789994
 20
-898.1178973012765
 30
0.0000000000007228
 40
13.06097600467374
100
AcDbArc
 50
66.54849992382337
 51
87.88802578946741
  0
SPLINE
  5
519
330
2C6
100
AcDbEntity
  8
70.003.220082
  6
Continuous
 62
     7
100
AcDbSpline
210
0.0
220
0.0
230
1.0
 70
     8
 71
     3
 72
    10
 73
     6
 74
     0
 42
0.000000001
 43
0.0000000001
 40
0.0
 40
0.0
 40
0.0
 40
0.0
 40
0.5
 40
0.5
 40
1.0
 40
1.0
 40
1.0
 40
1.0
 10
455499.6732786229
 20
-885.065793437262
 30
0.0000000000007228
 10
455499.3864350904
 20
-885.0804900729754
 30
0.0000000000007228
 10
455499.099046202
 20
-885.1869168928578
 30
0.0000000000007228
 10
455498.5236879939
 20
-885.5619997062358
 30
0.0000000000007228
 10
455498.242557716
 20
-885.8243417447129
 30
0.0000000000007228
 10
455497.9657270086
 20
-886.1357934372545
 30
0.0000000000007228
  0
ARC
  5
51A
330
2C6
100
AcDbEntity
  8
70.003.220082
  6
Continuous
 62
     7
100
AcDbCircle
 10
455490.9580393373
 20
-908.3891812144038
 30
0.0000000000007228
 40
23.33068696069335
100
AcDbArc
 50
72.52056066099111
 51
88.5667487380844
  0
SPLINE
  5
51B
330
2C6
100
AcDbEntity
  8
70.003.220082
  6
Continuous
 62
     7
100
AcDbSpline
210
0.0
220
0.0
230
1.0
 70
     8
 71
     3
 72
    12
 73
     8
 74
     0
 42
0.000000001
 43
0.0000000001
 40
0.0
 40
0.0
 40
0.0
 40
0.0
 40
0.25
 40
0.25
 40
0.5
 40
0.5
 40
1.0
 40
1.0
 40
1.0
 40
1.0
 10
455501.5210868158
 20
-886.1357934372545
 30
0.0000000000007228
 10
455501.3821286344
 20
-885.9794568762053
 30
0.0000000000007228
 10
455501.2420408041
 20
-885.8355506158741
 30
0.0000000000007228
 10
455500.9590490571
 20
-885.5787254174984
 30
0.0000000000007228
 10
455500.8157877887
 20
-885.4657076014454
 30
0.0000000000007228
 10
455500.3868124231
 20
-885.186782331065
 30
0.0000000000007228
 10
455500.1004129243
 20
-885.080491824735
 30
0.0000000000007228
 10
455499.8135352015
 20
-885.065793437262
 30
0.0000000000007228
  0
LINE
  5
51C
330
2C6
100
AcDbEntity
  8
70.003.220082
  6
Continuous
 62
     7
100
AcDbLine
 10
455498.4782621362
 20
-880.0657934372621
 30
0.0000000000007228
 11
455477.8120379433
 21
-880.0657934372621
 31
0.0000000000007228
  0
LINE
  5
51D
330
2C6
100
AcDbEntity
  8
70.003.220082
  6
Continuous
 62
     7
100
AcDbLine
 10
455475.72949124
 20
-898.9276094871065
 30
0.0000000000007228
 11
455476.1420379432
 21
-899.1657934372533
 31
0.0000000000007228
  0
LINE
  5
51E
330
2C6
100
AcDbEntity
  8
70.003.220082
  6
Continuous
 62
     7
100
AcDbLine
 10
455500.1482621362
 20
-899.1657934372533
 30
0.0000000000007228
 11
455500.5608088394
 21
-898.9276094871065
 31
0.0000000000007228
  0
LINE
  5
51F
330
2C6
100
AcDbEntity
  8
70.003.220082
  6
Continuous
 62
     7
100
AcDbLine
 10
455476.1420379432
 20
-885.065793437262
 30
0.0000000000007228
 11
455475.7053420353
 21
-885.3179199372434
 31
0.0000000000007228
  0
LINE
  5
520
330
2C6
100
AcDbEntity
  8
70.003.220082
  6
Continuous
 62
     7
100
AcDbLine
 10
455500.5849580441
 20
-885.3179199372434
 30
0.0000000000007228
 11
455500.1482621362
 21
-885.065793437262
 31
0.0000000000007228
  0
LINE
  5
521
330
2C6
100
AcDbEntity
  8
70.003.220082
  6
Continuous
 62
     7
100
AcDbLine
 10
455500.1482621362
 20
-885.065793437262
 30
0.0000000000007228
 11
455500.1482621362
 21
-881.7357934372603
 31
0.0000000000007228
  0
LINE
  5
522
330
2C6
100
AcDbEntity
  8
70.003.220082
  6
Continuous
 62
     7
100
AcDbLine
 10
455476.1420379432
 20
-881.7357934372603
 30
0.0000000000007228
 11
455476.1420379432
 21
-885.065793437262
 31
0.0000000000007228
  0
ARC
  5
523
330
2C6
100
AcDbEntity
  8
70.003.220082
  6
Continuous
 62
     7
100
AcDbCircle
 10
455477.8120379433
 20
-881.7357934372603
 30
0.0000000000007228
 40
1.670000000000004
100
AcDbArc
 50
90.0
 51
180.0
  0
ARC
  5
524
330
2C6
100
AcDbEntity
  8
70.003.220082
  6
Continuous
 62
     7
100
AcDbCircle
 10
455498.4782621362
 20
-881.7357934372603
 30
0.0000000000007228
 40
1.669999999999838
100
AcDbArc
 50
0.0
 51
90.0
  0
LINE
  5
525
330
2C6
100
AcDbEntity
  8
70.003.220043
  6
Continuous
 62
     7
100
AcDbLine
 10
455067.1375657204
 20
-913.1657934362783
 30
0.0000000000007228
 11
455074.1451500397
 21
-913.1657934362783
 31
0.0000000000007228
  0
LINE
  5
526
330
2C6
100
AcDbEntity
  8
70.003.220043
  6
Continuous
 62
     7
100
AcDbLine
 10
455090.1451500396
 20
-913.1657934362783
 30
0.0000000000007228
 11
455097.1375657204
 21
-913.1657934362783
 31
0.0000000000007228
  0
LINE
  5
527
330
2C6
100
AcDbEntity
  8
70.003.220043
  6
Continuous
 62
     7
100
AcDbLine
 10
455067.1375657204
 20
-913.1657934362783
 30
0.0000000000007228
 11
455067.1375657204
 21
-914.2104836099651
 31
0.0000000000007228
  0
LINE
  5
528
330
2C6
100
AcDbEntity
  8
70.003.220043
  6
Continuous
 62
     7
100
AcDbLine
 10
455097.1375657204
 20
-914.2091997189027
 30
0.0000000000007228
 11
455097.1375657204
 21
-913.1657934362783
 31
0.0000000000007228
  0
LINE
  5
529
330
2C6
100
AcDbEntity
  8
70.003.220043
  6
Continuous
 62
     7
100
AcDbLine
 10
455067.1451500397
 20
-902.1657934355507
 30
0.0000000000007228
 11
455074.1451500397
 21
-902.1657934355507
 31
0.0000000000007228
  0
LINE
  5
52A
330
2C6
100
AcDbEntity
  8
70.003.220043
  6
Continuous
 62
     7
100
AcDbLine
 10
455090.1451500396
 20
-902.1657934355507
 30
0.0000000000007228
 11
455097.1451500397
 21
-902.1657934355507
 31
0.0000000000007228
  0
LINE
  5
52B
330
2C6
100
AcDbEntity
  8
70.003.220043
  6
Continuous
 62
     7
100
AcDbLine
 10
455067.1451500397
 20
-899.2657934356001
 30
0.0000000000007228
 11
455067.1451500397
 21
-902.1657934355507
 31
0.0000000000007228
  0
LINE
  5
52C
330
2C6
100
AcDbEntity
  8
70.003.220043
  6
Continuous
 62
     7
100
AcDbLine
 10
455097.1451500397
 20
-902.1657934355507
 30
0.0000000000007228
 11
455097.1451500397
 21
-899.2657934356001
 31
0.0000000000007228
  0
CIRCLE
  5
52D
330
2C6
100
AcDbEntity
  8
004157
  6
Continuous
 62
     7
100
AcDbCircle
 10
454064.7337601636
 20
-1406.465793436487
 30
0.0000000000007228
 40
268.67
  0
CIRCLE
  5
52E
330
2C6
100
AcDbEntity
  8
004157
  6
Continuous
 62
     7
100
AcDbCircle
 10
454064.7337601636
 20
-1406.465793436487
 30
0.0000000000007228
 40
261.67
  0
CIRCLE
  5
52F
330
2C6
100
AcDbEntity
  8
004157
  6
Continuous
 62
     7
100
AcDbCircle
 10
454177.6605102807
 20
-1530.174318235679
 30
0.0000000000007228
 40
13.0
  0
CIRCLE
  5
530
330
2C6
100
AcDbEntity
  8
004157
  6
Continuous
 62
     7
100
AcDbCircle
 10
454083.379373668
 20
-1572.924770656223
 30
0.0000000000007228
 40
13.0
  0
CIRCLE
  5
531
330
2C6
100
AcDbEntity
  8
004157
  6
Continuous
 62
     7
100
AcDbCircle
 10
453981.9762464378
 20
-1552.093551511359
 30
0.0000000000007228
 40
13.00000000000056
  0
CIRCLE
  5
532
330
2C6
100
AcDbEntity
  8
004157
  6
Continuous
 62
     7
100
AcDbCircle
 10
453912.1836766264
 20
-1475.63747848734
 30
0.0000000000007228
 40
13.0
  0
CIRCLE
  5
533
330
2C6
100
AcDbEntity
  8
004157
  6
Continuous
 62
     7
100
AcDbCircle
 10
453900.6600537396
 20
-1372.760172832996
 30
0.0000000000007228
 40
13.00000000000062
  0
CIRCLE
  5
534
330
2C6
100
AcDbEntity
  8
004157
  6
Continuous
 62
     7
100
AcDbCircle
 10
453951.8070100466
 20
-1282.757268637279
 30
0.0000000000007228
 40
13.0
  0
CIRCLE
  5
535
330
2C6
100
AcDbEntity
  8
004157
  6
Continuous
 62
     7
100
AcDbCircle
 10
454046.0881466592
 20
-1240.006816216736
 30
0.0000000000007228
 40
13.0
  0
CIRCLE
  5
536
330
2C6
100
AcDbEntity
  8
004157
  6
Continuous
 62
     7
100
AcDbCircle
 10
454147.4912738894
 20
-1260.838035361586
 30
0.0000000000007228
 40
13.00000000000056
  0
CIRCLE
  5
537
330
2C6
100
AcDbEntity
  8
004157
  6
Continuous
 62
     7
100
AcDbCircle
 10
454228.8074665877
 20
-1440.171414039948
 30
0.0000000000007228
 40
13.00000000000062
  0
CIRCLE
  5
538
330
2C6
100
AcDbEntity
  8
004157
  6
Continuous
 62
     7
100
AcDbCircle
 10
454217.2838437009
 20
-1337.294108385605
 30
0.0000000000007228
 40
13.0
  0
CIRCLE
  5
539
330
2C6
100
AcDbEntity
  8
004157
  6
Continuous
 62
     7
100
AcDbCircle
 10
454064.7337601636
 20
-1406.465793436472
 30
0.0000000000007228
 40
140.5
  0
CIRCLE
  5
53A
330
2C6
100
AcDbEntity
  8
001245
  6
Continuous
 62
     7
100
AcDbCircle
 10
454064.7337601636
 20
-1406.465793436545
 30
0.0000000000007228
 40
316.323350190803
  0
CIRCLE
  5
53B
330
2C6
100
AcDbEntity
  8
001245
  6
Continuous
 62
     7
100
AcDbCircle
 10
454064.7337601636
 20
-1406.465793436545
 30
0.0000000000007228
 40
304.082585391439
  0
CIRCLE
  5
53C
330
2C6
100
AcDbEntity
  8
001245
  6
Continuous
 62
     7
100
AcDbCircle
 10
454064.7337601636
 20
-1406.465793436545
 30
0.0000000000007228
 40
285.7219674151295
  0
CIRCLE
  5
53D
330
2C6
100
AcDbEntity
  8
001245
  6
Continuous
 62
     7
100
AcDbCircle
 10
454064.7337601636
 20
-1406.465793436545
 30
0.0000000000007228
 40
275.0
  0
CIRCLE
  5
53E
330
2C6
100
AcDbEntity
  8
001245
  6
Continuous
 62
     7
100
AcDbCircle
 10
454064.7337601636
 20
-1406.465793436545
 30
0.0000000000007228
 40
512.60323850249
  0
CIRCLE
  5
53F
330
2C6
100
AcDbEntity
  8
001245
  6
Continuous
 62
     7
100
AcDbCircle
 10
454064.7337601636
 20
-1406.465793436545
 30
0.0000000000007228
 40
527.9999999999999
  0
LINE
  5
540
330
2C6
100
AcDbEntity
  8
30.001.004033
  6
Continuous
 62
     7
100
AcDbLine
 10
453820.2751747142
 20
-1178.465793436412
 30
0.0000000000007228
 11
451775.0828718603
 21
-1178.465793436398
 31
0.0000000000007228
  0
ARC
  5
541
330
2C6
100
AcDbEntity
  8
70.008.006251
  6
Continuous
 62
     7
100
AcDbCircle
 10
451426.627370895
 20
-1132.643278463651
 30
0.0000000000007228
 40
227.3500000000002
100
AcDbArc
 50
191.3663754821247
 51
348.8890869911613
  0
ARC
  5
542
330
2C6
100
AcDbEntity
  8
70.008.006251
  6
Continuous
 62
     7
100
AcDbCircle
 10
451426.627370895
 20
-1132.643278463651
 30
0.0000000000007228
 40
230.0000000000001
100
AcDbArc
 50
191.2337003704606
 51
349.003741406373
  0
ARC
  5
543
330
2C6
100
AcDbEntity
  8
70.008.006251
  6
Continuous
 62
     7
100
AcDbCircle
 10
451426.627370895
 20
-1132.643278463651
 30
0.0000000000007228
 40
226.5
100
AcDbArc
 50
191.4096025522047
 51
348.8518322429918
  0
SPLINE
  5
544
330
2C6
100
AcDbEntity
  8
70.008.006251
  6
Continuous
 62
     7
100
AcDbSpline
210
0.0
220
0.0
230
1.0
 70
    12
 71
     2
 72
     8
 73
     5
 74
     0
 42
0.000000001
 43
0.0000000001
 40
0.01479859062803
 40
0.01479859062803
 40
0.01479859062803
 40
0.0197005514123436
 40
0.0197005514123436
 40
0.0364172717902684
 40
0.0364172717902684
 40
0.0364172717902684
 10
451434.1272682667
 20
-1362.899053870144
 30
0.0000000000007228
 41
0.9497595264191643
 10
451434.1207808711
 20
-1362.940644155935
 30
0.0000000000007228
 41
0.9665063509461095
 10
451433.7525769721
 20
-1362.97797904767
 30
0.0000000000007228
 41
1.0
 10
451432.3824883143
 20
-1363.116902377477
 30
0.0000000000007228
 41
0.8857795910032685
 10
451427.5316381946
 20
-1363.266259928907
 30
0.0000000000007228
 41
0.9663170271489029
  0
SPLINE
  5
545
330
2C6
100
AcDbEntity
  8
70.008.006251
  6
Continuous
 62
     7
100
AcDbSpline
210
0.0
220
0.0
230
1.0
 70
    12
 71
     2
 72
     6
 73
     3
 74
     0
 42
0.000000001
 43
0.0000000001
 40
0.0180381465196918
 40
0.0180381465196918
 40
0.0180381465196918
 40
0.0213078047845765
 40
0.0213078047845765
 40
0.0213078047845765
 10
451412.6075433388
 20
-1362.948316018153
 30
0.0000000000007228
 41
0.93896990790015
 10
451413.2848936011
 20
-1362.977747733945
 30
0.0000000000007228
 41
0.9323076709381334
 10
451414.1184298107
 20
-1363.007552363897
 30
0.0000000000007228
 41
0.9330961417876263
  0
SPLINE
  5
546
330
2C6
100
AcDbEntity
  8
70.008.006251
  6
Continuous
 62
     7
100
AcDbSpline
210
0.0
220
0.0
230
1.0
 70
    12
 71
     2
 72
     8
 73
     5
 74
     0
 42
0.000000001
 43
0.0000000001
 40
0.1977669599346978
 40
0.1977669599346978
 40
0.1977669599346978
 40
0.2072363031363129
 40
0.2072363031363129
 40
0.2265417478847522
 40
0.2265417478847522
 40
0.2265417478847522
 10
451432.1421582457
 20
-1366.007343181853
 30
0.0000000000007228
 41
0.9330907187615618
 10
451429.7373061419
 20
-1366.093386352496
 30
0.0000000000007228
 41
0.9352987769749908
 10
451426.5063730548
 20
-1366.167914445391
 30
0.0000000000007228
 41
1.0
 10
451419.4094069819
 20
-1366.331620511862
 30
0.0000000000007228
 41
0.868091602588365
 10
451414.1218932333
 20
-1366.496767517435
 30
0.0000000000007228
 41
0.995931333541454
  0
SPLINE
  5
547
330
2C6
100
AcDbEntity
  8
70.008.006251
  6
Continuous
 62
     7
100
AcDbSpline
210
0.0
220
0.0
230
1.0
 70
    12
 71
     2
 72
     8
 73
     5
 74
     0
 42
0.000000001
 43
0.0000000001
 40
0.315414018758227
 40
0.315414018758227
 40
0.315414018758227
 40
0.3248833619598421
 40
0.3248833619598421
 40
0.3441888067082813
 40
0.3441888067082813
 40
0.3441888067082813
 10
451432.1421583477
 20
-1368.007343181853
 30
0.0000000000007228
 41
0.9330907187615618
 10
451429.7373062436
 20
-1368.093386352489
 30
0.0000000000007228
 41
0.935298776974991
 10
451426.5063731569
 20
-1368.167914445391
 30
0.0000000000007228
 41
1.0
 10
451419.409407084
 20
-1368.331620511894
 30
0.0000000000007228
 41
0.868091602588365
 10
451414.121893335
 20
-1368.496767517439
 30
0.0000000000007228
 41
0.9959313335414543
  0
SPLINE
  5
548
330
2C6
100
AcDbEntity
  8
70.008.006251
  6
Continuous
 62
     7
100
AcDbSpline
210
0.0
220
0.0
230
1.0
 70
    12
 71
     2
 72
    12
 73
     9
 74
     0
 42
0.000000001
 43
0.0000000001
 40
0.4180206168618026
 40
0.4180206168618026
 40
0.4180206168618026
 40
0.4229225776461158
 40
0.4229225776461158
 40
0.4425304207833712
 40
0.4425304207833712
 40
0.4621382639206259
 40
0.4621382639206259
 40
0.4769039488384181
 40
0.4769039488384181
 40
0.4769039488384181
 10
451436.0901204233
 20
-1369.755655464942
 30
0.0000000000007228
 41
0.9497595264191669
 10
451436.0856803562
 20
-1369.797245750645
 30
0.0000000000007228
 41
0.966506350946112
 10
451435.6548725805
 20
-1369.834580645557
 30
0.0000000000007228
 41
1.0
 10
451433.7317028935
 20
-1370.001247410307
 30
0.0000000000007228
 41
0.8660254037844389
 10
451426.5063732588
 20
-1370.167914445391
 30
0.0000000000007228
 41
1.0
 10
451419.2810436244
 20
-1370.334581480489
 30
0.0000000000007228
 41
0.8660254037844389
 10
451413.9788836852
 20
-1370.501248417519
 30
0.0000000000007228
 41
1.0
 10
451410.1330173295
 20
-1370.62213854027
 30
0.0000000000007228
 41
0.8991104395899236
 10
451410.1648226293
 20
-1370.756688783218
 30
0.0000000000007228
 41
0.9501706321518394
  0
SPLINE
  5
549
330
2C6
100
AcDbEntity
  8
70.008.006251
  6
Continuous
 62
     7
100
AcDbSpline
210
0.0
220
0.0
230
1.0
 70
    12
 71
     2
 72
    12
 73
     9
 74
     0
 42
0.000000001
 43
0.0000000001
 40
0.5356676756853322
 40
0.5356676756853322
 40
0.5356676756853322
 40
0.5405696364696456
 40
0.5405696364696456
 40
0.5601774796068996
 40
0.5601774796068996
 40
0.579785322744155
 40
0.579785322744155
 40
0.5945510076619474
 40
0.5945510076619474
 40
0.5945510076619474
 10
451436.0901205253
 20
-1371.755655464955
 30
0.0000000000007228
 41
0.9497595264191669
 10
451436.0856804581
 20
-1371.797245750644
 30
0.0000000000007228
 41
0.966506350946112
 10
451435.6548726825
 20
-1371.834580645557
 30
0.0000000000007228
 41
1.0
 10
451433.7317029957
 20
-1372.001247410302
 30
0.0000000000007228
 41
0.8660254037844389
 10
451426.5063733608
 20
-1372.167914445391
 30
0.0000000000007228
 41
1.0
 10
451419.2810437264
 20
-1372.334581480501
 30
0.0000000000007228
 41
0.8660254037844389
 10
451413.9788837872
 20
-1372.501248417519
 30
0.0000000000007228
 41
1.0
 10
451410.1330174314
 20
-1372.622138540257
 30
0.0000000000007228
 41
0.8991104395899226
 10
451410.1648227313
 20
-1372.756688783205
 30
0.0000000000007228
 41
0.9501706321518403
  0
SPLINE
  5
54A
330
2C6
100
AcDbEntity
  8
70.008.006251
  6
Continuous
 62
     7
100
AcDbSpline
210
0.0
220
0.0
230
1.0
 70
    12
 71
     2
 72
    12
 73
     9
 74
     0
 42
0.000000001
 43
0.0000000001
 40
0.6533147345088613
 40
0.6533147345088613
 40
0.6533147345088613
 40
0.6582166952931747
 40
0.6582166952931747
 40
0.6778245384304289
 40
0.6778245384304289
 40
0.6974323815676841
 40
0.6974323815676841
 40
0.7121980664854765
 40
0.7121980664854765
 40
0.7121980664854765
 10
451436.0901206273
 20
-1373.755655464954
 30
0.0000000000007228
 41
0.9497595264191669
 10
451436.0856805602
 20
-1373.797245750643
 30
0.0000000000007228
 41
0.966506350946112
 10
451435.6548727844
 20
-1373.834580645557
 30
0.0000000000007228
 41
1.0
 10
451433.7317030975
 20
-1374.001247410297
 30
0.0000000000007228
 41
0.8660254037844389
 10
451426.5063734628
 20
-1374.167914445391
 30
0.0000000000007228
 41
1.0
 10
451419.2810438284
 20
-1374.334581480496
 30
0.0000000000007228
 41
0.8660254037844389
 10
451413.9788838892
 20
-1374.501248417519
 30
0.0000000000007228
 41
1.0
 10
451410.1330175335
 20
-1374.622138540257
 30
0.0000000000007228
 41
0.8991104395899226
 10
451410.1648228334
 20
-1374.756688783223
 30
0.0000000000007228
 41
0.9501706321518403
  0
SPLINE
  5
54B
330
2C6
100
AcDbEntity
  8
70.008.006251
  6
Continuous
 62
     7
100
AcDbSpline
210
0.0
220
0.0
230
1.0
 70
    12
 71
     2
 72
    12
 73
     9
 74
     0
 42
0.000000001
 43
0.0000000001
 40
0.7709617933323904
 40
0.7709617933323904
 40
0.7709617933323904
 40
0.7758637541167039
 40
0.7758637541167039
 40
0.795471597253958
 40
0.795471597253958
 40
0.8150794403912131
 40
0.8150794403912131
 40
0.8298451253090057
 40
0.8298451253090057
 40
0.8298451253090057
 10
451436.0901207292
 20
-1375.755655464952
 30
0.0000000000007228
 41
0.9497595264191669
 10
451436.0856806621
 20
-1375.797245750642
 30
0.0000000000007228
 41
0.966506350946112
 10
451435.6548728865
 20
-1375.834580645557
 30
0.0000000000007228
 41
1.0
 10
451433.7317031996
 20
-1376.001247410308
 30
0.0000000000007228
 41
0.8660254037844389
 10
451426.5063735648
 20
-1376.167914445391
 30
0.0000000000007228
 41
1.0
 10
451419.2810439303
 20
-1376.334581480491
 30
0.0000000000007228
 41
0.8660254037844389
 10
451413.9788839911
 20
-1376.501248417519
 30
0.0000000000007228
 41
1.0
 10
451410.1330176355
 20
-1376.622138540255
 30
0.0000000000007228
 41
0.8991104395899219
 10
451410.1648229352
 20
-1376.756688783221
 30
0.0000000000007228
 41
0.9501706321518412
  0
SPLINE
  5
54C
330
2C6
100
AcDbEntity
  8
70.008.006251
  6
Continuous
 62
     7
100
AcDbSpline
210
0.0
220
0.0
230
1.0
 70
    12
 71
     2
 72
     8
 73
     5
 74
     0
 42
0.000000001
 43
0.0000000001
 40
0.0385288172468399
 40
0.0385288172468399
 40
0.0385288172468399
 40
0.0449967886081654
 40
0.0449967886081654
 40
0.0596793841221399
 40
0.0596793841221399
 40
0.0596793841221399
 10
451418.4518763012
 20
-1363.297804779548
 30
0.0000000000007228
 41
0.9407685969479985
 10
451416.7337223892
 20
-1363.354376226991
 30
0.0000000000007228
 41
0.9558062635751626
 10
451415.3853228143
 20
-1363.404189877906
 30
0.0000000000007228
 41
1.0
 10
451412.1334313263
 20
-1363.524323842919
 30
0.0000000000007228
 41
0.8996781649255616
 10
451412.127392247
 20
-1363.658195998691
 30
0.0000000000007228
 41
0.9496007922641226
  0
LINE
  5
54D
330
2C6
100
AcDbEntity
  8
70.008.006251
  6
Continuous
 62
     7
100
AcDbLine
 10
451409.2295251451
 20
-1379.643279350766
 30
0.0000000000007228
 11
451437.0252418349
 21
-1379.643277933409
 31
0.0000000000007228
  0
SPLINE
  5
54E
330
2C6
100
AcDbEntity
  8
70.008.006251
  6
Continuous
 62
     7
100
AcDbSpline
210
0.0
220
0.0
230
1.0
 70
     8
 71
     3
 72
    36
 73
    32
 74
     0
 42
0.000000001
 43
0.0000000001
 40
0.0
 40
0.0
 40
0.0
 40
0.0
 40
0.0625000000000037
 40
0.0625000000000037
 40
0.0937500000000069
 40
0.0937500000000069
 40
0.12500000000001
 40
0.12500000000001
 40
0.1875000000000088
 40
0.1875000000000088
 40
0.2500000000000075
 40
0.2500000000000075
 40
0.3750000000000049
 40
0.3750000000000049
 40
0.5000000000000023
 40
0.5000000000000023
 40
0.6249999999999999
 40
0.6249999999999999
 40
0.7499999999999973
 40
0.7499999999999973
 40
0.8124999999999964
 40
0.8124999999999964
 40
0.8749999999999957
 40
0.8749999999999957
 40
0.9062499999999968
 40
0.9062499999999968
 40
0.9374999999999978
 40
0.9374999999999978
 40
0.9687499999999989
 40
0.9687499999999989
 40
1.0
 40
1.0
 40
1.0
 40
1.0
 10
451432.0763125095
 20
-1376.643278185768
 30
0.0000000000007228
 10
451432.1803463519
 20
-1376.999965578022
 30
0.0000000000007228
 10
451432.3183051055
 20
-1377.294788462134
 30
0.0000000000007228
 10
451432.556301977
 20
-1377.680384946429
 30
0.0000000000007228
 10
451432.6404473343
 20
-1377.797821024181
 30
0.0000000000007228
 10
451432.8129123703
 20
-1378.010726614807
 30
0.0000000000007228
 10
451432.9017948432
 20
-1378.107054961986
 30
0.0000000000007228
 10
451433.1748225281
 20
-1378.371663485532
 30
0.0000000000007228
 10
451433.3666656188
 20
-1378.516543609828
 30
0.0000000000007228
 10
451433.7537120368
 20
-1378.756100379042
 30
0.0000000000007228
 10
451433.949222298
 20
-1378.851391265426
 30
0.0000000000007228
 10
451434.5397786923
 20
-1379.087654185622
 30
0.0000000000007228
 10
451434.9387538646
 20
-1379.180206586064
 30
0.0000000000007228
 10
451435.7421534358
 20
-1379.298157675842
 30
0.0000000000007228
 10
451436.1467169442
 20
-1379.322914397878
 30
0.0000000000007228
 10
451436.9536047147
 20
-1379.322967820622
 30
0.0000000000007228
 10
451437.3570704188
 20
-1379.298432579463
 30
0.0000000000007228
 10
451438.1629023556
 20
-1379.180258476927
 30
0.0000000000007228
 10
451438.562740607
 20
-1379.087407684938
 30
0.0000000000007228
 10
451439.1536260676
 20
-1378.850803159507
 30
0.0000000000007228
 10
451439.3490823429
 20
-1378.755418575626
 30
0.0000000000007228
 10
451439.7355638429
 20
-1378.516039082383
 30
0.0000000000007228
 10
451439.9266392376
 20
-1378.371738254248
 30
0.0000000000007228
 10
451440.1996599327
 20
-1378.107158395326
 30
0.0000000000007228
 10
451440.2886718141
 20
-1378.010720536792
 30
0.0000000000007228
 10
451440.4616733734
 20
-1377.797090150018
 30
0.0000000000007228
 10
451440.5453886218
 20
-1377.680063848874
 30
0.0000000000007228
 10
451440.7025096739
 20
-1377.425699165028
 30
0.0000000000007228
 10
451440.7763816351
 20
-1377.28790839876
 30
0.0000000000007228
 10
451440.9120853296
 20
-1376.985084446797
 30
0.0000000000007228
 10
451440.9736382616
 20
-1376.820203775506
 30
0.0000000000007228
 10
451441.0252416819
 20
-1376.643277729449
 30
0.0000000000007228
  0
SPLINE
  5
54F
330
2C6
100
AcDbEntity
  8
70.008.006251
  6
Continuous
 62
     7
100
AcDbSpline
210
0.0
220
0.0
230
1.0
 70
     8
 71
     3
 72
    18
 73
    14
 74
     0
 42
0.000000001
 43
0.0000000001
 40
0.0
 40
0.0
 40
0.0
 40
0.0
 40
0.1250000000000003
 40
0.1250000000000003
 40
0.2500000000000007
 40
0.2500000000000007
 40
0.5000000000000005
 40
0.5000000000000005
 40
0.7500000000000002
 40
0.7500000000000002
 40
0.8750000000000001
 40
0.8750000000000001
 40
1.0
 40
1.0
 40
1.0
 40
1.0
 10
451414.1784541646
 20
-1376.643279098421
 30
0.0000000000007228
 10
451414.5915714977
 20
-1377.351480157983
 30
0.0000000000007228
 10
451415.2762549303
 20
-1377.837904074457
 30
0.0000000000007228
 10
451416.732117931
 20
-1378.545575191597
 30
0.0000000000007228
 10
451417.5121283386
 20
-1378.76787531585
 30
0.0000000000007228
 10
451419.8759167832
 20
-1379.243898450785
 30
0.0000000000007228
 10
451421.4999114671
 20
-1379.32238608783
 30
0.0000000000007228
 10
451424.7293388284
 20
-1379.32349316739
 30
0.0000000000007228
 10
451426.358794117
 20
-1379.246387613263
 30
0.0000000000007228
 10
451428.7332341388
 20
-1378.770533851154
 30
0.0000000000007228
 10
451429.514616778
 20
-1378.548653021363
 30
0.0000000000007228
 10
451430.9756746327
 20
-1377.840102101948
 30
0.0000000000007228
 10
451431.6666966408
 20
-1377.345476899975
 30
0.0000000000007228
 10
451432.0763125095
 20
-1376.643278185768
 30
0.0000000000007228
  0
SPLINE
  5
550
330
2C6
100
AcDbEntity
  8
70.008.006251
  6
Continuous
 62
     7
100
AcDbSpline
210
0.0
220
0.0
230
1.0
 70
     8
 71
     3
 72
    36
 73
    32
 74
     0
 42
0.000000001
 43
0.0000000001
 40
0.0
 40
0.0
 40
0.0
 40
0.0
 40
0.0624999999999946
 40
0.0624999999999946
 40
0.0937499999999919
 40
0.0937499999999919
 40
0.1249999999999891
 40
0.1249999999999891
 40
0.1874999999999903
 40
0.1874999999999903
 40
0.2499999999999916
 40
0.2499999999999916
 40
0.3749999999999911
 40
0.3749999999999911
 40
0.4999999999999906
 40
0.4999999999999906
 40
0.6249999999999901
 40
0.6249999999999901
 40
0.7499999999999896
 40
0.7499999999999896
 40
0.8124999999999893
 40
0.8124999999999893
 40
0.8749999999999891
 40
0.8749999999999891
 40
0.9062499999999918
 40
0.9062499999999918
 40
0.9374999999999944
 40
0.9374999999999944
 40
0.9687499999999971
 40
0.9687499999999971
 40
1.0
 40
1.0
 40
1.0
 40
1.0
 10
451405.2295249921
 20
-1376.64327955474
 30
0.0000000000007228
 10
451405.3335588346
 20
-1376.999966946993
 30
0.0000000000007228
 10
451405.4715175882
 20
-1377.294789831106
 30
0.0000000000007228
 10
451405.7095144597
 20
-1377.680386315401
 30
0.0000000000007228
 10
451405.7936598169
 20
-1377.797822393152
 30
0.0000000000007228
 10
451405.966124853
 20
-1378.010727983764
 30
0.0000000000007228
 10
451406.0550073258
 20
-1378.107056330943
 30
0.0000000000007228
 10
451406.3280350107
 20
-1378.371664854504
 30
0.0000000000007228
 10
451406.5198781016
 20
-1378.516544978799
 30
0.0000000000007228
 10
451406.9069245195
 20
-1378.756101748014
 30
0.0000000000007228
 10
451407.1024347806
 20
-1378.851392634397
 30
0.0000000000007228
 10
451407.692991175
 20
-1379.087655554594
 30
0.0000000000007228
 10
451408.0919663473
 20
-1379.180207955035
 30
0.0000000000007228
 10
451408.8953659185
 20
-1379.298159044813
 30
0.0000000000007228
 10
451409.2999294269
 20
-1379.322915766849
 30
0.0000000000007228
 10
451410.1068171973
 20
-1379.322969189578
 30
0.0000000000007228
 10
451410.5102829016
 20
-1379.298433948435
 30
0.0000000000007228
 10
451411.3161148383
 20
-1379.180259845884
 30
0.0000000000007228
 10
451411.7159530897
 20
-1379.08740905391
 30
0.0000000000007228
 10
451412.3068385504
 20
-1378.850804528464
 30
0.0000000000007228
 10
451412.5022948255
 20
-1378.755419944597
 30
0.0000000000007228
 10
451412.8887763256
 20
-1378.516040451354
 30
0.0000000000007228
 10
451413.0798517203
 20
-1378.37173962322
 30
0.0000000000007228
 10
451413.3528724154
 20
-1378.107159764297
 30
0.0000000000007228
 10
451413.4418842967
 20
-1378.010721905764
 30
0.0000000000007228
 10
451413.614885856
 20
-1377.797091518975
 30
0.0000000000007228
 10
451413.6986011044
 20
-1377.680065217845
 30
0.0000000000007228
 10
451413.8557221565
 20
-1377.425700533985
 30
0.0000000000007228
 10
451413.9295941178
 20
-1377.287909767731
 30
0.0000000000007228
 10
451414.0652978124
 20
-1376.985085815769
 30
0.0000000000007228
 10
451414.1268507443
 20
-1376.820205144478
 30
0.0000000000007228
 10
451414.1784541646
 20
-1376.643279098421
 30
0.0000000000007228
  0
LINE
  5
551
330
2C6
100
AcDbEntity
  8
70.008.006251
  6
Continuous
 62
     7
100
AcDbLine
 10
451441.0252411209
 20
-1365.643277729449
 30
0.0000000000007228
 11
451441.0252416819
 21
-1376.643277729449
 31
0.0000000000007228
  0
LINE
  5
552
330
2C6
100
AcDbEntity
  8
70.008.006251
  6
Continuous
 62
     7
100
AcDbLine
 10
451432.0763119486
 20
-1365.643278185768
 30
0.0000000000007228
 11
451432.0763125095
 21
-1376.643278185768
 31
0.0000000000007228
  0
SPLINE
  5
553
330
2C6
100
AcDbEntity
  8
70.008.006251
  6
Continuous
 62
     7
100
AcDbSpline
210
0.0
220
0.0
230
1.0
 70
     8
 71
     3
 72
    36
 73
    32
 74
     0
 42
0.000000001
 43
0.0000000001
 40
0.0
 40
0.0
 40
0.0
 40
0.0
 40
0.0625000000000033
 40
0.0625000000000033
 40
0.0937500000000079
 40
0.0937500000000079
 40
0.1250000000000123
 40
0.1250000000000123
 40
0.1875000000000128
 40
0.1875000000000128
 40
0.2500000000000133
 40
0.2500000000000133
 40
0.3750000000000161
 40
0.3750000000000161
 40
0.500000000000019
 40
0.500000000000019
 40
0.6250000000000219
 40
0.6250000000000219
 40
0.7500000000000247
 40
0.7500000000000247
 40
0.8125000000000218
 40
0.8125000000000218
 40
0.8750000000000191
 40
0.8750000000000191
 40
0.9062500000000143
 40
0.9062500000000143
 40
0.9375000000000095
 40
0.9375000000000095
 40
0.9687500000000047
 40
0.9687500000000047
 40
1.0
 40
1.0
 40
1.0
 40
1.0
 10
451441.0252411209
 20
-1365.643277729449
 30
0.0000000000007228
 10
451440.9212072785
 20
-1365.286590337196
 30
0.0000000000007228
 10
451440.7832485249
 20
-1364.991767453083
 30
0.0000000000007228
 10
451440.5452516534
 20
-1364.606170968788
 30
0.0000000000007228
 10
451440.4611062962
 20
-1364.488734891037
 30
0.0000000000007228
 10
451440.2886412603
 20
-1364.275829300411
 30
0.0000000000007228
 10
451440.1997587873
 20
-1364.179500953246
 30
0.0000000000007228
 10
451439.9267311024
 20
-1363.914892429685
 30
0.0000000000007228
 10
451439.7348880115
 20
-1363.77001230539
 30
0.0000000000007228
 10
451439.3478415937
 20
-1363.530455536175
 30
0.0000000000007228
 10
451439.1523313325
 20
-1363.435164649791
 30
0.0000000000007228
 10
451438.5617749382
 20
-1363.198901729595
 30
0.0000000000007228
 10
451438.1627997658
 20
-1363.106349329154
 30
0.0000000000007228
 10
451437.3594001946
 20
-1362.988398239376
 30
0.0000000000007228
 10
451436.9548366863
 20
-1362.96364151734
 30
0.0000000000007228
 10
451436.1479489158
 20
-1362.963588094596
 30
0.0000000000007228
 10
451435.7444832117
 20
-1362.988123335754
 30
0.0000000000007228
 10
451434.9386512748
 20
-1363.10629743829
 30
0.0000000000007228
 10
451434.5388130235
 20
-1363.199148230279
 30
0.0000000000007228
 10
451433.9479275629
 20
-1363.43575275571
 30
0.0000000000007228
 10
451433.7524712877
 20
-1363.531137339591
 30
0.0000000000007228
 10
451433.3659897875
 20
-1363.77051683282
 30
0.0000000000007228
 10
451433.1749143929
 20
-1363.914817660969
 30
0.0000000000007228
 10
451432.9018936978
 20
-1364.179397519891
 30
0.0000000000007228
 10
451432.8128818164
 20
-1364.275835378426
 30
0.0000000000007228
 10
451432.6398802571
 20
-1364.489465765199
 30
0.0000000000007228
 10
451432.5561650087
 20
-1364.606492066344
 30
0.0000000000007228
 10
451432.3990439566
 20
-1364.86085675019
 30
0.0000000000007228
 10
451432.3251719953
 20
-1364.998647516458
 30
0.0000000000007228
 10
451432.1894683008
 20
-1365.30147146842
 30
0.0000000000007228
 10
451432.1279153689
 20
-1365.466352139711
 30
0.0000000000007228
 10
451432.0763119486
 20
-1365.643278185768
 30
0.0000000000007228
  0
LINE
  5
554
330
2C6
100
AcDbEntity
  8
70.008.006251
  6
Continuous
 62
     7
100
AcDbLine
 10
451414.1784536037
 20
-1365.643279098421
 30
0.0000000000007228
 11
451414.1784541646
 21
-1376.643279098421
 31
0.0000000000007228
  0
SPLINE
  5
555
330
2C6
100
AcDbEntity
  8
70.008.006251
  6
Continuous
 62
     7
100
AcDbSpline
210
0.0
220
0.0
230
1.0
 70
     8
 71
     3
 72
    18
 73
    14
 74
     0
 42
0.000000001
 43
0.0000000001
 40
0.0
 40
0.0
 40
0.0
 40
0.0
 40
0.1249999999999994
 40
0.1249999999999994
 40
0.2499999999999988
 40
0.2499999999999988
 40
0.499999999999999
 40
0.499999999999999
 40
0.7499999999999991
 40
0.7499999999999991
 40
0.8749999999999994
 40
0.8749999999999994
 40
1.0
 40
1.0
 40
1.0
 40
1.0
 10
451432.0763119486
 20
-1365.643278185768
 30
0.0000000000007228
 10
451431.6631946154
 20
-1364.935077126191
 30
0.0000000000007228
 10
451430.9785111827
 20
-1364.448653209732
 30
0.0000000000007228
 10
451429.5226481822
 20
-1363.740982092592
 30
0.0000000000007228
 10
451428.7426377745
 20
-1363.518681968339
 30
0.0000000000007228
 10
451426.3788493301
 20
-1363.042658833404
 30
0.0000000000007228
 10
451424.754854646
 20
-1362.964171196358
 30
0.0000000000007228
 10
451421.5254272848
 20
-1362.963064116799
 30
0.0000000000007228
 10
451419.8959719962
 20
-1363.040169670926
 30
0.0000000000007228
 10
451417.5215319744
 20
-1363.516023433035
 30
0.0000000000007228
 10
451416.7401493352
 20
-1363.737904262826
 30
0.0000000000007228
 10
451415.2790914805
 20
-1364.446455182241
 30
0.0000000000007228
 10
451414.5880694723
 20
-1364.941080384214
 30
0.0000000000007228
 10
451414.1784536037
 20
-1365.643279098421
 30
0.0000000000007228
  0
LINE
  5
556
330
2C6
100
AcDbEntity
  8
70.008.006251
  6
Continuous
 62
     7
100
AcDbLine
 10
451405.2295244312
 20
-1365.64327955474
 30
0.0000000000007228
 11
451405.2295249921
 21
-1376.64327955474
 31
0.0000000000007228
  0
SPLINE
  5
557
330
2C6
100
AcDbEntity
  8
70.008.006251
  6
Continuous
 62
     7
100
AcDbSpline
210
0.0
220
0.0
230
1.0
 70
     8
 71
     3
 72
    36
 73
    32
 74
     0
 42
0.000000001
 43
0.0000000001
 40
0.0
 40
0.0
 40
0.0
 40
0.0
 40
0.0625000000000073
 40
0.0625000000000073
 40
0.093750000000011
 40
0.093750000000011
 40
0.1250000000000146
 40
0.1250000000000146
 40
0.1875000000000142
 40
0.1875000000000142
 40
0.2500000000000138
 40
0.2500000000000138
 40
0.375000000000012
 40
0.375000000000012
 40
0.5000000000000103
 40
0.5000000000000103
 40
0.6250000000000086
 40
0.6250000000000086
 40
0.7500000000000068
 40
0.7500000000000068
 40
0.8125000000000069
 40
0.8125000000000069
 40
0.8750000000000072
 40
0.8750000000000072
 40
0.9062500000000055
 40
0.9062500000000055
 40
0.9375000000000035
 40
0.9375000000000035
 40
0.9687500000000017
 40
0.9687500000000017
 40
1.0
 40
1.0
 40
1.0
 40
1.0
 10
451414.1784536037
 20
-1365.643279098421
 30
0.0000000000007228
 10
451414.0744197612
 20
-1365.286591706167
 30
0.0000000000007228
 10
451413.9364610077
 20
-1364.991768822055
 30
0.0000000000007228
 10
451413.6984641361
 20
-1364.60617233776
 30
0.0000000000007228
 10
451413.614318779
 20
-1364.488736260008
 30
0.0000000000007228
 10
451413.4418537429
 20
-1364.275830669382
 30
0.0000000000007228
 10
451413.35297127
 20
-1364.179502322203
 30
0.0000000000007228
 10
451413.0799435851
 20
-1363.914893798656
 30
0.0000000000007228
 10
451412.8881004943
 20
-1363.770013674362
 30
0.0000000000007228
 10
451412.5010540763
 20
-1363.530456905147
 30
0.0000000000007228
 10
451412.3055438152
 20
-1363.435166018763
 30
0.0000000000007228
 10
451411.7149874208
 20
-1363.198903098567
 30
0.0000000000007228
 10
451411.3160122485
 20
-1363.106350698125
 30
0.0000000000007228
 10
451410.5126126773
 20
-1362.988399608347
 30
0.0000000000007228
 10
451410.1080491689
 20
-1362.963642886311
 30
0.0000000000007228
 10
451409.3011613986
 20
-1362.963589463567
 30
0.0000000000007228
 10
451408.8976956943
 20
-1362.988124704726
 30
0.0000000000007228
 10
451408.0918637575
 20
-1363.106298807261
 30
0.0000000000007228
 10
451407.6920255062
 20
-1363.199149599251
 30
0.0000000000007228
 10
451407.1011400456
 20
-1363.435754124681
 30
0.0000000000007228
 10
451406.9056837704
 20
-1363.531138708548
 30
0.0000000000007228
 10
451406.5192022703
 20
-1363.770518201792
 30
0.0000000000007228
 10
451406.3281268756
 20
-1363.914819029941
 30
0.0000000000007228
 10
451406.0551061805
 20
-1364.179398888863
 30
0.0000000000007228
 10
451405.9660942991
 20
-1364.275836747382
 30
0.0000000000007228
 10
451405.7930927398
 20
-1364.489467134171
 30
0.0000000000007228
 10
451405.7093774915
 20
-1364.606493435301
 30
0.0000000000007228
 10
451405.5522564393
 20
-1364.860858119161
 30
0.0000000000007228
 10
451405.4783844779
 20
-1364.998648885429
 30
0.0000000000007228
 10
451405.3426807834
 20
-1365.301472837377
 30
0.0000000000007228
 10
451405.2811278516
 20
-1365.466353508668
 30
0.0000000000007228
 10
451405.2295244312
 20
-1365.64327955474
 30
0.0000000000007228
  0
ARC
  5
558
330
2C6
100
AcDbEntity
  8
70.008.006251
  6
Continuous
 62
     7
100
AcDbCircle
 10
451437.0252416225
 20
-1375.476611266752
 30
0.0000000000007228
 40
4.166666666666657
100
AcDbArc
 50
270.0000029215067
 51
322.190025885169
  0
ARC
  5
559
330
2C6
100
AcDbEntity
  8
70.008.006251
  6
Continuous
 62
     7
100
AcDbCircle
 10
451437.0252416225
 20
-1375.476611266752
 30
0.0000000000007228
 40
4.166666666666657
100
AcDbArc
 50
339.0995136474276
 51
343.3820870280718
  0
ARC
  5
55A
330
2C6
100
AcDbEntity
  8
70.008.006251
  6
Continuous
 62
     7
100
AcDbCircle
 10
451409.2295249326
 20
-1375.476612684108
 30
0.0000000000007228
 40
4.166666666666641
100
AcDbArc
 50
196.6492374748676
 51
201.7075815192152
  0
ARC
  5
55B
330
2C6
100
AcDbEntity
  8
70.008.006251
  6
Continuous
 62
     7
100
AcDbCircle
 10
451409.2295249326
 20
-1375.476612684108
 30
0.0000000000007228
 40
4.166666666666641
100
AcDbArc
 50
216.7555441981572
 51
270.0000029215067
  0
ARC
  5
55C
330
2C6
100
AcDbEntity
  8
003245
  6
Continuous
 62
     7
100
AcDbCircle
 10
455309.0495791851
 20
-2840.197825981149
 30
0.0000000000007228
 40
1984.81593605489
100
AcDbArc
 50
85.05483833535382
 51
86.22856106271777
  0
CIRCLE
  5
55D
330
2C6
100
AcDbEntity
  8
004157
  6
Continuous
 62
     7
100
AcDbCircle
 10
455314.7337601636
 20
-1406.465793436487
 30
0.0000000000007228
 40
268.67
  0
CIRCLE
  5
55E
330
2C6
100
AcDbEntity
  8
004157
  6
Continuous
 62
     7
100
AcDbCircle
 10
455314.7337601636
 20
-1406.465793436487
 30
0.0000000000007228
 40
261.67
  0
CIRCLE
  5
55F
330
2C6
100
AcDbEntity
  8
004157
  6
Continuous
 62
     7
100
AcDbCircle
 10
455427.6605102807
 20
-1530.174318235679
 30
0.0000000000007228
 40
13.0
  0
CIRCLE
  5
560
330
2C6
100
AcDbEntity
  8
004157
  6
Continuous
 62
     7
100
AcDbCircle
 10
455333.3793736681
 20
-1572.924770656223
 30
0.0000000000007228
 40
13.0
  0
CIRCLE
  5
561
330
2C6
100
AcDbEntity
  8
004157
  6
Continuous
 62
     7
100
AcDbCircle
 10
455231.9762464377
 20
-1552.093551511359
 30
0.0000000000007228
 40
13.00000000000056
  0
CIRCLE
  5
562
330
2C6
100
AcDbEntity
  8
004157
  6
Continuous
 62
     7
100
AcDbCircle
 10
455162.1836766264
 20
-1475.63747848734
 30
0.0000000000007228
 40
13.0
  0
CIRCLE
  5
563
330
2C6
100
AcDbEntity
  8
004157
  6
Continuous
 62
     7
100
AcDbCircle
 10
455150.6600537396
 20
-1372.760172832996
 30
0.0000000000007228
 40
13.00000000000062
  0
CIRCLE
  5
564
330
2C6
100
AcDbEntity
  8
004157
  6
Continuous
 62
     7
100
AcDbCircle
 10
455201.8070100465
 20
-1282.757268637279
 30
0.0000000000007228
 40
13.0
  0
CIRCLE
  5
565
330
2C6
100
AcDbEntity
  8
004157
  6
Continuous
 62
     7
100
AcDbCircle
 10
455296.0881466591
 20
-1240.006816216736
 30
0.0000000000007228
 40
13.0
  0
CIRCLE
  5
566
330
2C6
100
AcDbEntity
  8
004157
  6
Continuous
 62
     7
100
AcDbCircle
 10
455397.4912738894
 20
-1260.838035361586
 30
0.0000000000007228
 40
13.00000000000056
  0
CIRCLE
  5
567
330
2C6
100
AcDbEntity
  8
004157
  6
Continuous
 62
     7
100
AcDbCircle
 10
455478.8074665877
 20
-1440.171414039948
 30
0.0000000000007228
 40
13.00000000000062
  0
CIRCLE
  5
568
330
2C6
100
AcDbEntity
  8
004157
  6
Continuous
 62
     7
100
AcDbCircle
 10
455467.2838437009
 20
-1337.294108385605
 30
0.0000000000007228
 40
13.0
  0
CIRCLE
  5
569
330
2C6
100
AcDbEntity
  8
004157
  6
Continuous
 62
     7
100
AcDbCircle
 10
455314.7337601636
 20
-1406.465793436472
 30
0.0000000000007228
 40
140.5
  0
CIRCLE
  5
56A
330
2C6
100
AcDbEntity
  8
001245
  6
Continuous
 62
     7
100
AcDbCircle
 10
455314.7337601636
 20
-1406.465793436545
 30
0.0000000000007228
 40
316.323350190803
  0
CIRCLE
  5
56B
330
2C6
100
AcDbEntity
  8
001245
  6
Continuous
 62
     7
100
AcDbCircle
 10
455314.7337601636
 20
-1406.465793436545
 30
0.0000000000007228
 40
304.082585391439
  0
CIRCLE
  5
56C
330
2C6
100
AcDbEntity
  8
001245
  6
Continuous
 62
     7
100
AcDbCircle
 10
455314.7337601636
 20
-1406.465793436545
 30
0.0000000000007228
 40
285.7219674151295
  0
CIRCLE
  5
56D
330
2C6
100
AcDbEntity
  8
001245
  6
Continuous
 62
     7
100
AcDbCircle
 10
455314.7337601636
 20
-1406.465793436545
 30
0.0000000000007228
 40
275.0
  0
CIRCLE
  5
56E
330
2C6
100
AcDbEntity
  8
001245
  6
Continuous
 62
     7
100
AcDbCircle
 10
455314.7337601636
 20
-1406.465793436545
 30
0.0000000000007228
 40
512.60323850249
  0
CIRCLE
  5
56F
330
2C6
100
AcDbEntity
  8
001245
  6
Continuous
 62
     7
100
AcDbCircle
 10
455314.7337601636
 20
-1406.465793436545
 30
0.0000000000007228
 40
527.9999999999999
  0
LINE
  5
570
330
2C6
100
AcDbEntity
  8
CONTORNO
100
AcDbLine
 10
455592.2424522605
 20
-762.6880108018568
 30
0.0000000000007228
 11
455592.2443780971
 21
-807.6880107606458
 31
0.0000000000007228
  0
LINE
  5
571
330
2C6
100
AcDbEntity
  8
PART_0000005592
  6
Continuous
 62
     7
100
AcDbLine
 10
455200.8870185213
 20
-844.8224412103781
 30
0.0000000000007228
 11
455200.890533173
 21
-762.6974412855824
 31
0.0000000000007228
  0
ELLIPSE
  5
572
330
2C6
100
AcDbEntity
  8
PART_0000005592
  6
Continuous
 62
     7
100
AcDbEllipse
 10
455204.5836861641
 20
-762.6975993390997
 30
0.0000000000007228
 11
-0.0008559273554104
 21
-19.99999998168467
 31
0.0
210
0.0
220
0.0
230
-0.9999999999999998
 40
0.1846576497232574
 41
1.570796326794068
 42
3.14159265358984
  0
LINE
  5
573
330
2C6
100
AcDbEntity
  8
PART_0000005261_
  6
Continuous
 62
     7
100
AcDbLine
 10
455232.2845000345
 20
-807.0117695733834
 30
0.0000000000007228
 11
455340.4844975791
 21
-807.0348203031509
 31
0.0000000000007228
  0
LINE
  5
574
330
2C6
100
AcDbEntity
  8
PART_0000005261_
  6
Continuous
 62
     7
100
AcDbLine
 10
455232.2873121383
 20
-793.8117698729229
 30
0.0000000000007228
 11
455340.4873096829
 21
-793.8348206026903
 31
0.0000000000007228
  0
LINE
  5
575
330
2C6
100
AcDbEntity
  8
PART_0000005261_
  6
Continuous
 62
     7
100
AcDbLine
 10
455239.8873119659
 20
-793.8133889630017
 30
0.0000000000007228
 11
455332.8873098553
 21
-793.8332015126116
 31
0.0000000000007228
  0
LINE
  5
576
330
2C6
100
AcDbEntity
  8
PART_0000005261_
  6
Continuous
 62
     7
100
AcDbLine
 10
455239.8956204544
 20
-754.81338984802
 30
0.0000000000007228
 11
455332.895618344
 21
-754.83320239763
 31
0.0000000000007228
  0
LINE
  5
577
330
2C6
100
AcDbEntity
  8
PART_0000005261_
  6
Continuous
 62
     7
100
AcDbLine
 10
455231.3956206473
 20
-754.8115790235942
 30
0.0000000000007228
 11
455341.3956181511
 21
-754.8350132220557
 31
0.0000000000007228
  0
ARC
  5
578
330
2C6
100
AcDbEntity
  8
PART_0000005261_
  6
Continuous
 62
     7
100
AcDbCircle
 10
455340.4848171363
 20
-805.5348203371877
 30
0.0000000000007228
 40
1.500000000000009
100
AcDbArc
 50
269.9877938115307
 51
359.9877938120863
  0
ARC
  5
579
330
2C6
100
AcDbEntity
  8
PART_0000005261_
  6
Continuous
 62
     7
100
AcDbCircle
 10
455232.2848195917
 20
-805.5117696074203
 30
0.0000000000007228
 40
1.500000000000009
100
AcDbArc
 50
179.9877938120864
 51
269.9877938115307
  0
LINE
  5
57A
330
2C6
100
AcDbEntity
  8
PART_0000005261_
  6
Continuous
 62
     7
100
AcDbLine
 10
455341.9848171023
 20
-805.5351398944376
 30
0.0000000000007228
 11
455341.9869900916
 21
-795.3351401259033
 31
0.0000000000007228
  0
LINE
  5
57B
330
2C6
100
AcDbEntity
  8
PART_0000005261_
  6
Continuous
 62
     7
100
AcDbLine
 10
455230.786992615
 20
-795.3114502816361
 30
0.0000000000007228
 11
455230.7848196257
 21
-805.5114500501703
 31
0.0000000000007228
  0
ARC
  5
57C
330
2C6
100
AcDbEntity
  8
PART_0000005261_
  6
Continuous
 62
     7
100
AcDbCircle
 10
455340.4869901257
 20
-795.3348205686534
 30
0.0000000000007228
 40
1.500000000000009
100
AcDbArc
 50
359.9877938120863
 51
89.98779381153061
  0
ARC
  5
57D
330
2C6
100
AcDbEntity
  8
PART_0000005261_
  6
Continuous
 62
     7
100
AcDbCircle
 10
455232.286992581
 20
-795.311769838886
 30
0.0000000000007228
 40
1.500000000000009
100
AcDbArc
 50
89.98779381153061
 51
179.9877938120864
  0
ARC
  5
57E
330
2C6
100
AcDbEntity
  8
PART_0000005261_
  6
Continuous
 62
     7
100
AcDbCircle
 10
455332.8876294126
 20
-792.3332015466485
 30
0.0000000000007228
 40
1.500000000000009
100
AcDbArc
 50
179.9877938120864
 51
269.9877938115307
  0
ARC
  5
57F
330
2C6
100
AcDbEntity
  8
PART_0000005261_
  6
Continuous
 62
     7
100
AcDbCircle
 10
455239.8876315232
 20
-792.3133889970386
 30
0.0000000000007228
 40
1.500000000000009
100
AcDbArc
 50
269.9877938115307
 51
359.9877938120863
  0
LINE
  5
580
330
2C6
100
AcDbEntity
  8
PART_0000005261_
  6
Continuous
 62
     7
100
AcDbLine
 10
455331.3876294467
 20
-792.3328819893986
 30
0.0000000000007228
 11
455331.3952988207
 21
-756.3328828063285
 31
0.0000000000007228
  0
LINE
  5
581
330
2C6
100
AcDbEntity
  8
PART_0000005261_
  6
Continuous
 62
     7
100
AcDbLine
 10
455241.3953008631
 20
-756.313709371233
 30
0.0000000000007228
 11
455241.387631489
 21
-792.3137085542885
 31
0.0000000000007228
  0
ARC
  5
582
330
2C6
100
AcDbEntity
  8
PART_0000005261_
  6
Continuous
 62
     7
100
AcDbCircle
 10
455332.8952987867
 20
-756.333202363593
 30
0.0000000000007228
 40
1.500000000000009
100
AcDbArc
 50
89.98779381153061
 51
179.9877938115305
  0
ARC
  5
583
330
2C6
100
AcDbEntity
  8
PART_0000005261_
  6
Continuous
 62
     7
100
AcDbCircle
 10
455239.8953008971
 20
-756.3133898139831
 30
0.0000000000007228
 40
1.500000000000009
100
AcDbArc
 50
359.9877938120863
 51
89.98779381153061
  0
ARC
  5
584
330
2C6
100
AcDbEntity
  8
PART_0000005261_
  6
Continuous
 62
     7
100
AcDbCircle
 10
455341.3959377084
 20
-753.3350132560927
 30
0.0000000000007228
 40
1.500000000000009
100
AcDbArc
 50
269.9877938115307
 51
359.9877938120863
  0
ARC
  5
585
330
2C6
100
AcDbEntity
  8
PART_0000005261_
  6
Continuous
 62
     7
100
AcDbCircle
 10
455231.3959402045
 20
-753.3115790576312
 30
0.0000000000007228
 40
1.500000000000009
100
AcDbArc
 50
179.9877938120864
 51
269.9877938115307
  0
LINE
  5
586
330
2C6
100
AcDbEntity
  8
PART_0000005261_
  6
Continuous
 62
     7
100
AcDbLine
 10
455342.8959376743
 20
-753.3353328133426
 30
0.0000000000007228
 11
455342.8982031717
 21
-742.7011003933194
 31
0.0000000000007228
  0
LINE
  5
587
330
2C6
100
AcDbEntity
  8
PART_0000005261_
  6
Continuous
 62
     7
100
AcDbLine
 10
455229.8982006075
 20
-742.7011003933194
 30
0.0000000000007228
 11
455229.8959402385
 21
-753.3112595003813
 31
0.0000000000007228
  0
LINE
  5
588
330
2C6
100
AcDbEntity
  8
CONTORNO
100
AcDbLine
 10
455965.6212503301
 20
-1186.46579343647
 30
0.0000000000007228
 11
455965.6212503301
 21
-928.1657934364238
 31
0.0000000000007228
  0
LINE
  5
589
330
2C6
100
AcDbEntity
  8
C__USERS_PROJETO
  6
Continuous
 62
     7
100
AcDbLine
 10
455340.4844988068
 20
-794.9011003933273
 30
0.0000000000007228
 11
455232.2844988068
 21
-794.9011003933273
 31
0.0000000000007228
  0
LINE
  5
58A
330
2C6
100
AcDbEntity
  8
C__USERS_PROJETO
  6
Continuous
 62
     7
100
AcDbLine
 10
455340.4844988068
 20
-781.7011003933266
 30
0.0000000000007228
 11
455232.2844988068
 21
-781.7011003933266
 31
0.0000000000007228
  0
LINE
  5
58B
330
2C6
100
AcDbEntity
  8
C__USERS_PROJETO
  6
Continuous
 62
     7
100
AcDbLine
 10
455341.3844988067
 20
-742.7011003933266
 30
0.0000000000007228
 11
455231.3844988068
 21
-742.7011003933266
 31
0.0000000000007228
  0
ARC
  5
58C
330
2C6
100
AcDbEntity
  8
C__USERS_PROJETO
  6
Continuous
 62
     7
100
AcDbCircle
 10
455340.4844988068
 20
-793.4011003933274
 30
0.0000000000007228
 40
1.500000000000001
100
AcDbArc
 50
270.0
 51
0.0
  0
ARC
  5
58D
330
2C6
100
AcDbEntity
  8
C__USERS_PROJETO
  6
Continuous
 62
     7
100
AcDbCircle
 10
455232.2844988068
 20
-793.4011003933274
 30
0.0000000000007228
 40
1.500000000000056
100
AcDbArc
 50
180.0
 51
270.0
  0
LINE
  5
58E
330
2C6
100
AcDbEntity
  8
C__USERS_PROJETO
  6
Continuous
 62
     7
100
AcDbLine
 10
455341.9844988067
 20
-793.4011003933274
 30
0.0000000000007228
 11
455341.9844988067
 21
-783.2011003933266
 31
0.0000000000007228
  0
LINE
  5
58F
330
2C6
100
AcDbEntity
  8
C__USERS_PROJETO
  6
Continuous
 62
     7
100
AcDbLine
 10
455230.7844988067
 20
-783.2011003933266
 30
0.0000000000007228
 11
455230.7844988067
 21
-793.4011003933274
 31
0.0000000000007228
  0
ARC
  5
590
330
2C6
100
AcDbEntity
  8
C__USERS_PROJETO
  6
Continuous
 62
     7
100
AcDbCircle
 10
455340.4844988068
 20
-783.2011003933266
 30
0.0000000000007228
 40
1.500000000000056
100
AcDbArc
 50
0.0
 51
90.0
  0
ARC
  5
591
330
2C6
100
AcDbEntity
  8
C__USERS_PROJETO
  6
Continuous
 62
     7
100
AcDbCircle
 10
455232.2844988068
 20
-783.2011003933266
 30
0.0000000000007228
 40
1.500000000000056
100
AcDbArc
 50
90.0
 51
180.0
  0
ARC
  5
592
330
2C6
100
AcDbEntity
  8
C__USERS_PROJETO
  6
Continuous
 62
     7
100
AcDbCircle
 10
455332.8844988068
 20
-780.2011003933267
 30
0.0000000000007228
 40
1.500000000000001
100
AcDbArc
 50
180.0
 51
270.0
  0
ARC
  5
593
330
2C6
100
AcDbEntity
  8
C__USERS_PROJETO
  6
Continuous
 62
     7
100
AcDbCircle
 10
455239.8844988068
 20
-780.2011003933267
 30
0.0000000000007228
 40
1.500000000000056
100
AcDbArc
 50
270.0
 51
0.0
  0
LINE
  5
594
330
2C6
100
AcDbEntity
  8
C__USERS_PROJETO
  6
Continuous
 62
     7
100
AcDbLine
 10
455331.3844988068
 20
-780.2011003933267
 30
0.0000000000007228
 11
455331.3844988068
 21
-744.2011003933266
 31
0.0000000000007228
  0
LINE
  5
595
330
2C6
100
AcDbEntity
  8
C__USERS_PROJETO
  6
Continuous
 62
     7
100
AcDbLine
 10
455241.3844988068
 20
-744.2011003933266
 30
0.0000000000007228
 11
455241.3844988068
 21
-780.2011003933267
 31
0.0000000000007228
  0
ARC
  5
596
330
2C6
100
AcDbEntity
  8
C__USERS_PROJETO
  6
Continuous
 62
     7
100
AcDbCircle
 10
455332.8844988068
 20
-744.2011003933266
 30
0.0000000000007228
 40
1.500000000000056
100
AcDbArc
 50
90.0
 51
180.0
  0
ARC
  5
597
330
2C6
100
AcDbEntity
  8
C__USERS_PROJETO
  6
Continuous
 62
     7
100
AcDbCircle
 10
455239.8844988068
 20
-744.2011003933266
 30
0.0000000000007228
 40
1.500000000000001
100
AcDbArc
 50
0.0
 51
90.0
  0
ARC
  5
598
330
2C6
100
AcDbEntity
  8
C__USERS_PROJETO
  6
Continuous
 62
     7
100
AcDbCircle
 10
455341.3844988067
 20
-741.2011003933266
 30
0.0000000000007228
 40
1.500000000000001
100
AcDbArc
 50
270.0
 51
0.0
  0
ARC
  5
599
330
2C6
100
AcDbEntity
  8
C__USERS_PROJETO
  6
Continuous
 62
     7
100
AcDbCircle
 10
455231.3844988068
 20
-741.2011003933266
 30
0.0000000000007228
 40
1.500000000000056
100
AcDbArc
 50
180.0
 51
270.0
  0
LINE
  5
59A
330
2C6
100
AcDbEntity
  8
500153
  6
Continuous
 62
     7
100
AcDbLine
 10
446983.1221594708
 20
-269.8906676432098
 30
0.0000000000007228
 11
446983.1221594708
 21
-276.8806676431859
 31
0.0000000000007228
  0
LINE
  5
59B
330
2C6
100
AcDbEntity
  8
500153
  6
Continuous
 62
     7
100
AcDbLine
 10
446983.1221594708
 20
-431.8806676431859
 30
0.0000000000007228
 11
446983.1221594708
 21
-439.8906676432098
 31
0.0000000000007228
  0
LINE
  5
59C
330
2C6
100
AcDbEntity
  8
500153
  6
Continuous
 62
     7
100
AcDbLine
 10
447091.1221594708
 20
-439.8906676432098
 30
0.0000000000007228
 11
447091.1221594708
 21
-431.3856676431905
 31
0.0000000000007228
  0
LINE
  5
59D
330
2C6
100
AcDbEntity
  8
500153
  6
Continuous
 62
     7
100
AcDbLine
 10
447091.1221594708
 20
-276.3856676431906
 30
0.0000000000007228
 11
447091.1221594708
 21
-269.8906676432098
 31
0.0000000000007228
  0
LINE
  5
59E
330
2C6
100
AcDbEntity
  8
500153
  6
Continuous
 62
     7
100
AcDbLine
 10
446983.1248717709
 20
-269.900684414476
 30
0.0000000000007228
 11
446983.1248717709
 21
-276.8806676431859
 31
0.0000000000007228
  0
LINE
  5
59F
330
2C6
100
AcDbEntity
  8
500153
  6
Continuous
 62
     7
100
AcDbLine
 10
446983.1248717709
 20
-431.8806676431859
 30
0.0000000000007228
 11
446983.1248717709
 21
-439.8906676431661
 31
0.0000000000007228
  0
LINE
  5
5A0
330
2C6
100
AcDbEntity
  8
500207
  6
Continuous
 62
     7
100
AcDbLine
 10
446983.1221594708
 20
-269.9006844146215
 30
0.0000000000007228
 11
446985.6221594708
 21
-269.9006842871467
 31
0.0000000000007228
  0
LINE
  5
5A1
330
2C6
100
AcDbEntity
  8
500207
  6
Continuous
 62
     7
100
AcDbLine
 10
447088.6221594708
 20
-269.9006790349822
 30
0.0000000000007228
 11
447091.1221594708
 21
-269.9006789074929
 31
0.0000000000007228
  0
LINE
  5
5A2
330
2C6
100
AcDbEntity
  8
70.001.006305
  6
Continuous
 62
     7
100
AcDbLine
 10
446985.6221594708
 20
-439.8906676431952
 30
0.0000000000007228
 11
446985.6221594708
 21
-369.8906676431952
 31
0.0000000000007228
  0
LINE
  5
5A3
330
2C6
100
AcDbEntity
  8
70.001.006305
  6
Continuous
 62
     7
100
AcDbLine
 10
446985.6221594708
 20
-369.8906676431952
 30
0.0000000000007228
 11
446985.6221594708
 21
-269.8906676431952
 31
0.0000000000007228
  0
LINE
  5
5A4
330
2C6
100
AcDbEntity
  8
70.001.006305
  6
Continuous
 62
     7
100
AcDbLine
 10
447088.6221594708
 20
-269.8906676431952
 30
0.0000000000007228
 11
447088.6221594708
 21
-369.8906676431952
 31
0.0000000000007228
  0
LINE
  5
5A5
330
2C6
100
AcDbEntity
  8
70.001.006305
  6
Continuous
 62
     7
100
AcDbLine
 10
446995.9721594708
 20
-439.8906676431952
 30
0.0000000000007228
 11
446989.6221594709
 21
-439.8906676431952
 31
0.0000000000007228
  0
LINE
  5
5A6
330
2C6
100
AcDbEntity
  8
70.001.006305
  6
Continuous
 62
     7
100
AcDbLine
 10
446989.6221594709
 20
-439.8906676431952
 30
0.0000000000007228
 11
446985.6221594708
 21
-439.8906676431952
 31
0.0000000000007228
  0
LINE
  5
5A7
330
2C6
100
AcDbEntity
  8
70.001.006305
  6
Continuous
 62
     7
100
AcDbLine
 10
446989.6221594709
 20
-439.8906676431952
 30
0.0000000000007228
 11
446989.6221594709
 21
-369.8906676431952
 31
0.0000000000007228
  0
LINE
  5
5A8
330
2C6
100
AcDbEntity
  8
70.001.006305
  6
Continuous
 62
     7
100
AcDbLine
 10
446985.6221594708
 20
-269.8906676431952
 30
0.0000000000007228
 11
446989.6221594709
 21
-269.8906676431952
 31
0.0000000000007228
  0
LINE
  5
5A9
330
2C6
100
AcDbEntity
  8
70.001.006305
  6
Continuous
 62
     7
100
AcDbLine
 10
447088.6221594708
 20
-439.8906676431952
 30
0.0000000000007228
 11
447084.6221594708
 21
-439.8906676431952
 31
0.0000000000007228
  0
LINE
  5
5AA
330
2C6
100
AcDbEntity
  8
70.001.006305
  6
Continuous
 62
     7
100
AcDbLine
 10
447084.6221594708
 20
-439.8906676431952
 30
0.0000000000007228
 11
447078.2721594708
 21
-439.8906676431952
 31
0.0000000000007228
  0
LINE
  5
5AB
330
2C6
100
AcDbEntity
  8
70.001.006305
  6
Continuous
 62
     7
100
AcDbLine
 10
447088.6221594708
 20
-439.8906676431952
 30
0.0000000000007228
 11
447088.6221594708
 21
-369.8906676431952
 31
0.0000000000007228
  0
LINE
  5
5AC
330
2C6
100
AcDbEntity
  8
70.001.006305
  6
Continuous
 62
     7
100
AcDbLine
 10
447084.6221594708
 20
-269.8906676431952
 30
0.0000000000007228
 11
447088.6221594708
 21
-269.8906676431952
 31
0.0000000000007228
  0
LINE
  5
5AD
330
2C6
100
AcDbEntity
  8
70.001.006305
  6
Continuous
 62
     7
100
AcDbLine
 10
446989.6221594709
 20
-29.89066764319523
 30
0.0000000000007228
 11
447008.6721594708
 21
-29.89066764319523
 31
0.0000000000007228
  0
LINE
  5
5AE
330
2C6
100
AcDbEntity
  8
70.001.006305
  6
Continuous
 62
     7
100
AcDbLine
 10
447008.6721594708
 20
-29.89066764319523
 30
0.0000000000007228
 11
447065.5721594709
 21
-29.89066764319523
 31
0.0000000000007228
  0
LINE
  5
5AF
330
2C6
100
AcDbEntity
  8
70.001.006305
  6
Continuous
 62
     7
100
AcDbLine
 10
447065.5721594709
 20
-29.89066764319523
 30
0.0000000000007228
 11
447084.6221594708
 21
-29.89066764319523
 31
0.0000000000007228
  0
LINE
  5
5B0
330
2C6
100
AcDbEntity
  8
70.001.006305
  6
Continuous
 62
     7
100
AcDbLine
 10
447084.6221594708
 20
-439.8906676431952
 30
0.0000000000007228
 11
447084.6221594708
 21
-369.8906676431952
 31
0.0000000000007228
  0
LINE
  5
5B1
330
2C6
100
AcDbEntity
  8
70.001.006305
  6
Continuous
 62
     7
100
AcDbLine
 10
447084.6221594708
 20
-369.8906676431952
 30
0.0000000000007228
 11
447084.6221594708
 21
-269.8906676431952
 31
0.0000000000007228
  0
LINE
  5
5B2
330
2C6
100
AcDbEntity
  8
70.001.006305
  6
Continuous
 62
     7
100
AcDbLine
 10
447084.6221594708
 20
-407.5318767113213
 30
0.0000000000007228
 11
447084.6221594708
 21
-414.8906676431952
 31
0.0000000000007228
  0
LINE
  5
5B3
330
2C6
100
AcDbEntity
  8
70.001.006305
  6
Continuous
 62
     7
100
AcDbLine
 10
447084.6221594708
 20
-434.8906676431952
 30
0.0000000000007228
 11
447084.6221594708
 21
-439.8906676431952
 31
0.0000000000007228
  0
LINE
  5
5B4
330
2C6
100
AcDbEntity
  8
70.001.006305
  6
Continuous
 62
     7
100
AcDbLine
 10
447078.2721594708
 20
-434.8906676431952
 30
0.0000000000007228
 11
447078.2721594708
 21
-414.8906676431952
 31
0.0000000000007228
  0
LINE
  5
5B5
330
2C6
100
AcDbEntity
  8
70.001.006305
  6
Continuous
 62
     7
100
AcDbLine
 10
447078.2721594708
 20
-414.8906676431952
 30
0.0000000000007228
 11
447078.2721594708
 21
-407.5318767113213
 31
0.0000000000007228
  0
LINE
  5
5B6
330
2C6
100
AcDbEntity
  8
70.001.006305
  6
Continuous
 62
     7
100
AcDbLine
 10
447065.5721594709
 20
-404.8906676431952
 30
0.0000000000007228
 11
447008.6721594708
 21
-404.8906676431952
 31
0.0000000000007228
  0
LINE
  5
5B7
330
2C6
100
AcDbEntity
  8
70.001.006305
  6
Continuous
 62
     7
100
AcDbLine
 10
447008.6721594708
 20
-404.8906676431952
 30
0.0000000000007228
 11
446993.2314059518
 21
-404.8906676431952
 31
0.0000000000007228
  0
LINE
  5
5B8
330
2C6
100
AcDbEntity
  8
70.001.006305
  6
Continuous
 62
     7
100
AcDbLine
 10
447081.0129129898
 20
-404.8906676431952
 30
0.0000000000007228
 11
447065.5721594709
 21
-404.8906676431952
 31
0.0000000000007228
  0
LINE
  5
5B9
330
2C6
100
AcDbEntity
  8
70.001.006305
  6
Continuous
 62
     7
100
AcDbLine
 10
447078.2721594708
 20
-407.5318767113213
 30
0.0000000000007228
 11
447084.6221594708
 21
-407.5318767113213
 31
0.0000000000007228
  0
SPLINE
  5
5BA
330
2C6
100
AcDbEntity
  8
70.001.006305
  6
Continuous
 62
     7
100
AcDbSpline
210
0.0
220
0.0
230
1.0
 70
     8
 71
     3
 72
    18
 73
    14
 74
     0
 42
0.000000001
 43
0.0000000001
 40
0.0
 40
0.0
 40
0.0
 40
0.0
 40
0.2500000000000238
 40
0.2500000000000238
 40
0.3750000000000357
 40
0.3750000000000357
 40
0.5000000000000476
 40
0.5000000000000476
 40
0.7500000000000722
 40
0.7500000000000722
 40
0.875000000000036
 40
0.875000000000036
 40
1.0
 40
1.0
 40
1.0
 40
1.0
 10
447084.6221594708
 20
-407.5318767113213
 30
0.0000000000007228
 10
447084.6221594708
 20
-407.0864089449178
 30
0.0000000000007228
 10
447084.5536718791
 20
-406.7037749676537
 30
0.0000000000007228
 10
447084.3379946505
 20
-406.2107436980741
 30
0.0000000000007228
 10
447084.2472356994
 20
-406.0600191754792
 30
0.0000000000007228
 10
447084.0255072594
 20
-405.7847584533456
 30
0.0000000000007228
 10
447083.8936695563
 20
-405.6596541405169
 30
0.0000000000007228
 10
447083.4398911686
 20
-405.3283608755455
 30
0.0000000000007228
 10
447083.0623085709
 20
-405.165673872515
 30
0.0000000000007228
 10
447082.3812882288
 20
-405.0014824017425
 30
0.0000000000007228
 10
447082.1350903968
 20
-404.960197293084
 30
0.0000000000007228
 10
447081.602842482
 20
-404.9047421513542
 30
0.0000000000007228
 10
447081.316240872
 20
-404.8906676431952
 30
0.0000000000007228
 10
447081.0129129898
 20
-404.8906676431952
 30
0.0000000000007228
  0
LINE
  5
5BB
330
2C6
100
AcDbEntity
  8
70.001.006305
  6
Continuous
 62
     7
100
AcDbLine
 10
447084.6221594708
 20
-407.5318767113213
 30
0.0000000000007228
 11
447084.6221594708
 21
-29.89066764319523
 31
0.0000000000007228
  0
SPLINE
  5
5BC
330
2C6
100
AcDbEntity
  8
70.001.006305
  6
Continuous
 62
     7
100
AcDbSpline
210
0.0
220
0.0
230
1.0
 70
     8
 71
     3
 72
    18
 73
    14
 74
     0
 42
0.000000001
 43
0.0000000001
 40
0.0
 40
0.0
 40
0.0
 40
0.0
 40
0.2500000000000719
 40
0.2500000000000719
 40
0.3750000000001075
 40
0.3750000000001075
 40
0.5000000000001432
 40
0.5000000000001432
 40
0.7500000000000723
 40
0.7500000000000723
 40
0.8750000000000362
 40
0.8750000000000362
 40
1.0
 40
1.0
 40
1.0
 40
1.0
 10
447078.2721594708
 20
-407.5318767113213
 30
0.0000000000007228
 10
447078.2721594708
 20
-407.1161824586461
 30
0.0000000000007228
 10
447078.2325045745
 20
-406.7455621844865
 30
0.0000000000007228
 10
447078.0985343834
 20
-406.2564237007181
 30
0.0000000000007228
 10
447078.0414195401
 20
-406.1045934830771
 30
0.0000000000007228
 10
447077.898922814
 20
-405.8239423233763
 30
0.0000000000007228
 10
447077.8144759305
 20
-405.6971547500006
 30
0.0000000000007228
 10
447077.5213956277
 20
-405.3584029787025
 30
0.0000000000007228
 10
447077.2728146987
 20
-405.186397609782
 30
0.0000000000007228
 10
447076.8097745753
 20
-405.0103346584956
 30
0.0000000000007228
 10
447076.6392366527
 20
-404.9653564137852
 30
0.0000000000007228
 10
447076.2723261004
 20
-404.9056697209607
 30
0.0000000000007228
 10
447076.0758128924
 20
-404.8906676431952
 30
0.0000000000007228
 10
447075.8659951501
 20
-404.8906676431952
 30
0.0000000000007228
  0
LINE
  5
5BD
330
2C6
100
AcDbEntity
  8
70.001.006305
  6
Continuous
 62
     7
100
AcDbLine
 10
447084.6221594708
 20
-434.8906676431952
 30
0.0000000000007228
 11
447084.6221594708
 21
-414.8906676431952
 31
0.0000000000007228
  0
SPLINE
  5
5BE
330
2C6
100
AcDbEntity
  8
70.001.006305
  6
Continuous
 62
     7
100
AcDbSpline
210
0.0
220
0.0
230
1.0
 70
     8
 71
     3
 72
    16
 73
    12
 74
     0
 42
0.000000001
 43
0.0000000001
 40
0.0
 40
0.0
 40
0.0
 40
0.0
 40
0.2500000000000724
 40
0.2500000000000724
 40
0.3750000000000603
 40
0.3750000000000603
 40
0.5000000000000484
 40
0.5000000000000484
 40
0.7500000000000241
 40
0.7500000000000241
 40
1.0
 40
1.0
 40
1.0
 40
1.0
 10
446993.2314059518
 20
-404.8906676431952
 30
0.0000000000007228
 10
446992.6255397755
 20
-404.8906676431952
 30
0.0000000000007228
 10
446992.097483624
 20
-404.9456900874802
 30
0.0000000000007228
 10
446991.4155616675
 20
-405.1090070457876
 30
0.0000000000007228
 10
446991.2067161669
 20
-405.1770602285841
 30
0.0000000000007228
 10
446990.8259596191
 20
-405.3415755375472
 30
0.0000000000007228
 10
446990.6536145352
 20
-405.4385816441071
 30
0.0000000000007228
 10
446990.2012544801
 20
-405.768494092933
 30
0.0000000000007228
 10
446989.9817933153
 20
-406.0407480240983
 30
0.0000000000007228
 10
446989.6918195426
 20
-406.6986117237111
 30
0.0000000000007228
 10
446989.6221594709
 20
-407.0868895056346
 30
0.0000000000007228
 10
446989.6221594709
 20
-407.5318767113213
 30
0.0000000000007228
  0
SPLINE
  5
5BF
330
2C6
100
AcDbEntity
  8
70.001.006305
  6
Continuous
 62
     7
100
AcDbSpline
210
0.0
220
0.0
230
1.0
 70
     8
 71
     3
 72
    16
 73
    12
 74
     0
 42
0.000000001
 43
0.0000000001
 40
0.0
 40
0.0
 40
0.0
 40
0.0
 40
0.249999999999999
 40
0.249999999999999
 40
0.3749999999999992
 40
0.3749999999999992
 40
0.4999999999999993
 40
0.4999999999999993
 40
0.7499999999999997
 40
0.7499999999999997
 40
1.0
 40
1.0
 40
1.0
 40
1.0
 10
446998.3783237915
 20
-404.8906676431952
 30
0.0000000000007228
 10
446997.9592745026
 20
-404.8906676431952
 30
0.0000000000007228
 10
446997.5978659042
 20
-404.949824268494
 30
0.0000000000007228
 10
446997.1353181481
 20
-405.1233508291925
 30
0.0000000000007228
 10
446996.9944824996
 20
-405.1954897756959
 30
0.0000000000007228
 10
446996.7392328877
 20
-405.3693288147342
 30
0.0000000000007228
 10
446996.6265019186
 20
-405.470024971234
 30
0.0000000000007228
 10
446996.3322275068
 20
-405.8096342637299
 30
0.0000000000007228
 10
446996.1927879039
 20
-406.0867324673754
 30
0.0000000000007228
 10
446996.0117032511
 20
-406.7440688666256
 30
0.0000000000007228
 10
446995.9721594708
 20
-407.1164057151918
 30
0.0000000000007228
 10
446995.9721594708
 20
-407.5318767113213
 30
0.0000000000007228
  0
LINE
  5
5C0
330
2C6
100
AcDbEntity
  8
70.001.006305
  6
Continuous
 62
     7
100
AcDbLine
 10
446989.6221594709
 20
-414.8906676431952
 30
0.0000000000007228
 11
446989.6221594709
 21
-434.8906676431952
 31
0.0000000000007228
  0
LINE
  5
5C1
330
2C6
100
AcDbEntity
  8
70.001.006305
  6
Continuous
 62
     7
100
AcDbLine
 10
446989.6221594709
 20
-269.8906676431952
 30
0.0000000000007228
 11
446989.6221594709
 21
-369.8906676431952
 31
0.0000000000007228
  0
LINE
  5
5C2
330
2C6
100
AcDbEntity
  8
70.001.006305
  6
Continuous
 62
     7
100
AcDbLine
 10
446989.6221594709
 20
-439.8906676431952
 30
0.0000000000007228
 11
446989.6221594709
 21
-434.8906676431952
 31
0.0000000000007228
  0
LINE
  5
5C3
330
2C6
100
AcDbEntity
  8
70.001.006305
  6
Continuous
 62
     7
100
AcDbLine
 10
446989.6221594709
 20
-414.8906676431952
 30
0.0000000000007228
 11
446989.6221594709
 21
-407.5318767113213
 31
0.0000000000007228
  0
LINE
  5
5C4
330
2C6
100
AcDbEntity
  8
70.001.006305
  6
Continuous
 62
     7
100
AcDbLine
 10
446989.6221594709
 20
-407.5318767113213
 30
0.0000000000007228
 11
446989.6221594709
 21
-29.89066764319523
 31
0.0000000000007228
  0
LINE
  5
5C5
330
2C6
100
AcDbEntity
  8
70.001.006305
  6
Continuous
 62
     7
100
AcDbLine
 10
446995.9721594708
 20
-414.8906676431952
 30
0.0000000000007228
 11
446995.9721594708
 21
-434.8906676431952
 31
0.0000000000007228
  0
LINE
  5
5C6
330
2C6
100
AcDbEntity
  8
70.001.006305
  6
Continuous
 62
     7
100
AcDbLine
 10
446995.9721594708
 20
-434.8906676431952
 30
0.0000000000007228
 11
446995.9721594708
 21
-439.8906676431952
 31
0.0000000000007228
  0
LINE
  5
5C7
330
2C6
100
AcDbEntity
  8
70.001.006305
  6
Continuous
 62
     7
100
AcDbLine
 10
446995.9721594708
 20
-407.5318767113213
 30
0.0000000000007228
 11
446995.9721594708
 21
-414.8906676431952
 31
0.0000000000007228
  0
LINE
  5
5C8
330
2C6
100
AcDbEntity
  8
70.001.006305
  6
Continuous
 62
     7
100
AcDbLine
 10
446995.9721594708
 20
-407.5318767113213
 30
0.0000000000007228
 11
446989.6221594709
 21
-407.5318767113213
 31
0.0000000000007228
  0
LINE
  5
5C9
330
2C6
100
AcDbEntity
  8
70.001.006305
  6
Continuous
 62
     7
100
AcDbLine
 10
446995.9721594708
 20
-414.5363551443888
 30
0.0000000000007228
 11
446997.1221594708
 21
-414.5363551443888
 31
0.0000000000007228
  0
LINE
  5
5CA
330
2C6
100
AcDbEntity
  8
70.001.006305
  6
Continuous
 62
     7
100
AcDbLine
 10
447077.1221594708
 20
-414.5363551443888
 30
0.0000000000007228
 11
447078.2721594708
 21
-414.5363551443888
 31
0.0000000000007228
  0
LINE
  5
5CB
330
2C6
100
AcDbEntity
  8
70.001.006305
  6
Continuous
 62
     7
100
AcDbLine
 10
447077.1221594708
 20
-425.5406676432039
 30
0.0000000000007228
 11
447077.6221579074
 21
-425.5406676432039
 31
0.0000000000007228
  0
LINE
  5
5CC
330
2C6
100
AcDbEntity
  8
70.001.006305
  6
Continuous
 62
     7
100
AcDbLine
 10
447077.6221579074
 20
-425.5406676432039
 30
0.0000000000007228
 11
447078.2721594708
 21
-425.5406676432039
 31
0.0000000000007228
  0
LINE
  5
5CD
330
2C6
100
AcDbEntity
  8
70.001.006305
  6
Continuous
 62
     7
100
AcDbLine
 10
446996.6221579075
 20
-425.5406676432039
 30
0.0000000000007228
 11
446997.1221594708
 21
-425.5406676432039
 31
0.0000000000007228
  0
LINE
  5
5CE
330
2C6
100
AcDbEntity
  8
70.001.006305
  6
Continuous
 62
     7
100
AcDbLine
 10
446996.6221579075
 20
-425.5406676432039
 30
0.0000000000007228
 11
446996.6221579075
 21
-431.8906676431952
 31
0.0000000000007228
  0
LINE
  5
5CF
330
2C6
100
AcDbEntity
  8
70.001.006305
  6
Continuous
 62
     7
100
AcDbLine
 10
446996.6221579075
 20
-431.8906676431952
 30
0.0000000000007228
 11
447077.6221579074
 21
-431.8906676431952
 31
0.0000000000007228
  0
LINE
  5
5D0
330
2C6
100
AcDbEntity
  8
70.001.006305
  6
Continuous
 62
     7
100
AcDbLine
 10
446996.6221579075
 20
-425.5406676432039
 30
0.0000000000007228
 11
446995.9721594708
 21
-425.5406676432039
 31
0.0000000000007228
  0
LINE
  5
5D1
330
2C6
100
AcDbEntity
  8
70.001.006305
  6
Continuous
 62
     7
100
AcDbLine
 10
446995.9721594708
 20
-431.8906676431952
 30
0.0000000000007228
 11
446996.6221579075
 21
-431.8906676431952
 31
0.0000000000007228
  0
LINE
  5
5D2
330
2C6
100
AcDbEntity
  8
70.001.006305
  6
Continuous
 62
     7
100
AcDbLine
 10
447077.6221579074
 20
-425.5406676432039
 30
0.0000000000007228
 11
447077.6221579074
 21
-431.8906676431952
 31
0.0000000000007228
  0
LINE
  5
5D3
330
2C6
100
AcDbEntity
  8
70.001.006305
  6
Continuous
 62
     7
100
AcDbLine
 10
446997.1221594708
 20
-425.5406676432039
 30
0.0000000000007228
 11
446997.1221594708
 21
-405.2286982346422
 31
0.0000000000007228
  0
LINE
  5
5D4
330
2C6
100
AcDbEntity
  8
70.001.006305
  6
Continuous
 62
     7
100
AcDbLine
 10
446997.1221594708
 20
-29.89066764320978
 30
0.0000000000007228
 11
446997.1221594708
 21
2756.008386759198
 31
0.0000000000007228
  0
LINE
  5
5D5
330
2C6
100
AcDbEntity
  8
70.001.006305
  6
Continuous
 62
     7
100
AcDbLine
 10
446997.1221594708
 20
-425.5406676432039
 30
0.0000000000007228
 11
447006.1221594709
 21
-425.5406676432039
 31
0.0000000000007228
  0
LINE
  5
5D6
330
2C6
100
AcDbEntity
  8
70.001.006305
  6
Continuous
 62
     7
100
AcDbLine
 10
447067.1221594709
 20
-425.5406676432039
 30
0.0000000000007228
 11
447068.1221594708
 21
-425.5406676432039
 31
0.0000000000007228
  0
LINE
  5
5D7
330
2C6
100
AcDbEntity
  8
70.001.006305
  6
Continuous
 62
     7
100
AcDbLine
 10
447006.1221594709
 20
-425.5406676432039
 30
0.0000000000007228
 11
447007.1221594708
 21
-425.5406676432039
 31
0.0000000000007228
  0
LINE
  5
5D8
330
2C6
100
AcDbEntity
  8
70.001.006305
  6
Continuous
 62
     7
100
AcDbLine
 10
447068.1221594708
 20
-425.5406676432039
 30
0.0000000000007228
 11
447077.1221594708
 21
-425.5406676432039
 31
0.0000000000007228
  0
LINE
  5
5D9
330
2C6
100
AcDbEntity
  8
70.001.006305
  6
Continuous
 62
     7
100
AcDbLine
 10
447077.1221594708
 20
-425.5406676432039
 30
0.0000000000007228
 11
447077.1221594708
 21
-405.3159798146817
 31
0.0000000000007228
  0
LINE
  5
5DA
330
2C6
100
AcDbEntity
  8
70.001.006305
  6
Continuous
 62
     7
100
AcDbLine
 10
447077.1221594708
 20
-29.89066764320978
 30
0.0000000000007228
 11
447077.1221594708
 21
2756.008386759198
 31
0.0000000000007228
  0
LINE
  5
5DB
330
2C6
100
AcDbEntity
  8
70.001.006305
  6
Continuous
 62
     7
100
AcDbLine
 10
447067.1221594709
 20
-425.5406676432039
 30
0.0000000000007228
 11
447067.1221594709
 21
-404.8906676431952
 31
0.0000000000007228
  0
LINE
  5
5DC
330
2C6
100
AcDbEntity
  8
70.001.006305
  6
Continuous
 62
     7
100
AcDbLine
 10
447067.1221594709
 20
-29.89066764319523
 30
0.0000000000007228
 11
447067.1221594709
 21
1576.459332356796
 31
0.0000000000007228
  0
ARC
  5
5DD
330
2C6
100
AcDbEntity
  8
70.001.006305
  6
Continuous
 62
     7
100
AcDbCircle
 10
447064.1221594709
 20
1576.459332356796
 30
0.0000000000007228
 40
3.000000000000113
100
AcDbArc
 50
0.0
 51
90.0
  0
LINE
  5
5DE
330
2C6
100
AcDbEntity
  8
70.001.006305
  6
Continuous
 62
     7
100
AcDbLine
 10
447064.1221594709
 20
1579.459332356796
 30
0.0000000000007228
 11
447062.9116169056
 21
1579.459332356796
 31
0.0000000000007228
  0
ARC
  5
5DF
330
2C6
100
AcDbEntity
  8
70.001.006305
  6
Continuous
 62
     7
100
AcDbCircle
 10
447062.9116169056
 20
1576.459332356796
 30
0.0000000000007228
 40
3.000000000000113
100
AcDbArc
 50
90.0
 51
151.6309537063726
  0
LINE
  5
5E0
330
2C6
100
AcDbEntity
  8
70.001.006305
  6
Continuous
 62
     7
100
AcDbLine
 10
447060.2719007127
 20
1577.884779101004
 30
0.0000000000007228
 11
447007.1221594708
 21
1479.459332356796
 31
0.0000000000007228
  0
LINE
  5
5E1
330
2C6
100
AcDbEntity
  8
70.001.006305
  6
Continuous
 62
     7
100
AcDbLine
 10
447007.1221594708
 20
1479.459332356796
 30
0.0000000000007228
 11
447007.1221594708
 21
-29.89066764319523
 31
0.0000000000007228
  0
LINE
  5
5E2
330
2C6
100
AcDbEntity
  8
70.001.006305
  6
Continuous
 62
     7
100
AcDbLine
 10
447007.1221594708
 20
-404.8906676431952
 30
0.0000000000007228
 11
447007.1221594708
 21
-425.5406676432039
 31
0.0000000000007228
  0
LINE
  5
5E3
330
2C6
100
AcDbEntity
  8
70.001.006305
  6
Continuous
 62
     7
100
AcDbLine
 10
447007.1221594708
 20
-425.5406676432039
 30
0.0000000000007228
 11
447067.1221594709
 21
-425.5406676432039
 31
0.0000000000007228
  0
LINE
  5
5E4
330
2C6
100
AcDbEntity
  8
500308
  6
Continuous
 62
     7
100
AcDbLine
 10
447091.1248717709
 20
-431.8806676431568
 30
0.0000000000007228
 11
447088.6221594708
 21
-431.8806676431568
 31
0.0000000000007228
  0
LINE
  5
5E5
330
2C6
100
AcDbEntity
  8
500308
  6
Continuous
 62
     7
100
AcDbLine
 10
446969.6221594708
 20
-276.8806676431859
 30
0.0000000000007228
 11
446977.6221594709
 21
-276.8806676431859
 31
0.0000000000007228
  0
LINE
  5
5E6
330
2C6
100
AcDbEntity
  8
500308
  6
Continuous
 62
     7
100
AcDbLine
 10
446969.6221594708
 20
-431.8806676431859
 30
0.0000000000007228
 11
446977.6221594709
 21
-431.8806676431859
 31
0.0000000000007228
  0
LINE
  5
5E7
330
2C6
100
AcDbEntity
  8
500308
  6
Continuous
 62
     7
100
AcDbLine
 10
446977.6221594709
 20
-276.8806676431859
 30
0.0000000000007228
 11
446985.6221594708
 21
-276.8806676431859
 31
0.0000000000007228
  0
LINE
  5
5E8
330
2C6
100
AcDbEntity
  8
500308
  6
Continuous
 62
     7
100
AcDbLine
 10
446985.6221594708
 20
-431.8806676431859
 30
0.0000000000007228
 11
446977.6221594709
 21
-431.8806676431859
 31
0.0000000000007228
  0
LINE
  5
5E9
330
2C6
100
AcDbEntity
  8
500308
  6
Continuous
 62
     7
100
AcDbLine
 10
446977.6221594709
 20
-346.8806676431859
 30
0.0000000000007228
 11
446977.6221594709
 21
-361.8806676431859
 31
0.0000000000007228
  0
LINE
  5
5EA
330
2C6
100
AcDbEntity
  8
500308
  6
Continuous
 62
     7
100
AcDbLine
 10
446977.6221594709
 20
-346.8806676431859
 30
0.0000000000007228
 11
446977.6221594709
 21
-276.8806676431859
 31
0.0000000000007228
  0
LINE
  5
5EB
330
2C6
100
AcDbEntity
  8
500308
  6
Continuous
 62
     7
100
AcDbLine
 10
446977.6221594709
 20
-431.8806676431859
 30
0.0000000000007228
 11
446977.6221594709
 21
-361.8806676431859
 31
0.0000000000007228
  0
LINE
  5
5EC
330
2C6
100
AcDbEntity
  8
500308
  6
Continuous
 62
     7
100
AcDbLine
 10
447104.6221594709
 20
-431.3856676431905
 30
0.0000000000007228
 11
447096.6221594709
 21
-431.3856676431905
 31
0.0000000000007228
  0
LINE
  5
5ED
330
2C6
100
AcDbEntity
  8
500308
  6
Continuous
 62
     7
100
AcDbLine
 10
447104.6221594709
 20
-276.3856676431906
 30
0.0000000000007228
 11
447096.6221594709
 21
-276.3856676431906
 31
0.0000000000007228
  0
LINE
  5
5EE
330
2C6
100
AcDbEntity
  8
500308
  6
Continuous
 62
     7
100
AcDbLine
 10
447096.6221594709
 20
-431.3856676431905
 30
0.0000000000007228
 11
447088.6221594708
 21
-431.3856676431905
 31
0.0000000000007228
  0
LINE
  5
5EF
330
2C6
100
AcDbEntity
  8
500308
  6
Continuous
 62
     7
100
AcDbLine
 10
447088.6221594708
 20
-276.3856676431906
 30
0.0000000000007228
 11
447096.6221594709
 21
-276.3856676431906
 31
0.0000000000007228
  0
LINE
  5
5F0
330
2C6
100
AcDbEntity
  8
500308
  6
Continuous
 62
     7
100
AcDbLine
 10
447096.6221594709
 20
-361.3856676431906
 30
0.0000000000007228
 11
447096.6221594709
 21
-346.3856676431906
 31
0.0000000000007228
  0
LINE
  5
5F1
330
2C6
100
AcDbEntity
  8
500308
  6
Continuous
 62
     7
100
AcDbLine
 10
447096.6221594709
 20
-361.3856676431906
 30
0.0000000000007228
 11
447096.6221594709
 21
-431.3856676431905
 31
0.0000000000007228
  0
LINE
  5
5F2
330
2C6
100
AcDbEntity
  8
500308
  6
Continuous
 62
     7
100
AcDbLine
 10
447096.6221594709
 20
-276.3856676431906
 30
0.0000000000007228
 11
447096.6221594709
 21
-346.3856676431906
 31
0.0000000000007228
  0
LINE
  5
5F3
330
2C6
100
AcDbEntity
  8
500153
  6
Continuous
 62
     7
100
AcDbLine
 10
451889.1868503961
 20
-269.8906676432098
 30
0.0000000000007228
 11
451889.1868503961
 21
-276.8806676431859
 31
0.0000000000007228
  0
LINE
  5
5F4
330
2C6
100
AcDbEntity
  8
500153
  6
Continuous
 62
     7
100
AcDbLine
 10
451889.1868503961
 20
-431.8806676431859
 30
0.0000000000007228
 11
451889.1868503961
 21
-439.8906676432098
 31
0.0000000000007228
  0
LINE
  5
5F5
330
2C6
100
AcDbEntity
  8
500153
  6
Continuous
 62
     7
100
AcDbLine
 10
451997.1868503961
 20
-439.8906676432098
 30
0.0000000000007228
 11
451997.1868503961
 21
-431.3856676431905
 31
0.0000000000007228
  0
LINE
  5
5F6
330
2C6
100
AcDbEntity
  8
500153
  6
Continuous
 62
     7
100
AcDbLine
 10
451997.1868503961
 20
-276.3856676431906
 30
0.0000000000007228
 11
451997.1868503961
 21
-269.8906676432098
 31
0.0000000000007228
  0
LINE
  5
5F7
330
2C6
100
AcDbEntity
  8
500153
  6
Continuous
 62
     7
100
AcDbLine
 10
451889.1895626961
 20
-269.900684414476
 30
0.0000000000007228
 11
451889.1895626961
 21
-276.8806676431859
 31
0.0000000000007228
  0
LINE
  5
5F8
330
2C6
100
AcDbEntity
  8
500153
  6
Continuous
 62
     7
100
AcDbLine
 10
451889.1895626961
 20
-431.8806676431859
 30
0.0000000000007228
 11
451889.1895626961
 21
-439.8906676431661
 31
0.0000000000007228
  0
LINE
  5
5F9
330
2C6
100
AcDbEntity
  8
500207
  6
Continuous
 62
     7
100
AcDbLine
 10
451889.1868503961
 20
-269.9006844146215
 30
0.0000000000007228
 11
451891.6868503961
 21
-269.9006842871467
 31
0.0000000000007228
  0
LINE
  5
5FA
330
2C6
100
AcDbEntity
  8
500207
  6
Continuous
 62
     7
100
AcDbLine
 10
451994.6868503961
 20
-269.9006790349822
 30
0.0000000000007228
 11
451997.1868503961
 21
-269.9006789074929
 31
0.0000000000007228
  0
LINE
  5
5FB
330
2C6
100
AcDbEntity
  8
70.001.006305
  6
Continuous
 62
     7
100
AcDbLine
 10
451891.6868503961
 20
-439.8906676431952
 30
0.0000000000007228
 11
451891.6868503961
 21
-369.8906676431952
 31
0.0000000000007228
  0
LINE
  5
5FC
330
2C6
100
AcDbEntity
  8
70.001.006305
  6
Continuous
 62
     7
100
AcDbLine
 10
451891.6868503961
 20
-369.8906676431952
 30
0.0000000000007228
 11
451891.6868503961
 21
-269.8906676431952
 31
0.0000000000007228
  0
LINE
  5
5FD
330
2C6
100
AcDbEntity
  8
70.001.006305
  6
Continuous
 62
     7
100
AcDbLine
 10
451994.6868503961
 20
-269.8906676431952
 30
0.0000000000007228
 11
451994.6868503961
 21
-369.8906676431952
 31
0.0000000000007228
  0
LINE
  5
5FE
330
2C6
100
AcDbEntity
  8
70.001.006305
  6
Continuous
 62
     7
100
AcDbLine
 10
451902.0368503961
 20
-439.8906676431952
 30
0.0000000000007228
 11
451895.6868503961
 21
-439.8906676431952
 31
0.0000000000007228
  0
LINE
  5
5FF
330
2C6
100
AcDbEntity
  8
70.001.006305
  6
Continuous
 62
     7
100
AcDbLine
 10
451895.6868503961
 20
-439.8906676431952
 30
0.0000000000007228
 11
451891.6868503961
 21
-439.8906676431952
 31
0.0000000000007228
  0
LINE
  5
600
330
2C6
100
AcDbEntity
  8
70.001.006305
  6
Continuous
 62
     7
100
AcDbLine
 10
451895.6868503961
 20
-439.8906676431952
 30
0.0000000000007228
 11
451895.6868503961
 21
-369.8906676431952
 31
0.0000000000007228
  0
LINE
  5
601
330
2C6
100
AcDbEntity
  8
70.001.006305
  6
Continuous
 62
     7
100
AcDbLine
 10
451891.6868503961
 20
-269.8906676431952
 30
0.0000000000007228
 11
451895.6868503961
 21
-269.8906676431952
 31
0.0000000000007228
  0
LINE
  5
602
330
2C6
100
AcDbEntity
  8
70.001.006305
  6
Continuous
 62
     7
100
AcDbLine
 10
451994.6868503961
 20
-439.8906676431952
 30
0.0000000000007228
 11
451990.6868503961
 21
-439.8906676431952
 31
0.0000000000007228
  0
LINE
  5
603
330
2C6
100
AcDbEntity
  8
70.001.006305
  6
Continuous
 62
     7
100
AcDbLine
 10
451990.6868503961
 20
-439.8906676431952
 30
0.0000000000007228
 11
451984.336850396
 21
-439.8906676431952
 31
0.0000000000007228
  0
LINE
  5
604
330
2C6
100
AcDbEntity
  8
70.001.006305
  6
Continuous
 62
     7
100
AcDbLine
 10
451994.6868503961
 20
-439.8906676431952
 30
0.0000000000007228
 11
451994.6868503961
 21
-369.8906676431952
 31
0.0000000000007228
  0
LINE
  5
605
330
2C6
100
AcDbEntity
  8
70.001.006305
  6
Continuous
 62
     7
100
AcDbLine
 10
451990.6868503961
 20
-269.8906676431952
 30
0.0000000000007228
 11
451994.6868503961
 21
-269.8906676431952
 31
0.0000000000007228
  0
LINE
  5
606
330
2C6
100
AcDbEntity
  8
70.001.006305
  6
Continuous
 62
     7
100
AcDbLine
 10
451895.6868503961
 20
-29.89066764319523
 30
0.0000000000007228
 11
451914.736850396
 21
-29.89066764319523
 31
0.0000000000007228
  0
LINE
  5
607
330
2C6
100
AcDbEntity
  8
70.001.006305
  6
Continuous
 62
     7
100
AcDbLine
 10
451914.736850396
 20
-29.89066764319523
 30
0.0000000000007228
 11
451971.636850396
 21
-29.89066764319523
 31
0.0000000000007228
  0
LINE
  5
608
330
2C6
100
AcDbEntity
  8
70.001.006305
  6
Continuous
 62
     7
100
AcDbLine
 10
451971.636850396
 20
-29.89066764319523
 30
0.0000000000007228
 11
451990.6868503961
 21
-29.89066764319523
 31
0.0000000000007228
  0
LINE
  5
609
330
2C6
100
AcDbEntity
  8
70.001.006305
  6
Continuous
 62
     7
100
AcDbLine
 10
451990.6868503961
 20
-439.8906676431952
 30
0.0000000000007228
 11
451990.6868503961
 21
-369.8906676431952
 31
0.0000000000007228
  0
LINE
  5
60A
330
2C6
100
AcDbEntity
  8
70.001.006305
  6
Continuous
 62
     7
100
AcDbLine
 10
451990.6868503961
 20
-369.8906676431952
 30
0.0000000000007228
 11
451990.6868503961
 21
-269.8906676431952
 31
0.0000000000007228
  0
LINE
  5
60B
330
2C6
100
AcDbEntity
  8
70.001.006305
  6
Continuous
 62
     7
100
AcDbLine
 10
451990.6868503961
 20
-407.5318767113213
 30
0.0000000000007228
 11
451990.6868503961
 21
-414.8906676431952
 31
0.0000000000007228
  0
LINE
  5
60C
330
2C6
100
AcDbEntity
  8
70.001.006305
  6
Continuous
 62
     7
100
AcDbLine
 10
451990.6868503961
 20
-434.8906676431952
 30
0.0000000000007228
 11
451990.6868503961
 21
-439.8906676431952
 31
0.0000000000007228
  0
LINE
  5
60D
330
2C6
100
AcDbEntity
  8
70.001.006305
  6
Continuous
 62
     7
100
AcDbLine
 10
451984.336850396
 20
-434.8906676431952
 30
0.0000000000007228
 11
451984.336850396
 21
-414.8906676431952
 31
0.0000000000007228
  0
LINE
  5
60E
330
2C6
100
AcDbEntity
  8
70.001.006305
  6
Continuous
 62
     7
100
AcDbLine
 10
451984.336850396
 20
-414.8906676431952
 30
0.0000000000007228
 11
451984.336850396
 21
-407.5318767113213
 31
0.0000000000007228
  0
LINE
  5
60F
330
2C6
100
AcDbEntity
  8
70.001.006305
  6
Continuous
 62
     7
100
AcDbLine
 10
451971.636850396
 20
-404.8906676431952
 30
0.0000000000007228
 11
451914.736850396
 21
-404.8906676431952
 31
0.0000000000007228
  0
LINE
  5
610
330
2C6
100
AcDbEntity
  8
70.001.006305
  6
Continuous
 62
     7
100
AcDbLine
 10
451914.736850396
 20
-404.8906676431952
 30
0.0000000000007228
 11
451899.2960968771
 21
-404.8906676431952
 31
0.0000000000007228
  0
LINE
  5
611
330
2C6
100
AcDbEntity
  8
70.001.006305
  6
Continuous
 62
     7
100
AcDbLine
 10
451987.077603915
 20
-404.8906676431952
 30
0.0000000000007228
 11
451971.636850396
 21
-404.8906676431952
 31
0.0000000000007228
  0
LINE
  5
612
330
2C6
100
AcDbEntity
  8
70.001.006305
  6
Continuous
 62
     7
100
AcDbLine
 10
451984.336850396
 20
-407.5318767113213
 30
0.0000000000007228
 11
451990.6868503961
 21
-407.5318767113213
 31
0.0000000000007228
  0
SPLINE
  5
613
330
2C6
100
AcDbEntity
  8
70.001.006305
  6
Continuous
 62
     7
100
AcDbSpline
210
0.0
220
0.0
230
1.0
 70
     8
 71
     3
 72
    18
 73
    14
 74
     0
 42
0.000000001
 43
0.0000000001
 40
0.0
 40
0.0
 40
0.0
 40
0.0
 40
0.2500000000000238
 40
0.2500000000000238
 40
0.3750000000000357
 40
0.3750000000000357
 40
0.5000000000000476
 40
0.5000000000000476
 40
0.7500000000000722
 40
0.7500000000000722
 40
0.875000000000036
 40
0.875000000000036
 40
1.0
 40
1.0
 40
1.0
 40
1.0
 10
451990.6868503961
 20
-407.5318767113213
 30
0.0000000000007228
 10
451990.6868503961
 20
-407.0864089449178
 30
0.0000000000007228
 10
451990.6183628044
 20
-406.7037749676537
 30
0.0000000000007228
 10
451990.4026855757
 20
-406.2107436980741
 30
0.0000000000007228
 10
451990.3119266246
 20
-406.0600191754792
 30
0.0000000000007228
 10
451990.0901981846
 20
-405.7847584533456
 30
0.0000000000007228
 10
451989.9583604815
 20
-405.6596541405169
 30
0.0000000000007228
 10
451989.5045820939
 20
-405.3283608755455
 30
0.0000000000007228
 10
451989.1269994961
 20
-405.165673872515
 30
0.0000000000007228
 10
451988.4459791541
 20
-405.0014824017425
 30
0.0000000000007228
 10
451988.1997813221
 20
-404.960197293084
 30
0.0000000000007228
 10
451987.6675334074
 20
-404.9047421513542
 30
0.0000000000007228
 10
451987.3809317974
 20
-404.8906676431952
 30
0.0000000000007228
 10
451987.077603915
 20
-404.8906676431952
 30
0.0000000000007228
  0
LINE
  5
614
330
2C6
100
AcDbEntity
  8
70.001.006305
  6
Continuous
 62
     7
100
AcDbLine
 10
451990.6868503961
 20
-407.5318767113213
 30
0.0000000000007228
 11
451990.6868503961
 21
-29.89066764319523
 31
0.0000000000007228
  0
SPLINE
  5
615
330
2C6
100
AcDbEntity
  8
70.001.006305
  6
Continuous
 62
     7
100
AcDbSpline
210
0.0
220
0.0
230
1.0
 70
     8
 71
     3
 72
    18
 73
    14
 74
     0
 42
0.000000001
 43
0.0000000001
 40
0.0
 40
0.0
 40
0.0
 40
0.0
 40
0.2500000000000719
 40
0.2500000000000719
 40
0.3750000000001075
 40
0.3750000000001075
 40
0.5000000000001432
 40
0.5000000000001432
 40
0.7500000000000723
 40
0.7500000000000723
 40
0.8750000000000362
 40
0.8750000000000362
 40
1.0
 40
1.0
 40
1.0
 40
1.0
 10
451984.336850396
 20
-407.5318767113213
 30
0.0000000000007228
 10
451984.336850396
 20
-407.1161824586461
 30
0.0000000000007228
 10
451984.2971954997
 20
-406.7455621844865
 30
0.0000000000007228
 10
451984.1632253086
 20
-406.2564237007181
 30
0.0000000000007228
 10
451984.1061104654
 20
-406.1045934830771
 30
0.0000000000007228
 10
451983.9636137392
 20
-405.8239423233763
 30
0.0000000000007228
 10
451983.8791668557
 20
-405.6971547500006
 30
0.0000000000007228
 10
451983.5860865529
 20
-405.3584029787025
 30
0.0000000000007228
 10
451983.3375056239
 20
-405.186397609782
 30
0.0000000000007228
 10
451982.8744655006
 20
-405.0103346584956
 30
0.0000000000007228
 10
451982.703927578
 20
-404.9653564137852
 30
0.0000000000007228
 10
451982.3370170256
 20
-404.9056697209607
 30
0.0000000000007228
 10
451982.1405038175
 20
-404.8906676431952
 30
0.0000000000007228
 10
451981.9306860753
 20
-404.8906676431952
 30
0.0000000000007228
  0
LINE
  5
616
330
2C6
100
AcDbEntity
  8
70.001.006305
  6
Continuous
 62
     7
100
AcDbLine
 10
451990.6868503961
 20
-434.8906676431952
 30
0.0000000000007228
 11
451990.6868503961
 21
-414.8906676431952
 31
0.0000000000007228
  0
SPLINE
  5
617
330
2C6
100
AcDbEntity
  8
70.001.006305
  6
Continuous
 62
     7
100
AcDbSpline
210
0.0
220
0.0
230
1.0
 70
     8
 71
     3
 72
    16
 73
    12
 74
     0
 42
0.000000001
 43
0.0000000001
 40
0.0
 40
0.0
 40
0.0
 40
0.0
 40
0.2500000000000724
 40
0.2500000000000724
 40
0.3750000000000603
 40
0.3750000000000603
 40
0.5000000000000484
 40
0.5000000000000484
 40
0.7500000000000241
 40
0.7500000000000241
 40
1.0
 40
1.0
 40
1.0
 40
1.0
 10
451899.2960968771
 20
-404.8906676431952
 30
0.0000000000007228
 10
451898.6902307008
 20
-404.8906676431952
 30
0.0000000000007228
 10
451898.1621745491
 20
-404.9456900874802
 30
0.0000000000007228
 10
451897.4802525927
 20
-405.1090070457876
 30
0.0000000000007228
 10
451897.2714070922
 20
-405.1770602285841
 30
0.0000000000007228
 10
451896.8906505445
 20
-405.3415755375472
 30
0.0000000000007228
 10
451896.7183054605
 20
-405.4385816441071
 30
0.0000000000007228
 10
451896.2659454053
 20
-405.768494092933
 30
0.0000000000007228
 10
451896.0464842406
 20
-406.0407480240983
 30
0.0000000000007228
 10
451895.7565104678
 20
-406.6986117237111
 30
0.0000000000007228
 10
451895.6868503961
 20
-407.0868895056346
 30
0.0000000000007228
 10
451895.6868503961
 20
-407.5318767113213
 30
0.0000000000007228
  0
SPLINE
  5
618
330
2C6
100
AcDbEntity
  8
70.001.006305
  6
Continuous
 62
     7
100
AcDbSpline
210
0.0
220
0.0
230
1.0
 70
     8
 71
     3
 72
    16
 73
    12
 74
     0
 42
0.000000001
 43
0.0000000001
 40
0.0
 40
0.0
 40
0.0
 40
0.0
 40
0.249999999999999
 40
0.249999999999999
 40
0.3749999999999992
 40
0.3749999999999992
 40
0.4999999999999993
 40
0.4999999999999993
 40
0.7499999999999997
 40
0.7499999999999997
 40
1.0
 40
1.0
 40
1.0
 40
1.0
 10
451904.4430147167
 20
-404.8906676431952
 30
0.0000000000007228
 10
451904.0239654279
 20
-404.8906676431952
 30
0.0000000000007228
 10
451903.6625568295
 20
-404.949824268494
 30
0.0000000000007228
 10
451903.2000090734
 20
-405.1233508291925
 30
0.0000000000007228
 10
451903.0591734249
 20
-405.1954897756959
 30
0.0000000000007228
 10
451902.8039238129
 20
-405.3693288147342
 30
0.0000000000007228
 10
451902.6911928438
 20
-405.470024971234
 30
0.0000000000007228
 10
451902.3969184321
 20
-405.8096342637299
 30
0.0000000000007228
 10
451902.2574788293
 20
-406.0867324673754
 30
0.0000000000007228
 10
451902.0763941763
 20
-406.7440688666256
 30
0.0000000000007228
 10
451902.0368503961
 20
-407.1164057151918
 30
0.0000000000007228
 10
451902.0368503961
 20
-407.5318767113213
 30
0.0000000000007228
  0
LINE
  5
619
330
2C6
100
AcDbEntity
  8
70.001.006305
  6
Continuous
 62
     7
100
AcDbLine
 10
451895.6868503961
 20
-414.8906676431952
 30
0.0000000000007228
 11
451895.6868503961
 21
-434.8906676431952
 31
0.0000000000007228
  0
LINE
  5
61A
330
2C6
100
AcDbEntity
  8
70.001.006305
  6
Continuous
 62
     7
100
AcDbLine
 10
451895.6868503961
 20
-269.8906676431952
 30
0.0000000000007228
 11
451895.6868503961
 21
-369.8906676431952
 31
0.0000000000007228
  0
LINE
  5
61B
330
2C6
100
AcDbEntity
  8
70.001.006305
  6
Continuous
 62
     7
100
AcDbLine
 10
451895.6868503961
 20
-439.8906676431952
 30
0.0000000000007228
 11
451895.6868503961
 21
-434.8906676431952
 31
0.0000000000007228
  0
LINE
  5
61C
330
2C6
100
AcDbEntity
  8
70.001.006305
  6
Continuous
 62
     7
100
AcDbLine
 10
451895.6868503961
 20
-414.8906676431952
 30
0.0000000000007228
 11
451895.6868503961
 21
-407.5318767113213
 31
0.0000000000007228
  0
LINE
  5
61D
330
2C6
100
AcDbEntity
  8
70.001.006305
  6
Continuous
 62
     7
100
AcDbLine
 10
451895.6868503961
 20
-407.5318767113213
 30
0.0000000000007228
 11
451895.6868503961
 21
-29.89066764319523
 31
0.0000000000007228
  0
LINE
  5
61E
330
2C6
100
AcDbEntity
  8
70.001.006305
  6
Continuous
 62
     7
100
AcDbLine
 10
451902.0368503961
 20
-414.8906676431952
 30
0.0000000000007228
 11
451902.0368503961
 21
-434.8906676431952
 31
0.0000000000007228
  0
LINE
  5
61F
330
2C6
100
AcDbEntity
  8
70.001.006305
  6
Continuous
 62
     7
100
AcDbLine
 10
451902.0368503961
 20
-434.8906676431952
 30
0.0000000000007228
 11
451902.0368503961
 21
-439.8906676431952
 31
0.0000000000007228
  0
LINE
  5
620
330
2C6
100
AcDbEntity
  8
70.001.006305
  6
Continuous
 62
     7
100
AcDbLine
 10
451902.0368503961
 20
-407.5318767113213
 30
0.0000000000007228
 11
451902.0368503961
 21
-414.8906676431952
 31
0.0000000000007228
  0
LINE
  5
621
330
2C6
100
AcDbEntity
  8
70.001.006305
  6
Continuous
 62
     7
100
AcDbLine
 10
451902.0368503961
 20
-407.5318767113213
 30
0.0000000000007228
 11
451895.6868503961
 21
-407.5318767113213
 31
0.0000000000007228
  0
LINE
  5
622
330
2C6
100
AcDbEntity
  8
70.001.006305
  6
Continuous
 62
     7
100
AcDbLine
 10
451902.0368503961
 20
-414.5363551443888
 30
0.0000000000007228
 11
451903.1868503961
 21
-414.5363551443888
 31
0.0000000000007228
  0
LINE
  5
623
330
2C6
100
AcDbEntity
  8
70.001.006305
  6
Continuous
 62
     7
100
AcDbLine
 10
451983.1868503961
 20
-414.5363551443888
 30
0.0000000000007228
 11
451984.336850396
 21
-414.5363551443888
 31
0.0000000000007228
  0
LINE
  5
624
330
2C6
100
AcDbEntity
  8
70.001.006305
  6
Continuous
 62
     7
100
AcDbLine
 10
451983.1868503961
 20
-425.5406676432039
 30
0.0000000000007228
 11
451983.6868488328
 21
-425.5406676432039
 31
0.0000000000007228
  0
LINE
  5
625
330
2C6
100
AcDbEntity
  8
70.001.006305
  6
Continuous
 62
     7
100
AcDbLine
 10
451983.6868488328
 20
-425.5406676432039
 30
0.0000000000007228
 11
451984.336850396
 21
-425.5406676432039
 31
0.0000000000007228
  0
LINE
  5
626
330
2C6
100
AcDbEntity
  8
70.001.006305
  6
Continuous
 62
     7
100
AcDbLine
 10
451902.6868488327
 20
-425.5406676432039
 30
0.0000000000007228
 11
451903.1868503961
 21
-425.5406676432039
 31
0.0000000000007228
  0
LINE
  5
627
330
2C6
100
AcDbEntity
  8
70.001.006305
  6
Continuous
 62
     7
100
AcDbLine
 10
451902.6868488327
 20
-425.5406676432039
 30
0.0000000000007228
 11
451902.6868488327
 21
-431.8906676431952
 31
0.0000000000007228
  0
LINE
  5
628
330
2C6
100
AcDbEntity
  8
70.001.006305
  6
Continuous
 62
     7
100
AcDbLine
 10
451902.6868488327
 20
-431.8906676431952
 30
0.0000000000007228
 11
451983.6868488328
 21
-431.8906676431952
 31
0.0000000000007228
  0
LINE
  5
629
330
2C6
100
AcDbEntity
  8
70.001.006305
  6
Continuous
 62
     7
100
AcDbLine
 10
451902.6868488327
 20
-425.5406676432039
 30
0.0000000000007228
 11
451902.0368503961
 21
-425.5406676432039
 31
0.0000000000007228
  0
LINE
  5
62A
330
2C6
100
AcDbEntity
  8
70.001.006305
  6
Continuous
 62
     7
100
AcDbLine
 10
451902.0368503961
 20
-431.8906676431952
 30
0.0000000000007228
 11
451902.6868488327
 21
-431.8906676431952
 31
0.0000000000007228
  0
LINE
  5
62B
330
2C6
100
AcDbEntity
  8
70.001.006305
  6
Continuous
 62
     7
100
AcDbLine
 10
451983.6868488328
 20
-425.5406676432039
 30
0.0000000000007228
 11
451983.6868488328
 21
-431.8906676431952
 31
0.0000000000007228
  0
LINE
  5
62C
330
2C6
100
AcDbEntity
  8
70.001.006305
  6
Continuous
 62
     7
100
AcDbLine
 10
451903.1868503961
 20
-425.5406676432039
 30
0.0000000000007228
 11
451903.1868503961
 21
-405.2286982346422
 31
0.0000000000007228
  0
LINE
  5
62D
330
2C6
100
AcDbEntity
  8
70.001.006305
  6
Continuous
 62
     7
100
AcDbLine
 10
451903.1868503961
 20
-29.89066764320978
 30
0.0000000000007228
 11
451903.1868503961
 21
2756.008386759198
 31
0.0000000000007228
  0
LINE
  5
62E
330
2C6
100
AcDbEntity
  8
70.001.006305
  6
Continuous
 62
     7
100
AcDbLine
 10
451903.1868503961
 20
-425.5406676432039
 30
0.0000000000007228
 11
451912.1868503961
 21
-425.5406676432039
 31
0.0000000000007228
  0
LINE
  5
62F
330
2C6
100
AcDbEntity
  8
70.001.006305
  6
Continuous
 62
     7
100
AcDbLine
 10
451973.1868503961
 20
-425.5406676432039
 30
0.0000000000007228
 11
451974.1868503961
 21
-425.5406676432039
 31
0.0000000000007228
  0
LINE
  5
630
330
2C6
100
AcDbEntity
  8
70.001.006305
  6
Continuous
 62
     7
100
AcDbLine
 10
451912.1868503961
 20
-425.5406676432039
 30
0.0000000000007228
 11
451913.186850396
 21
-425.5406676432039
 31
0.0000000000007228
  0
LINE
  5
631
330
2C6
100
AcDbEntity
  8
70.001.006305
  6
Continuous
 62
     7
100
AcDbLine
 10
451974.1868503961
 20
-425.5406676432039
 30
0.0000000000007228
 11
451983.1868503961
 21
-425.5406676432039
 31
0.0000000000007228
  0
LINE
  5
632
330
2C6
100
AcDbEntity
  8
70.001.006305
  6
Continuous
 62
     7
100
AcDbLine
 10
451983.1868503961
 20
-425.5406676432039
 30
0.0000000000007228
 11
451983.1868503961
 21
-405.3159798146817
 31
0.0000000000007228
  0
LINE
  5
633
330
2C6
100
AcDbEntity
  8
70.001.006305
  6
Continuous
 62
     7
100
AcDbLine
 10
451983.1868503961
 20
-29.89066764320978
 30
0.0000000000007228
 11
451983.1868503961
 21
2756.008386759198
 31
0.0000000000007228
  0
LINE
  5
634
330
2C6
100
AcDbEntity
  8
70.001.006305
  6
Continuous
 62
     7
100
AcDbLine
 10
451973.1868503961
 20
-425.5406676432039
 30
0.0000000000007228
 11
451973.1868503961
 21
-404.8906676431952
 31
0.0000000000007228
  0
LINE
  5
635
330
2C6
100
AcDbEntity
  8
70.001.006305
  6
Continuous
 62
     7
100
AcDbLine
 10
451973.1868503961
 20
-29.89066764319523
 30
0.0000000000007228
 11
451973.1868503961
 21
1576.459332356796
 31
0.0000000000007228
  0
ARC
  5
636
330
2C6
100
AcDbEntity
  8
70.001.006305
  6
Continuous
 62
     7
100
AcDbCircle
 10
451970.186850396
 20
1576.459332356796
 30
0.0000000000007228
 40
3.000000000000113
100
AcDbArc
 50
0.0
 51
90.0
  0
LINE
  5
637
330
2C6
100
AcDbEntity
  8
70.001.006305
  6
Continuous
 62
     7
100
AcDbLine
 10
451970.186850396
 20
1579.459332356796
 30
0.0000000000007228
 11
451968.9763078309
 21
1579.459332356796
 31
0.0000000000007228
  0
ARC
  5
638
330
2C6
100
AcDbEntity
  8
70.001.006305
  6
Continuous
 62
     7
100
AcDbCircle
 10
451968.9763078309
 20
1576.459332356796
 30
0.0000000000007228
 40
3.000000000000113
100
AcDbArc
 50
90.0
 51
151.6309537063764
  0
LINE
  5
639
330
2C6
100
AcDbEntity
  8
70.001.006305
  6
Continuous
 62
     7
100
AcDbLine
 10
451966.3365916379
 20
1577.884779101004
 30
0.0000000000007228
 11
451913.186850396
 21
1479.459332356796
 31
0.0000000000007228
  0
LINE
  5
63A
330
2C6
100
AcDbEntity
  8
70.001.006305
  6
Continuous
 62
     7
100
AcDbLine
 10
451913.186850396
 20
1479.459332356796
 30
0.0000000000007228
 11
451913.186850396
 21
-29.89066764319523
 31
0.0000000000007228
  0
LINE
  5
63B
330
2C6
100
AcDbEntity
  8
70.001.006305
  6
Continuous
 62
     7
100
AcDbLine
 10
451913.186850396
 20
-404.8906676431952
 30
0.0000000000007228
 11
451913.186850396
 21
-425.5406676432039
 31
0.0000000000007228
  0
LINE
  5
63C
330
2C6
100
AcDbEntity
  8
70.001.006305
  6
Continuous
 62
     7
100
AcDbLine
 10
451913.186850396
 20
-425.5406676432039
 30
0.0000000000007228
 11
451973.1868503961
 21
-425.5406676432039
 31
0.0000000000007228
  0
LINE
  5
63D
330
2C6
100
AcDbEntity
  8
500308
  6
Continuous
 62
     7
100
AcDbLine
 10
451997.1895626961
 20
-431.8806676431568
 30
0.0000000000007228
 11
451994.6868503961
 21
-431.8806676431568
 31
0.0000000000007228
  0
LINE
  5
63E
330
2C6
100
AcDbEntity
  8
500308
  6
Continuous
 62
     7
100
AcDbLine
 10
451875.6868503961
 20
-276.8806676431859
 30
0.0000000000007228
 11
451883.6868503961
 21
-276.8806676431859
 31
0.0000000000007228
  0
LINE
  5
63F
330
2C6
100
AcDbEntity
  8
500308
  6
Continuous
 62
     7
100
AcDbLine
 10
451875.6868503961
 20
-431.8806676431859
 30
0.0000000000007228
 11
451883.6868503961
 21
-431.8806676431859
 31
0.0000000000007228
  0
LINE
  5
640
330
2C6
100
AcDbEntity
  8
500308
  6
Continuous
 62
     7
100
AcDbLine
 10
451883.6868503961
 20
-276.8806676431859
 30
0.0000000000007228
 11
451891.6868503961
 21
-276.8806676431859
 31
0.0000000000007228
  0
LINE
  5
641
330
2C6
100
AcDbEntity
  8
500308
  6
Continuous
 62
     7
100
AcDbLine
 10
451891.6868503961
 20
-431.8806676431859
 30
0.0000000000007228
 11
451883.6868503961
 21
-431.8806676431859
 31
0.0000000000007228
  0
LINE
  5
642
330
2C6
100
AcDbEntity
  8
500308
  6
Continuous
 62
     7
100
AcDbLine
 10
451883.6868503961
 20
-346.8806676431859
 30
0.0000000000007228
 11
451883.6868503961
 21
-361.8806676431859
 31
0.0000000000007228
  0
LINE
  5
643
330
2C6
100
AcDbEntity
  8
500308
  6
Continuous
 62
     7
100
AcDbLine
 10
451883.6868503961
 20
-346.8806676431859
 30
0.0000000000007228
 11
451883.6868503961
 21
-276.8806676431859
 31
0.0000000000007228
  0
LINE
  5
644
330
2C6
100
AcDbEntity
  8
500308
  6
Continuous
 62
     7
100
AcDbLine
 10
451883.6868503961
 20
-431.8806676431859
 30
0.0000000000007228
 11
451883.6868503961
 21
-361.8806676431859
 31
0.0000000000007228
  0
LINE
  5
645
330
2C6
100
AcDbEntity
  8
500308
  6
Continuous
 62
     7
100
AcDbLine
 10
452010.6868503961
 20
-431.3856676431905
 30
0.0000000000007228
 11
452002.686850396
 21
-431.3856676431905
 31
0.0000000000007228
  0
LINE
  5
646
330
2C6
100
AcDbEntity
  8
500308
  6
Continuous
 62
     7
100
AcDbLine
 10
452010.6868503961
 20
-276.3856676431906
 30
0.0000000000007228
 11
452002.686850396
 21
-276.3856676431906
 31
0.0000000000007228
  0
LINE
  5
647
330
2C6
100
AcDbEntity
  8
500308
  6
Continuous
 62
     7
100
AcDbLine
 10
452002.686850396
 20
-431.3856676431905
 30
0.0000000000007228
 11
451994.6868503961
 21
-431.3856676431905
 31
0.0000000000007228
  0
LINE
  5
648
330
2C6
100
AcDbEntity
  8
500308
  6
Continuous
 62
     7
100
AcDbLine
 10
451994.6868503961
 20
-276.3856676431906
 30
0.0000000000007228
 11
452002.686850396
 21
-276.3856676431906
 31
0.0000000000007228
  0
LINE
  5
649
330
2C6
100
AcDbEntity
  8
500308
  6
Continuous
 62
     7
100
AcDbLine
 10
452002.686850396
 20
-361.3856676431906
 30
0.0000000000007228
 11
452002.686850396
 21
-346.3856676431906
 31
0.0000000000007228
  0
LINE
  5
64A
330
2C6
100
AcDbEntity
  8
500308
  6
Continuous
 62
     7
100
AcDbLine
 10
452002.686850396
 20
-361.3856676431906
 30
0.0000000000007228
 11
452002.686850396
 21
-431.3856676431905
 31
0.0000000000007228
  0
LINE
  5
64B
330
2C6
100
AcDbEntity
  8
500308
  6
Continuous
 62
     7
100
AcDbLine
 10
452002.686850396
 20
-276.3856676431906
 30
0.0000000000007228
 11
452002.686850396
 21
-346.3856676431906
 31
0.0000000000007228
  0
LINE
  5
64C
330
2C6
100
AcDbEntity
  8
500271
  6
Continuous
 62
     7
100
AcDbLine
 10
449564.9438655783
 20
-1288.180021818793
 30
0.0000000000007228
 11
449568.1591696062
 21
-1275.89377666382
 31
0.0000000000007228
  0
LINE
  5
64D
330
2C6
100
AcDbEntity
  8
500271
  6
Continuous
 62
     7
100
AcDbLine
 10
449546.0571190834
 20
-1360.349619343216
 30
0.0000000000007228
 11
449564.9438655783
 21
-1288.180021818793
 31
0.0000000000007228
  0
LINE
  5
64E
330
2C6
100
AcDbEntity
  8
500271
  6
Continuous
 62
     7
100
AcDbLine
 10
449542.8418150555
 20
-1372.635864498189
 30
0.0000000000007228
 11
449546.0571190834
 21
-1360.349619343216
 31
0.0000000000007228
  0
LINE
  5
64F
330
2C6
100
AcDbEntity
  8
500271
  6
Continuous
 62
     7
100
AcDbLine
 10
448815.1981486658
 20
-1078.844265362258
 30
0.0000000000007228
 11
449568.1591696062
 21
-1275.89377666382
 31
0.0000000000007228
  0
LINE
  5
650
330
2C6
100
AcDbEntity
  8
500271
  6
Continuous
 62
     7
100
AcDbLine
 10
448993.0279384671
 20
-1228.749856224801
 30
0.0000000000007228
 11
449024.4966559547
 21
-1236.985203380617
 31
0.0000000000007228
  0
LINE
  5
651
330
2C6
100
AcDbEntity
  8
500271
  6
Continuous
 62
     7
100
AcDbLine
 10
448814.8554276305
 20
-1182.12220192223
 30
0.0000000000007228
 11
449542.8418150555
 21
-1372.635864498189
 31
0.0000000000007228
  0
CIRCLE
  5
652
330
2C6
100
AcDbEntity
  8
500272
  6
Continuous
 62
     7
100
AcDbCircle
 10
448739.6991490025
 20
-1229.09184789929
 30
0.0000000000007228
 40
11.0
  0
LINE
  5
653
330
2C6
100
AcDbEntity
  8
30.000.020911
  6
Continuous
 62
     7
100
AcDbLine
 10
449520.3398180336
 20
-1181.682077282815
 30
0.0000000000007228
 11
449520.3568545528
 21
-1176.548174297343
 31
0.0000000000007228
  0
ARC
  5
654
330
2C6
100
AcDbEntity
  8
30.000.020911
  6
Continuous
 62
     7
100
AcDbCircle
 10
449530.3397629741
 20
-1181.715261441969
 30
0.0000000000007228
 40
9.999999999999985
100
AcDbArc
 50
309.2298528914996
 51
359.8098684245089
  0
ARC
  5
655
330
2C6
100
AcDbEntity
  8
30.000.020911
  6
Continuous
 62
     7
100
AcDbCircle
 10
449530.3397629741
 20
-1181.715261441969
 30
0.0000000000007228
 40
9.999999999999985
100
AcDbArc
 50
179.8098684244255
 51
230.3898839570173
  0
LINE
  5
656
330
2C6
100
AcDbEntity
  8
30.000.020911
  6
Continuous
 62
     7
100
AcDbLine
 10
449499.7610437531
 20
-1130.500278326589
 30
0.0000000000007228
 11
449518.3860953025
 21
-1135.646301140042
 31
0.0000000000007228
  0
LINE
  5
657
330
2C6
100
AcDbEntity
  8
30.000.020911
  6
Continuous
 62
     7
100
AcDbLine
 10
449536.5735834542
 20
-1216.736140674512
 30
0.0000000000007228
 11
449538.0739483299
 21
-1216.741119536608
 31
0.0000000000007228
  0
LINE
  5
658
330
2C6
100
AcDbEntity
  8
30.000.020911
  6
Continuous
 62
     7
100
AcDbLine
 10
449568.0145463129
 20
-1189.825438267487
 30
0.0000000000007228
 11
449574.1459636163
 21
-1130.500278326589
 31
0.0000000000007228
  0
ARC
  5
659
330
2C6
100
AcDbEntity
  8
30.000.020911
  6
Continuous
 62
     7
100
AcDbCircle
 10
449525.3231984243
 20
-1186.698641832606
 30
0.0000000000007228
 40
30.00000000000002
100
AcDbArc
 50
179.8098684244807
 51
267.2306873728475
  0
ARC
  5
65A
330
2C6
100
AcDbEntity
  8
30.000.020911
  6
Continuous
 62
     7
100
AcDbCircle
 10
449538.1735008073
 20
-1186.741284715325
 30
0.0000000000007228
 40
30.00000000000002
100
AcDbArc
 50
269.8098684245086
 51
354.099275287001
  0
LINE
  5
65B
330
2C6
100
AcDbEntity
  8
30.000.020911
  6
Continuous
 62
     7
100
AcDbLine
 10
449540.3964067828
 20
-1164.662414906554
 30
0.0000000000007228
 11
449540.3397079145
 21
-1181.748445601109
 31
0.0000000000007228
  0
ARC
  5
65C
330
2C6
100
AcDbEntity
  8
30.000.020911
  6
Continuous
 62
     7
100
AcDbCircle
 10
449510.3965719616
 20
-1164.562862429121
 30
0.0000000000007228
 40
30.00000000000002
100
AcDbArc
 50
359.8098684244529
 51
74.55474972146328
  0
LINE
  5
65D
330
2C6
100
AcDbEntity
  8
30.000.020911
  6
Continuous
 62
     7
100
AcDbLine
 10
449495.3665030099
 20
-1173.599160932609
 30
0.0000000000007228
 11
449495.3233636031
 21
-1186.599089355172
 31
0.0000000000007228
  0
ARC
  5
65E
330
2C6
100
AcDbEntity
  8
30.000.020911
  6
Continuous
 62
     7
100
AcDbCircle
 10
449507.3664369384
 20
-1173.638981923585
 30
0.0000000000007228
 40
11.99999999999994
100
AcDbArc
 50
89.80986842439742
 51
179.8098684244664
  0
ARC
  5
65F
330
2C6
100
AcDbEntity
  8
30.000.020911
  6
Continuous
 62
     7
100
AcDbCircle
 10
449505.3569371422
 20
-1176.498398058619
 30
0.0000000000007228
 40
14.99999999999998
100
AcDbArc
 50
359.8098684244533
 51
82.1476127637552
  0
LINE
  5
660
330
2C6
100
AcDbEntity
  8
70.002.220040
  6
Continuous
 62
     7
100
AcDbLine
 10
449523.9290898066
 20
-1199.988399025963
 30
0.0000000000007228
 11
449523.8428109928
 21
-1225.988255871075
 31
0.0000000000007228
  0
LINE
  5
661
330
2C6
100
AcDbEntity
  8
70.002.220040
  6
Continuous
 62
     7
100
AcDbLine
 10
449536.5427410671
 20
-1226.030399753196
 30
0.0000000000007228
 11
449536.6290198809
 21
-1200.030542908084
 31
0.0000000000007228
  0
ARC
  5
662
330
2C6
100
AcDbEntity
  8
70.002.220040
  6
Continuous
 62
     7
100
AcDbCircle
 10
449530.137524405
 20
-1242.659236137952
 30
0.0000000000007228
 40
6.350000000000004
100
AcDbArc
 50
179.8098684245119
 51
359.8098684245119
  0
LINE
  5
663
330
2C6
100
AcDbEntity
  8
70.002.220040
  6
Continuous
 62
     7
100
AcDbLine
 10
449523.8428109928
 20
-1225.988255871075
 30
0.0000000000007228
 11
449523.7875593679
 21
-1242.638164196899
 31
0.0000000000007228
  0
LINE
  5
664
330
2C6
100
AcDbEntity
  8
70.002.220040
  6
Continuous
 62
     7
100
AcDbLine
 10
449536.4874894423
 20
-1242.680308079006
 30
0.0000000000007228
 11
449536.5427410671
 21
-1226.030399753196
 31
0.0000000000007228
  0
ARC
  5
665
330
2C6
100
AcDbEntity
  8
70.002.220040
  6
Continuous
 62
     7
100
AcDbCircle
 10
449530.3343064688
 20
-1183.359562641221
 30
0.0000000000007228
 40
6.350000000000004
100
AcDbArc
 50
359.8098684245119
 51
179.8098684243807
  0
LINE
  5
666
330
2C6
100
AcDbEntity
  8
70.002.220040
  6
Continuous
 62
     7
100
AcDbLine
 10
449523.9843414316
 20
-1183.338490700154
 30
0.0000000000007228
 11
449523.9290898066
 21
-1199.988399025963
 31
0.0000000000007228
  0
LINE
  5
667
330
2C6
100
AcDbEntity
  8
70.002.220040
  6
Continuous
 62
     7
100
AcDbLine
 10
449536.6290198809
 20
-1200.030542908084
 30
0.0000000000007228
 11
449536.684271506
 21
-1183.380634582275
 31
0.0000000000007228
  0
LINE
  5
668
330
2C6
100
AcDbEntity
  8
500282
  6
Continuous
 62
     7
100
AcDbLine
 10
449565.6274341512
 20
-1285.567985447263
 30
0.0000000000007228
 11
449590.1571681987
 21
-1291.987404211316
 31
0.0000000000007228
  0
LINE
  5
669
330
2C6
100
AcDbEntity
  8
500282
  6
Continuous
 62
     7
100
AcDbLine
 10
449545.3735505106
 20
-1362.961655714746
 30
0.0000000000007228
 11
449569.9032845581
 21
-1369.381074478799
 31
0.0000000000007228
  0
LINE
  5
66A
330
2C6
100
AcDbEntity
  8
500283
  6
Continuous
 62
     7
100
AcDbLine
 10
449560.7818864529
 20
-1399.699591496327
 30
0.0000000000007228
 11
449550.8739164846
 21
-1408.112456981697
 31
0.0000000000007228
  0
ARC
  5
66B
330
2C6
100
AcDbEntity
  8
500283
  6
Continuous
 62
     7
100
AcDbCircle
 10
449556.6718463483
 20
-1394.859129706522
 30
0.0000000000007228
 40
6.350000000000002
100
AcDbArc
 50
310.3346139416591
 51
345.3346139411063
  0
LINE
  5
66C
330
2C6
100
AcDbEntity
  8
500283
  6
Continuous
 62
     7
100
AcDbLine
 10
449597.245483831
 20
-1264.901696969618
 30
0.0000000000007228
 11
449562.8149689258
 21
-1396.466781720498
 31
0.0000000000007228
  0
ARC
  5
66D
330
2C6
100
AcDbEntity
  8
500283
  6
Continuous
 62
     7
100
AcDbCircle
 10
449591.1023612535
 20
-1263.294044955642
 30
0.0000000000007228
 40
6.35000000000001
100
AcDbArc
 50
345.3346139411063
 51
20.33461394172979
  0
ARC
  5
66E
330
2C6
100
AcDbEntity
  8
500283
  6
Continuous
 62
     7
100
AcDbCircle
 10
449591.1023612535
 20
-1263.294044955642
 30
0.0000000000007228
 40
12.70000000000001
100
AcDbArc
 50
345.3346139417305
 51
20.33461394174517
  0
LINE
  5
66F
330
2C6
100
AcDbEntity
  8
500283
  6
Continuous
 62
     7
100
AcDbLine
 10
449603.3886064084
 20
-1266.509348983593
 30
0.0000000000007228
 11
449568.9580915033
 21
-1398.074433734459
 31
0.0000000000007228
  0
ARC
  5
670
330
2C6
100
AcDbEntity
  8
500283
  6
Continuous
 62
     7
100
AcDbCircle
 10
449556.6718463483
 20
-1394.859129706522
 30
0.0000000000007228
 40
12.7
100
AcDbArc
 50
310.3346139416577
 51
345.3346139417375
  0
LINE
  5
671
330
2C6
100
AcDbEntity
  8
500283
  6
Continuous
 62
     7
100
AcDbLine
 10
449564.8919265575
 20
-1404.540053286147
 30
0.0000000000007228
 11
449554.9839565892
 21
-1412.952918771502
 31
0.0000000000007228
  0
LINE
  5
672
330
2C6
100
AcDbEntity
  8
500283
  6
Continuous
 62
     7
100
AcDbLine
 10
449592.5398416765
 20
-1248.899590308102
 30
0.0000000000007228
 11
449597.0566239842
 21
-1261.087406033338
 31
0.0000000000007228
  0
LINE
  5
673
330
2C6
100
AcDbEntity
  8
500283
  6
Continuous
 62
     7
100
AcDbLine
 10
449598.4941044073
 20
-1246.692951385784
 30
0.0000000000007228
 11
449603.010886715
 21
-1258.880767111034
 31
0.0000000000007228
  0
LINE
  5
674
330
2C6
100
AcDbEntity
  8
500283
  6
Continuous
 62
     7
100
AcDbLine
 10
449592.5398416765
 20
-1248.899590308102
 30
0.0000000000007228
 11
449585.5897978268
 21
-1230.14600690423
 31
0.0000000000007228
  0
LINE
  5
675
330
2C6
100
AcDbEntity
  8
500283
  6
Continuous
 62
     7
100
AcDbLine
 10
449585.5897978268
 20
-1230.14600690423
 30
0.0000000000007228
 11
449591.5440605576
 21
-1227.939367981912
 31
0.0000000000007228
  0
LINE
  5
676
330
2C6
100
AcDbEntity
  8
500283
  6
Continuous
 62
     7
100
AcDbLine
 10
449591.5440605576
 20
-1227.939367981912
 30
0.0000000000007228
 11
449598.4941044073
 21
-1246.692951385798
 31
0.0000000000007228
  0
LINE
  5
677
330
2C6
100
AcDbEntity
  8
500283
  6
Continuous
 62
     7
100
AcDbLine
 10
449536.2845756623
 20
-1420.500278326661
 30
0.0000000000007228
 11
449550.8739164846
 21
-1408.112456981697
 31
0.0000000000007228
  0
LINE
  5
678
330
2C6
100
AcDbEntity
  8
500283
  6
Continuous
 62
     7
100
AcDbLine
 10
449554.9839565892
 20
-1412.952918771502
 30
0.0000000000007228
 11
449546.0953071816
 21
-1420.500278326661
 31
0.0000000000007228
  0
LINE
  5
679
330
2C6
100
AcDbEntity
  8
500285
  6
Continuous
 62
     7
100
AcDbLine
 10
449465.0877431342
 20
-1274.76194407166
 30
0.0000000000007228
 11
449452.8014979793
 21
-1271.546640043708
 31
0.0000000000007228
  0
LINE
  5
67A
330
2C6
100
AcDbEntity
  8
500285
  6
Continuous
 62
     7
100
AcDbLine
 10
449465.0877431342
 20
-1274.76194407166
 30
0.0000000000007228
 11
449452.4290658588
 21
-1323.13298798883
 31
0.0000000000007228
  0
LINE
  5
67B
330
2C6
100
AcDbEntity
  8
500285
  6
Continuous
 62
     7
100
AcDbLine
 10
449452.4290658588
 20
-1323.13298798883
 30
0.0000000000007228
 11
449440.1428207039
 21
-1319.917683960892
 31
0.0000000000007228
  0
LINE
  5
67C
330
2C6
100
AcDbEntity
  8
500285
  6
Continuous
 62
     7
100
AcDbLine
 10
449452.8014979793
 20
-1271.546640043708
 30
0.0000000000007228
 11
449332.2608565376
 21
-1240.001216273457
 31
0.0000000000007228
  0
LINE
  5
67D
330
2C6
100
AcDbEntity
  8
500285
  6
Continuous
 62
     7
100
AcDbLine
 10
449440.1428207039
 20
-1319.917683960892
 30
0.0000000000007228
 11
449319.6021792623
 21
-1288.372260190642
 31
0.0000000000007228
  0
LINE
  5
67E
330
2C6
100
AcDbEntity
  8
500285
  6
Continuous
 62
     7
100
AcDbLine
 10
449332.2608565376
 20
-1240.001216273457
 30
0.0000000000007228
 11
449319.9746113826
 21
-1236.785912245506
 31
0.0000000000007228
  0
LINE
  5
67F
330
2C6
100
AcDbEntity
  8
500285
  6
Continuous
 62
     7
100
AcDbLine
 10
449319.6021792623
 20
-1288.372260190642
 30
0.0000000000007228
 11
449307.3159341073
 21
-1285.15695616269
 31
0.0000000000007228
  0
LINE
  5
680
330
2C6
100
AcDbEntity
  8
500285
  6
Continuous
 62
     7
100
AcDbLine
 10
449319.9746113826
 20
-1236.785912245506
 30
0.0000000000007228
 11
449307.3159341073
 21
-1285.15695616269
 31
0.0000000000007228
  0
LINE
  5
681
330
2C6
100
AcDbEntity
  8
70.002.220040
  6
Continuous
 62
     7
100
AcDbLine
 10
449519.7692044771
 20
-1263.230147717034
 30
0.0000000000007228
 11
449519.8224501148
 21
-1247.184737532815
 31
0.0000000000007228
  0
LINE
  5
682
330
2C6
100
AcDbEntity
  8
70.002.220040
  6
Continuous
 62
     7
100
AcDbLine
 10
449507.1225200405
 20
-1247.142593650694
 30
0.0000000000007228
 11
449507.0801541351
 21
-1259.90942977911
 31
0.0000000000007228
  0
ARC
  5
683
330
2C6
100
AcDbEntity
  8
70.002.220040
  6
Continuous
 62
     7
100
AcDbCircle
 10
449530.1223934035
 20
-1247.218917216735
 30
0.0000000000007228
 40
10.3
100
AcDbArc
 50
127.8712156696917
 51
179.8098684244725
  0
ARC
  5
684
330
2C6
100
AcDbEntity
  8
70.002.220040
  6
Continuous
 62
     7
100
AcDbCircle
 10
449530.1223934035
 20
-1247.218917216735
 30
0.0000000000007228
 40
10.3
100
AcDbArc
 50
359.8098684244725
 51
51.74852117949765
  0
ARC
  5
685
330
2C6
100
AcDbEntity
  8
70.002.220040
  6
Continuous
 62
     7
100
AcDbCircle
 10
449530.1223934035
 20
-1247.218917216735
 30
0.0000000000007228
 40
23.0
100
AcDbArc
 50
359.809868424458
 51
73.78306828100142
  0
ARC
  5
686
330
2C6
100
AcDbEntity
  8
70.002.220040
  6
Continuous
 62
     7
100
AcDbCircle
 10
449530.1223934035
 20
-1247.218917216735
 30
0.0000000000007228
 40
23.0
100
AcDbArc
 50
105.8366685681031
 51
179.809868424458
  0
LINE
  5
687
330
2C6
100
AcDbEntity
  8
70.002.220040
  6
Continuous
 62
     7
100
AcDbLine
 10
449553.0404939569
 20
-1271.937227034586
 30
0.0000000000007228
 11
449553.1222667664
 21
-1247.295240782777
 31
0.0000000000007228
  0
LINE
  5
688
330
2C6
100
AcDbEntity
  8
70.002.220040
  6
Continuous
 62
     7
100
AcDbLine
 10
449540.4223366921
 20
-1247.253096900656
 30
0.0000000000007228
 11
449540.3514436147
 21
-1268.616509096661
 31
0.0000000000007228
  0
LINE
  5
689
330
2C6
100
AcDbEntity
  8
70.002.220021
  6
Continuous
 62
     7
100
AcDbLine
 10
448741.8917333438
 20
-1239.871113825423
 30
0.0000000000007228
 11
448740.2894375641
 21
-1244.988114427769
 31
0.0000000000007228
  0
LINE
  5
68A
330
2C6
100
AcDbEntity
  8
70.002.220021
  6
Continuous
 62
     7
100
AcDbLine
 10
448743.1523620372
 20
-1245.884587216635
 30
0.0000000000007228
 11
448745.4803161758
 21
-1238.450165382405
 31
0.0000000000007228
  0
SPLINE
  5
68B
330
2C6
100
AcDbEntity
  8
70.002.220021
  6
Continuous
 62
     7
100
AcDbSpline
210
0.0
220
0.0
230
1.0
 70
     8
 71
     3
 72
    10
 73
     6
 74
     0
 42
0.000000001
 43
0.0000000001
 40
0.0
 40
0.0
 40
0.0
 40
0.0
 40
0.1121824063676209
 40
0.2357379651053807
 40
0.2658330890820428
 40
0.2658330890820428
 40
0.2658330890820428
 40
0.2658330890820428
 10
448740.2894375641
 20
-1244.988114427783
 30
0.0000000000007228
 10
448740.0806124609
 20
-1245.48905059958
 30
0.0000000000007228
 10
448739.677951196
 20
-1246.381470445784
 30
0.0000000000007228
 10
448738.7251927619
 20
-1247.169994287113
 30
0.0000000000007228
 10
448738.0950249579
 20
-1247.473371612731
 30
0.0000000000007228
 10
448737.9689678366
 20
-1247.526797688953
 30
0.0000000000007228
  0
SPLINE
  5
68C
330
2C6
100
AcDbEntity
  8
70.002.220021
  6
Continuous
 62
     7
100
AcDbSpline
210
0.0
220
0.0
230
1.0
 70
     8
 71
     3
 72
    12
 73
     8
 74
     0
 42
0.000000001
 43
0.0000000001
 40
0.541993331919098
 40
0.541993331919098
 40
0.541993331919098
 40
0.541993331919098
 40
0.5994892700218295
 40
0.7173662903746143
 40
0.8352407659301473
 40
0.9543692854254066
 40
1.0
 40
1.0
 40
1.0
 40
1.0
 10
448734.2226529398
 20
-1247.40577607009
 30
0.0000000000007228
 10
448733.9764853549
 20
-1247.287016964293
 30
0.0000000000007228
 10
448733.2561068649
 20
-1246.859644285993
 30
0.0000000000007228
 10
448732.2719880701
 20
-1245.842706401127
 30
0.0000000000007228
 10
448731.6062712435
 20
-1244.319392893821
 30
0.0000000000007228
 10
448731.5579272816
 20
-1242.98218620434
 30
0.0000000000007228
 10
448731.7284264306
 20
-1242.320141376936
 30
0.0000000000007228
 10
448731.786818007
 20
-1242.106344381428
 30
0.0000000000007228
  0
SPLINE
  5
68D
330
2C6
100
AcDbEntity
  8
70.002.220021
  6
Continuous
 62
     7
100
AcDbSpline
210
0.0
220
0.0
230
1.0
 70
     8
 71
     3
 72
    11
 73
     7
 74
     0
 42
0.000000001
 43
0.0000000001
 40
0.0
 40
0.0
 40
0.0
 40
0.0
 40
0.1129726849995917
 40
0.2321024096893586
 40
0.3522698956314094
 40
0.4469497102929555
 40
0.4469497102929555
 40
0.4469497102929555
 40
0.4469497102929555
 10
448728.9238935338
 20
-1241.209871592561
 30
0.0000000000007228
 10
448728.7252146403
 20
-1242.13410369491
 30
0.0000000000007228
 10
448728.4193348656
 20
-1243.776707449121
 30
0.0000000000007228
 10
448729.138317982
 20
-1246.525012909806
 30
0.0000000000007228
 10
448730.6687291627
 20
-1248.6651880176
 30
0.0000000000007228
 10
448732.0507761783
 20
-1249.658284133948
 30
0.0000000000007228
 10
448732.7085342214
 20
-1250.001503968983
 30
0.0000000000007228
  0
SPLINE
  5
68E
330
2C6
100
AcDbEntity
  8
70.002.220021
  6
Continuous
 62
     7
100
AcDbSpline
210
0.0
220
0.0
230
1.0
 70
     8
 71
     3
 72
    12
 73
     8
 74
     0
 42
0.000000001
 43
0.0000000001
 40
0.5701201522005817
 40
0.5701201522005817
 40
0.5701201522005817
 40
0.5701201522005817
 40
0.5951144177942415
 40
0.7169411618692632
 40
0.8382005890724453
 40
0.9584470056735604
 40
1.0
 40
1.0
 40
1.0
 40
1.0
 10
448735.4577826838
 20
-1250.831166340905
 30
0.0000000000007228
 10
448735.6515301354
 20
-1250.851482751322
 30
0.0000000000007228
 10
448736.7934643998
 20
-1250.926819117879
 30
0.0000000000007228
 10
448738.8839149496
 20
-1250.583852380173
 30
0.0000000000007228
 10
448741.2970506066
 20
-1249.12756298751
 30
0.0000000000007228
 10
448742.6414214173
 20
-1247.297171713734
 30
0.0000000000007228
 10
448743.0375585566
 20
-1246.212259805493
 30
0.0000000000007228
 10
448743.1523620372
 20
-1245.884587216621
 30
0.0000000000007228
  0
LINE
  5
68F
330
2C6
100
AcDbEntity
  8
70.002.220021
  6
Continuous
 62
     7
100
AcDbLine
 10
448730.7260706982
 20
-1235.454541176769
 30
0.0000000000007228
 11
448728.9238935338
 21
-1241.209871592561
 31
0.0000000000007228
  0
LINE
  5
690
330
2C6
100
AcDbEntity
  8
70.002.220021
  6
Continuous
 62
     7
100
AcDbLine
 10
448731.786818007
 20
-1242.106344381428
 30
0.0000000000007228
 11
448733.1051116773
 21
-1237.896316750536
 31
0.0000000000007228
  0
LINE
  5
691
330
2C6
100
AcDbEntity
  8
70.002.220021
  6
Continuous
 62
     7
100
AcDbLine
 10
448731.4028273376
 20
-1251.409234037296
 30
0.0000000000007228
 11
448725.9992532974
 21
-1259.812721215371
 31
0.0000000000007228
  0
LINE
  5
692
330
2C6
100
AcDbEntity
  8
70.002.220021
  6
Continuous
 62
     7
100
AcDbLine
 10
448728.5226067352
 20
-1261.43527704743
 30
0.0000000000007228
 11
448733.9261807753
 21
-1253.031789869355
 31
0.0000000000007228
  0
SPLINE
  5
693
330
2C6
100
AcDbEntity
  8
70.002.220021
  6
Continuous
 62
     7
100
AcDbSpline
210
0.0
220
0.0
230
1.0
 70
     8
 71
     3
 72
    22
 73
    18
 74
     0
 42
0.000000001
 43
0.0000000001
 40
0.0
 40
0.0
 40
0.0
 40
0.0
 40
0.0992017293924744
 40
0.2076431999643367
 40
0.3205164299508465
 40
0.3925083138509215
 40
0.4172935162026253
 40
0.4417249535098314
 40
0.4685179016767113
 40
0.4962847670067355
 40
0.5231232590733823
 40
0.5452685407073501
 40
0.5654896985545152
 40
0.5857032982551461
 40
0.6116692247600777
 40
0.6668479331515486
 40
0.690583702323219
 40
0.690583702323219
 40
0.690583702323219
 40
0.690583702323219
 10
448725.9992532974
 20
-1259.812721215357
 30
0.0000000000007228
 10
448725.5805050263
 20
-1260.473385513084
 30
0.0000000000007228
 10
448724.8336897184
 20
-1261.65931045777
 30
0.0000000000007228
 10
448723.8108778609
 20
-1263.41555907271
 30
0.0000000000007228
 10
448723.2609591596
 20
-1264.550648806247
 30
0.0000000000007228
 10
448723.0220825721
 20
-1265.109851549577
 30
0.0000000000007228
 10
448722.9735127804
 20
-1265.745081184076
 30
0.0000000000007228
 10
448723.0767084136
 20
-1266.235366051646
 30
0.0000000000007228
 10
448723.3640938555
 20
-1266.708088441076
 30
0.0000000000007228
 10
448723.8255442017
 20
-1267.060017318735
 30
0.0000000000007228
 10
448724.3482567518
 20
-1267.207619046117
 30
0.0000000000007228
 10
448724.8178104198
 20
-1267.182636625127
 30
0.0000000000007228
 10
448725.1851373794
 20
-1267.061943558329
 30
0.0000000000007228
 10
448725.4717978355
 20
-1266.897303048311
 30
0.0000000000007228
 10
448725.7669894977
 20
-1266.662352265449
 30
0.0000000000007228
 10
448725.9995537789
 20
-1266.421497762502
 30
0.0000000000007228
 10
448726.1971614088
 20
-1266.194503369924
 30
0.0000000000007228
 10
448726.2586985117
 20
-1266.12204807235
 30
0.0000000000007228
  0
SPLINE
  5
694
330
2C6
100
AcDbEntity
  8
70.002.220021
  6
Continuous
 62
     7
100
AcDbSpline
210
0.0
220
0.0
230
1.0
 70
     8
 71
     3
 72
     9
 73
     5
 74
     0
 42
0.000000001
 43
0.0000000001
 40
0.8984767088735303
 40
0.8984767088735303
 40
0.8984767088735303
 40
0.8984767088735303
 40
0.8990233412556419
 40
1.0
 40
1.0
 40
1.0
 40
1.0
 10
448728.3403746177
 20
-1263.302656753943
 30
0.0000000000007228
 10
448728.3424457332
 20
-1263.299614144992
 30
0.0000000000007228
 10
448728.7270758791
 20
-1262.734451226913
 30
0.0000000000007228
 10
448729.1062994748
 20
-1262.155811786747
 30
0.0000000000007228
 10
448729.5445319414
 20
-1261.484095284447
 30
0.0000000000007228
  0
SPLINE
  5
695
330
2C6
100
AcDbEntity
  8
70.002.220021
  6
Continuous
 62
     7
100
AcDbSpline
210
0.0
220
0.0
230
1.0
 70
     8
 71
     3
 72
    13
 73
     9
 74
     0
 42
0.000000001
 43
0.0000000001
 40
0.6355242507536869
 40
0.6355242507536869
 40
0.6355242507536869
 40
0.6355242507536869
 40
0.6380121990641741
 40
0.6683588722100592
 40
0.7187412410207093
 40
0.795359374553513
 40
0.8913267000721127
 40
1.0
 40
1.0
 40
1.0
 40
1.0
 10
448725.956084075
 20
-1265.902960276297
 30
0.0000000000007228
 10
448725.9560764367
 20
-1265.902958021289
 30
0.0000000000007228
 10
448725.9568075095
 20
-1265.900304721298
 30
0.0000000000007228
 10
448725.9873064573
 20
-1265.812779157096
 30
0.0000000000007228
 10
448726.1566687327
 20
-1265.437656878196
 30
0.0000000000007228
 10
448726.5876480035
 20
-1264.61755410619
 30
0.0000000000007228
 10
448727.405907783
 20
-1263.203907142576
 30
0.0000000000007228
 10
448728.0946111723
 20
-1262.111325084633
 30
0.0000000000007228
 10
448728.5226067352
 20
-1261.43527704743
 30
0.0000000000007228
  0
LINE
  5
696
330
2C6
100
AcDbEntity
  8
70.002.220021
  6
Continuous
 62
     7
100
AcDbLine
 10
448729.5445319414
 20
-1261.484095284447
 30
0.0000000000007228
 11
448734.9481059816
 21
-1253.080608106372
 31
0.0000000000007228
  0
SPLINE
  5
697
330
2C6
100
AcDbEntity
  8
70.002.220021
  6
Continuous
 62
     7
100
AcDbSpline
210
0.0
220
0.0
230
1.0
 70
     8
 71
     3
 72
     9
 73
     5
 74
     0
 42
0.000000001
 43
0.0000000001
 40
0.0
 40
0.0
 40
0.0
 40
0.0
 40
0.0992017293923523
 40
0.1298030582057634
 40
0.1298030582057634
 40
0.1298030582057634
 40
0.1298030582057634
 10
448734.9481059816
 20
-1253.080608106401
 30
0.0000000000007228
 10
448735.3668542528
 20
-1252.419943808688
 30
0.0000000000007228
 10
448735.8337075419
 20
-1251.678591890341
 30
0.0000000000007228
 10
448736.2676580135
 20
-1250.956059144687
 30
0.0000000000007228
 10
448736.367078406
 20
-1250.78839314609
 30
0.0000000000007228
  0
SPLINE
  5
698
330
2C6
100
AcDbEntity
  8
70.002.220021
  6
Continuous
 62
     7
100
AcDbSpline
210
0.0
220
0.0
230
1.0
 70
     8
 71
     3
 72
    20
 73
    16
 74
     0
 42
0.000000001
 43
0.0000000001
 40
0.3955321202744896
 40
0.3955321202744896
 40
0.3955321202744896
 40
0.3955321202744896
 40
0.4172935162019024
 40
0.4417249535090117
 40
0.468517901675818
 40
0.4962847670058047
 40
0.5231232590725668
 40
0.5452685407065737
 40
0.565489698553736
 40
0.5857032982543057
 40
0.6116692247589486
 40
0.6668479331489744
 40
0.7939787249924976
 40
0.8990233412524078
 40
1.0
 40
1.0
 40
1.0
 40
1.0
 10
448737.9446145537
 20
-1247.477451591717
 30
0.0000000000007228
 10
448737.9562214532
 20
-1247.374263674975
 30
0.0000000000007228
 10
448737.9697411796
 20
-1247.128743670219
 30
0.0000000000007228
 10
448737.8706508655
 20
-1246.657963270111
 30
0.0000000000007228
 10
448737.5832654236
 20
-1246.185240880696
 30
0.0000000000007228
 10
448737.1218150775
 20
-1245.833312003023
 30
0.0000000000007228
 10
448736.5991025273
 20
-1245.685710275641
 30
0.0000000000007228
 10
448736.1295488594
 20
-1245.710692696631
 30
0.0000000000007228
 10
448735.7622218997
 20
-1245.831385763428
 30
0.0000000000007228
 10
448735.4755614435
 20
-1245.996026273432
 30
0.0000000000007228
 10
448735.1803697814
 20
-1246.230977056294
 30
0.0000000000007228
 10
448734.7185349388
 20
-1246.709274931164
 30
0.0000000000007228
 10
448733.8910567479
 20
-1247.754202640914
 30
0.0000000000007228
 10
448732.6106184723
 20
-1249.563284175231
 30
0.0000000000007228
 10
448731.8410598042
 20
-1250.737517535011
 30
0.0000000000007228
 10
448731.4028273376
 20
-1251.409234037325
 30
0.0000000000007228
  0
SPLINE
  5
699
330
2C6
100
AcDbEntity
  8
70.002.220021
  6
Continuous
 62
     7
100
AcDbSpline
210
0.0
220
0.0
230
1.0
 70
     8
 71
     3
 72
    12
 73
     8
 74
     0
 42
0.000000001
 43
0.0000000001
 40
0.0
 40
0.0
 40
0.0
 40
0.0
 40
0.1021397064544645
 40
0.2088638046536556
 40
0.3008156588450405
 40
0.3597807306656129
 40
0.3891247667220681
 40
0.3891247667220681
 40
0.3891247667220681
 40
0.3891247667220681
 10
448733.9261807754
 20
-1253.031789869398
 30
0.0000000000007228
 10
448734.3405864018
 20
-1252.396511410488
 30
0.0000000000007228
 10
448735.070266952
 20
-1251.282683889957
 30
0.0000000000007228
 10
448736.1455735173
 20
-1249.760980684958
 30
0.0000000000007228
 10
448736.8452389389
 20
-1248.855695279629
 30
0.0000000000007228
 10
448737.1625522706
 20
-1248.496435051035
 30
0.0000000000007228
 10
448737.2287902378
 20
-1248.436948552052
 30
0.0000000000007228
 10
448737.2277326163
 20
-1248.437481001566
 30
0.0000000000007228
  0
LINE
  5
69A
330
2C6
100
AcDbEntity
  8
70.002.220021
  6
Continuous
 62
     7
100
AcDbLine
 10
448725.0344190953
 20
-1271.075832651179
 30
0.0000000000007228
 11
448717.3049245671
 21
-1277.388664471852
 31
0.0000000000007228
  0
LINE
  5
69B
330
2C6
100
AcDbEntity
  8
70.002.220021
  6
Continuous
 62
     7
100
AcDbLine
 10
448719.2026024482
 20
-1279.712200281771
 30
0.0000000000007228
 11
448726.9320969764
 21
-1273.399368461098
 31
0.0000000000007228
  0
ARC
  5
69C
330
2C6
100
AcDbEntity
  8
70.002.220021
  6
Continuous
 62
     7
100
AcDbCircle
 10
448714.4829888226
 20
-1273.895901355362
 30
0.0000000000007228
 40
4.490291252752647
100
AcDbArc
 50
236.3015092648357
 51
308.936058943956
  0
ARC
  5
69D
330
2C6
100
AcDbEntity
  8
70.002.220021
  6
Continuous
 62
     7
100
AcDbCircle
 10
448714.4829888226
 20
-1273.895901355362
 30
0.0000000000007228
 40
4.490291252752647
100
AcDbArc
 50
128.9880303631351
 51
191.2607550108801
  0
ARC
  5
69E
330
2C6
100
AcDbEntity
  8
70.002.220021
  6
Continuous
 62
     7
100
AcDbCircle
 10
448714.4834446866
 20
-1273.895526158428
 30
0.0000000000007228
 40
7.490270211101829
100
AcDbArc
 50
129.0931429728558
 51
191.519719350137
  0
ARC
  5
69F
330
2C6
100
AcDbEntity
  8
70.002.220021
  6
Continuous
 62
     7
100
AcDbCircle
 10
448714.4834446866
 20
-1273.895526158428
 30
0.0000000000007228
 40
7.490270211101829
100
AcDbArc
 50
213.2707512357275
 51
309.0529547111112
  0
LINE
  5
6A0
330
2C6
100
AcDbEntity
  8
70.002.220021
  6
Continuous
 62
     7
100
AcDbLine
 10
448717.4897026975
 20
-1261.769331744764
 30
0.0000000000007228
 11
448709.7602081694
 21
-1268.082163565436
 31
0.0000000000007228
  0
LINE
  5
6A1
330
2C6
100
AcDbEntity
  8
70.002.220021
  6
Continuous
 62
     7
100
AcDbLine
 10
448711.6578860504
 20
-1270.405699375356
 30
0.0000000000007228
 11
448719.3873805785
 21
-1264.092867554683
 31
0.0000000000007228
  0
ARC
  5
6A2
330
2C6
100
AcDbEntity
  8
70.002.220021
  6
Continuous
 62
     7
100
AcDbCircle
 10
448722.2093163231
 20
-1267.585630671173
 30
0.0000000000007228
 40
4.490291252752679
100
AcDbArc
 50
68.66311514431586
 51
128.9360589439559
  0
ARC
  5
6A3
330
2C6
100
AcDbEntity
  8
70.002.220021
  6
Continuous
 62
     7
100
AcDbCircle
 10
448722.2093163231
 20
-1267.585630671173
 30
0.0000000000007228
 40
4.490291252752679
100
AcDbArc
 50
308.9880303640903
 51
27.27693661321473
  0
ARC
  5
6A4
330
2C6
100
AcDbEntity
  8
70.002.220021
  6
Continuous
 62
     7
100
AcDbCircle
 10
448722.2088604591
 20
-1267.586005868093
 30
0.0000000000007228
 40
7.490270211101846
100
AcDbArc
 50
309.0931429722821
 51
41.48107239374524
  0
ARC
  5
6A5
330
2C6
100
AcDbEntity
  8
70.002.220021
  6
Continuous
 62
     7
100
AcDbCircle
 10
448722.2088604591
 20
-1267.586005868093
 30
0.0000000000007228
 40
7.490270211101846
100
AcDbArc
 50
65.04858584992176
 51
129.0529547116838
  0
ELLIPSE
  5
6A6
330
2C6
100
AcDbEntity
  8
70.002.220021
  6
Continuous
 62
     7
100
AcDbEllipse
 10
448696.0165337034
 20
-1278.896002955466
 30
0.0000000000007228
 11
0.2943884382804462
 21
-1.47082815019528
 31
0.0
210
0.0
220
0.0
230
1.0
 40
0.0827235536378073
 41
3.120888607720464
 42
3.141592653618372
  0
ELLIPSE
  5
6A7
330
2C6
100
AcDbEntity
  8
70.002.220021
  6
Continuous
 62
     7
100
AcDbEllipse
 10
448705.7884466058
 20
-1276.940140077867
 30
0.0000000000007228
 11
0.2943884382804462
 21
-1.47082815019528
 31
0.0
210
0.0
220
0.0
230
1.0
 40
0.0827235536378072
 41
3.120888607720464
 42
3.141592654096687
  0
LINE
  5
6A8
330
2C6
100
AcDbEntity
  8
70.002.220021
  6
Continuous
 62
     7
100
AcDbLine
 10
448705.4940581675
 20
-1275.469311927643
 30
0.0000000000007228
 11
448695.7221452651
 21
-1277.425174805271
 31
0.0000000000007228
  0
LINE
  5
6A9
330
2C6
100
AcDbEntity
  8
70.002.220021
  6
Continuous
 62
     7
100
AcDbLine
 10
448696.3109221417
 20
-1280.366831105661
 30
0.0000000000007228
 11
448706.0828350441
 21
-1278.410968228033
 31
0.0000000000007228
  0
SPLINE
  5
6AA
330
2C6
100
AcDbEntity
  8
70.002.220021
  6
Continuous
 62
     7
100
AcDbSpline
210
0.0
220
0.0
230
1.0
 70
     8
 71
     3
 72
    27
 73
    23
 74
     0
 42
0.000000001
 43
0.0000000001
 40
0.0
 40
0.0
 40
0.0
 40
0.0
 40
0.0952733288243567
 40
0.1977055370093246
 40
0.3016737349536082
 40
0.3579054042280783
 40
0.3751251602638738
 40
0.3867435460936018
 40
0.3987905307271248
 40
0.4164247987815766
 40
0.436545443470927
 40
0.4599042162633154
 40
0.4844546490724909
 40
0.5082478707296793
 40
0.5272777420853824
 40
0.5433986758526594
 40
0.5570529056657887
 40
0.5679419160767131
 40
0.5772662988972295
 40
0.5892321465223419
 40
0.6134781175114047
 40
0.7155521139257579
 40
0.7155521139257579
 40
0.7155521139257579
 40
0.7155521139257579
 10
448695.7221452651
 20
-1277.425174805256
 30
0.0000000000007228
 10
448694.9705169346
 20
-1277.577061129058
 30
0.0000000000007228
 10
448693.6362812799
 20
-1277.84762654821
 30
0.0000000000007228
 10
448691.7788906059
 20
-1278.244794550418
 30
0.0000000000007228
 10
448690.7280932884
 20
-1278.490990142463
 30
0.0000000000007228
 10
448690.3480865104
 20
-1278.592562202256
 30
0.0000000000007228
 10
448690.1376797907
 20
-1278.665036815852
 30
0.0000000000007228
 10
448689.9773825566
 20
-1278.734193257617
 30
0.0000000000007228
 10
448689.7514483163
 20
-1278.865175086271
 30
0.0000000000007228
 10
448689.4795405471
 20
-1279.107689566787
 30
0.0000000000007228
 10
448689.2365015296
 20
-1279.492671022956
 30
0.0000000000007228
 10
448689.1130560397
 20
-1279.99086283007
 30
0.0000000000007228
 10
448689.1746113676
 20
-1280.529926387368
 30
0.0000000000007228
 10
448689.4066192235
 20
-1280.983089279988
 30
0.0000000000007228
 10
448689.719814521
 20
-1281.292979422339
 30
0.0000000000007228
 10
448690.0320877555
 20
-1281.472680210479
 30
0.0000000000007228
 10
448690.3101286255
 20
-1281.560368315805
 30
0.0000000000007228
 10
448690.5217531306
 20
-1281.590086466466
 30
0.0000000000007228
 10
448690.670308182
 20
-1281.595576316708
 30
0.0000000000007228
 10
448690.8136991437
 20
-1281.591057997583
 30
0.0000000000007228
 10
448691.1182245557
 20
-1281.562920086851
 30
0.0000000000007228
 10
448691.5088675025
 20
-1281.503485691858
 30
0.0000000000007228
 10
448691.9321276008
 20
-1281.432132326773
 30
0.0000000000007228
  0
SPLINE
  5
6AB
330
2C6
100
AcDbEntity
  8
70.002.220021
  6
Continuous
 62
     7
100
AcDbSpline
210
0.0
220
0.0
230
1.0
 70
     8
 71
     3
 72
     9
 73
     5
 74
     0
 42
0.000000001
 43
0.0000000001
 40
0.8933290928125311
 40
0.8933290928125311
 40
0.8933290928125311
 40
0.8933290928125311
 40
0.9383700863000228
 40
1.0
 40
1.0
 40
1.0
 40
1.0
 10
448695.0367152934
 20
-1280.865622529084
 30
0.0000000000007228
 10
448695.3522711734
 20
-1280.805196289854
 30
0.0000000000007228
 10
448696.1093864564
 20
-1280.658686452786
 30
0.0000000000007228
 10
448696.8393360942
 20
-1280.513820964924
 30
0.0000000000007228
 10
448697.332847348
 20
-1280.41564934265
 30
0.0000000000007228
  0
SPLINE
  5
6AC
330
2C6
100
AcDbEntity
  8
70.002.220021
  6
Continuous
 62
     7
100
AcDbSpline
210
0.0
220
0.0
230
1.0
 70
     8
 71
     3
 72
    13
 73
     9
 74
     0
 42
0.000000001
 43
0.0000000001
 40
0.6426994552985889
 40
0.6426994552985889
 40
0.6426994552985889
 40
0.6426994552985889
 40
0.6609382164300533
 40
0.7033250950471121
 40
0.7773635265625099
 40
0.8718792774734371
 40
0.9726576230567625
 40
1.0
 40
1.0
 40
1.0
 40
1.0
 10
448691.1881736069
 20
-1281.476547883977
 30
0.0000000000007228
 10
448691.1879388709
 20
-1281.476655171508
 30
0.0000000000007228
 10
448691.2289161561
 20
-1281.463675322572
 30
0.0000000000007228
 10
448691.4898354015
 20
-1281.394169196669
 30
0.0000000000007228
 10
448692.2442558959
 20
-1281.216864370414
 30
0.0000000000007228
 10
448693.6805600281
 20
-1280.904189699512
 30
0.0000000000007228
 10
448695.2444824729
 20
-1280.581047279928
 30
0.0000000000007228
 10
448696.0977738269
 20
-1280.409608502968
 30
0.0000000000007228
 10
448696.3109221417
 20
-1280.366831105647
 30
0.0000000000007228
  0
LINE
  5
6AD
330
2C6
100
AcDbEntity
  8
70.002.220021
  6
Continuous
 62
     7
100
AcDbLine
 10
448697.332847348
 20
-1280.415649342664
 30
0.0000000000007228
 11
448707.1047602504
 21
-1278.459786465021
 31
0.0000000000007228
  0
SPLINE
  5
6AE
330
2C6
100
AcDbEntity
  8
70.002.220021
  6
Continuous
 62
     7
100
AcDbSpline
210
0.0
220
0.0
230
1.0
 70
     8
 71
     3
 72
     8
 73
     4
 74
     0
 42
0.000000001
 43
0.0000000001
 40
0.0
 40
0.0
 40
0.0
 40
0.0
 40
0.0587904490318865
 40
0.0587904490318865
 40
0.0587904490318865
 40
0.0587904490318865
 10
448707.1047602504
 20
-1278.459786465065
 30
0.0000000000007228
 10
448707.5685686174
 20
-1278.366061754402
 30
0.0000000000007228
 10
448707.9909991841
 20
-1278.280524580602
 30
0.0000000000007228
 10
448708.3912024639
 20
-1278.19868338528
 30
0.0000000000007228
  0
SPLINE
  5
6AF
330
2C6
100
AcDbEntity
  8
70.002.220021
  6
Continuous
 62
     7
100
AcDbSpline
210
0.0
220
0.0
230
1.0
 70
     8
 71
     3
 72
    28
 73
    24
 74
     0
 42
0.000000001
 43
0.0000000001
 40
0.2524912202589294
 40
0.2524912202589294
 40
0.2524912202589294
 40
0.2524912202589294
 40
0.3016737349532393
 40
0.3579054042276033
 40
0.3751251602637533
 40
0.3867435460934491
 40
0.3987905307269571
 40
0.4164247987813751
 40
0.4365454434706968
 40
0.4599042162630563
 40
0.4844546490722017
 40
0.5082478707293708
 40
0.5272777420850547
 40
0.5433986758523194
 40
0.5570529056654385
 40
0.5679419160763479
 40
0.5772662988968533
 40
0.5892321465219448
 40
0.6134781175109456
 40
0.7349792719012461
 40
0.8346337132228439
 40
0.9383700862987444
 40
1.0
 40
1.0
 40
1.0
 40
1.0
 10
448711.6691583728
 20
-1277.49324026757
 30
0.0000000000007228
 10
448711.8614133244
 20
-1277.448268177083
 30
0.0000000000007228
 10
448712.2161551151
 20
-1277.362606532487
 30
0.0000000000007228
 10
448712.478819005
 20
-1277.292399068066
 30
0.0000000000007228
 10
448712.6892257248
 20
-1277.219924454469
 30
0.0000000000007228
 10
448712.8495229589
 20
-1277.150768012704
 30
0.0000000000007228
 10
448713.0754571992
 20
-1277.01978618405
 30
0.0000000000007228
 10
448713.3473649683
 20
-1276.777271703534
 30
0.0000000000007228
 10
448713.5904039859
 20
-1276.392290247365
 30
0.0000000000007228
 10
448713.7138494759
 20
-1275.894098440251
 30
0.0000000000007228
 10
448713.6522941479
 20
-1275.355034882938
 30
0.0000000000007228
 10
448713.420286292
 20
-1274.901871990333
 30
0.0000000000007228
 10
448713.1070909945
 20
-1274.591981847982
 30
0.0000000000007228
 10
448712.79481776
 20
-1274.412281059843
 30
0.0000000000007228
 10
448712.51677689
 20
-1274.324592954516
 30
0.0000000000007228
 10
448712.3051523848
 20
-1274.294874803855
 30
0.0000000000007228
 10
448712.1565973335
 20
-1274.289384953598
 30
0.0000000000007228
 10
448712.0132063719
 20
-1274.293903272738
 30
0.0000000000007228
 10
448711.6658995416
 20
-1274.325994153166
 30
0.0000000000007228
 10
448710.8733956946
 20
-1274.451535258712
 30
0.0000000000007228
 10
448709.0373399373
 20
-1274.780315650548
 30
0.0000000000007228
 10
448707.1191718828
 20
-1275.146562972725
 30
0.0000000000007228
 10
448705.9875694212
 20
-1275.371140305383
 30
0.0000000000007228
 10
448705.4940581675
 20
-1275.469311927672
 30
0.0000000000007228
  0
SPLINE
  5
6B0
330
2C6
100
AcDbEntity
  8
70.002.220021
  6
Continuous
 62
     7
100
AcDbSpline
210
0.0
220
0.0
230
1.0
 70
     8
 71
     3
 72
    12
 73
     8
 74
     0
 42
0.000000001
 43
0.0000000001
 40
0.0
 40
0.0
 40
0.0
 40
0.0
 40
0.0962557235568833
 40
0.1984178231102962
 40
0.300281946660369
 40
0.3718078818103792
 40
0.4019937031868081
 40
0.4019937031868081
 40
0.4019937031868081
 40
0.4019937031868081
 10
448706.0828350441
 20
-1278.410968228062
 30
0.0000000000007228
 10
448706.8379672892
 20
-1278.261263911839
 30
0.0000000000007228
 10
448708.1758599395
 20
-1277.996845368959
 30
0.0000000000007228
 10
448710.1867279754
 20
-1277.619370317226
 30
0.0000000000007228
 10
448711.5263349983
 20
-1277.385918229011
 30
0.0000000000007228
 10
448712.096351989
 20
-1277.299241076435
 30
0.0000000000007228
 10
448712.2136809491
 20
-1277.289239024213
 30
0.0000000000007228
 10
448712.2113168417
 20
-1277.28908624057
 30
0.0000000000007228
  0
LINE
  5
6B1
330
2C6
100
AcDbEntity
  8
70.002.220021
  6
Continuous
 62
     7
100
AcDbLine
 10
448687.8991595363
 20
-1284.73746065431
 30
0.0000000000007228
 11
448677.9476338385
 21
-1285.234562405626
 31
0.0000000000007228
  0
LINE
  5
6B2
330
2C6
100
AcDbEntity
  8
70.002.220021
  6
Continuous
 62
     7
100
AcDbLine
 10
448678.09730417
 20
-1288.230826544831
 30
0.0000000000007228
 11
448688.0488298679
 21
-1287.7337247935
 31
0.0000000000007228
  0
ARC
  5
6B3
330
2C6
100
AcDbEntity
  8
70.002.220021
  6
Continuous
 62
     7
100
AcDbCircle
 10
448677.7482518337
 20
-1280.739138430036
 30
0.0000000000007228
 40
4.499843319967127
100
AcDbArc
 50
201.1852471433164
 51
272.5395303423552
  0
ARC
  5
6B4
330
2C6
100
AcDbEntity
  8
70.002.220021
  6
Continuous
 62
     7
100
AcDbCircle
 10
448677.7482518337
 20
-1280.739138430036
 30
0.0000000000007228
 40
4.499843319967127
100
AcDbArc
 50
93.07206401719387
 51
161.5629994372621
  0
ARC
  5
6B5
330
2C6
100
AcDbEntity
  8
70.002.220021
  6
Continuous
 62
     7
100
AcDbCircle
 10
448677.7483440715
 20
-1280.739125998495
 30
0.0000000000007228
 40
7.499823346350885
100
AcDbArc
 50
92.98781727653626
 51
167.8981272625483
  0
ARC
  5
6B6
330
2C6
100
AcDbEntity
  8
70.002.220021
  6
Continuous
 62
     7
100
AcDbCircle
 10
448677.7483440715
 20
-1280.739125998495
 30
0.0000000000007228
 40
7.499823346350885
100
AcDbArc
 50
191.3928429981243
 51
272.6668844475134
  0
LINE
  5
6B7
330
2C6
100
AcDbEntity
  8
70.002.220021
  6
Continuous
 62
     7
100
AcDbLine
 10
448687.3089518436
 20
-1272.7523958584
 30
0.0000000000007228
 11
448677.3574261456
 21
-1273.24949760973
 31
0.0000000000007228
  0
LINE
  5
6B8
330
2C6
100
AcDbEntity
  8
70.002.220021
  6
Continuous
 62
     7
100
AcDbLine
 10
448677.5070964772
 20
-1276.245761748935
 30
0.0000000000007228
 11
448687.4586221752
 21
-1275.748659997604
 31
0.0000000000007228
  0
ARC
  5
6B9
330
2C6
100
AcDbEntity
  8
70.002.220021
  6
Continuous
 62
     7
100
AcDbCircle
 10
448687.6580041799
 20
-1280.24408397318
 30
0.0000000000007228
 40
4.499843319967085
100
AcDbArc
 50
24.18418606571295
 51
92.53953034161332
  0
ARC
  5
6BA
330
2C6
100
AcDbEntity
  8
70.002.220021
  6
Continuous
 62
     7
100
AcDbCircle
 10
448687.6580041799
 20
-1280.24408397318
 30
0.0000000000007228
 40
4.499843319967085
100
AcDbArc
 50
273.0720640171938
 51
346.7533599236681
  0
ARC
  5
6BB
330
2C6
100
AcDbEntity
  8
70.002.220021
  6
Continuous
 62
     7
100
AcDbCircle
 10
448687.6579119421
 20
-1280.244096404721
 30
0.0000000000007228
 40
7.499823346350804
100
AcDbArc
 50
272.9878172765363
 51
357.2043429895542
  0
ARC
  5
6BC
330
2C6
100
AcDbEntity
  8
70.002.220021
  6
Continuous
 62
     7
100
AcDbCircle
 10
448687.6579119421
 20
-1280.244096404721
 30
0.0000000000007228
 40
7.499823346350804
100
AcDbArc
 50
20.75992349954441
 51
92.66688444751341
  0
LINE
  5
6BD
330
2C6
100
AcDbEntity
  8
70.002.220021
  6
Continuous
 62
     7
100
AcDbLine
 10
448668.3282464816
 20
-1279.091053125035
 30
0.0000000000007228
 11
448658.3752368576
 21
-1278.632014542506
 31
0.0000000000007228
  0
LINE
  5
6BE
330
2C6
100
AcDbEntity
  8
70.002.220021
  6
Continuous
 62
     7
100
AcDbLine
 10
448658.2370220367
 20
-1281.62882896173
 30
0.0000000000007228
 11
448668.1900316606
 21
-1282.087867544259
 31
0.0000000000007228
  0
SPLINE
  5
6BF
330
2C6
100
AcDbEntity
  8
70.002.220021
  6
Continuous
 62
     7
100
AcDbSpline
210
0.0
220
0.0
230
1.0
 70
     8
 71
     3
 72
    42
 73
    38
 74
     0
 42
0.000000001
 43
0.0000000001
 40
0.0
 40
0.0
 40
0.0
 40
0.0
 40
0.0904446349355402
 40
0.1870002427396472
 40
0.2838474422704008
 40
0.3325180613137726
 40
0.356533373976872
 40
0.3688542302354049
 40
0.3772276237917549
 40
0.3782897163474005
 40
0.3790957765212921
 40
0.3801670233564809
 40
0.3837452093453494
 40
0.3889297716143912
 40
0.3976447253255633
 40
0.4176786624983843
 40
0.4370096500818489
 40
0.4588437647947359
 40
0.4820416371162992
 40
0.5051532859649229
 40
0.5234509946419484
 40
0.5387959444071165
 40
0.5517070872369536
 40
0.5621944025230487
 40
0.57010296657116
 40
0.575271727960518
 40
0.5770232822929497
 40
0.5778741336883792
 40
0.5785303360666453
 40
0.5794535339189605
 40
0.581256861278499
 40
0.586579414052225
 40
0.624956331961416
 40
0.7176031638280547
 40
0.8144731420431057
 40
0.9113417515021223
 40
1.0
 40
1.0
 40
1.0
 40
1.0
 10
448658.3752368576
 20
-1278.632014542491
 30
0.0000000000007228
 10
448657.6137578167
 20
-1278.596904289946
 30
0.0000000000007228
 10
448656.2673779574
 20
-1278.534828482495
 30
0.0000000000007228
 10
448654.401437388
 20
-1278.448951227831
 30
0.0000000000007228
 10
448653.3810606466
 20
-1278.402071556608
 30
0.0000000000007228
 10
448653.0105230258
 20
-1278.385217420619
 30
0.0000000000007228
 10
448652.9230901392
 20
-1278.381191238201
 30
0.0000000000007228
 10
448652.8902763802
 20
-1278.379856694687
 30
0.0000000000007228
 10
448652.8931006559
 20
-1278.379819533359
 30
0.0000000000007228
 10
448652.8684737854
 20
-1278.378989433529
 30
0.0000000000007228
 10
448652.8539696055
 20
-1278.3786053304
 30
0.0000000000007228
 10
448652.8146807536
 20
-1278.378020504919
 30
0.0000000000007228
 10
448652.7370056736
 20
-1278.379610324112
 30
0.0000000000007228
 10
448652.6021835575
 20
-1278.39176875377
 30
0.0000000000007228
 10
448652.3422280842
 20
-1278.443583988825
 30
0.0000000000007228
 10
448651.9949988194
 20
-1278.59938824198
 30
0.0000000000007228
 10
448651.6347852792
 20
-1278.921278134957
 30
0.0000000000007228
 10
448651.3809461029
 20
-1279.36435076096
 30
0.0000000000007228
 10
448651.2903798248
 20
-1279.89859413579
 30
0.0000000000007228
 10
448651.3898858258
 20
-1280.402848514387
 30
0.0000000000007228
 10
448651.6116396964
 20
-1280.791447671793
 30
0.0000000000007228
 10
448651.868930048
 20
-1281.051211251056
 30
0.0000000000007228
 10
448652.1244500608
 20
-1281.214920516468
 30
0.0000000000007228
 10
448652.3508169534
 20
-1281.307387668298
 30
0.0000000000007228
 10
448652.5293928192
 20
-1281.351869845072
 30
0.0000000000007228
 10
448652.6431328435
 20
-1281.368265706966
 30
0.0000000000007228
 10
448652.7034196934
 20
-1281.373601903274
 30
0.0000000000007228
 10
448652.7232556587
 20
-1281.374993602462
 30
0.0000000000007228
 10
448652.7325769251
 20
-1281.375583035225
 30
0.0000000000007228
 10
448652.7401778833
 20
-1281.376026856183
 30
0.0000000000007228
 10
448652.7485028352
 20
-1281.376473336867
 30
0.0000000000007228
 10
448652.7670520721
 20
-1281.377394005766
 30
0.0000000000007228
 10
448652.8836235953
 20
-1281.382914139286
 30
0.0000000000007228
 10
448653.5452738317
 20
-1281.413679592203
 30
0.0000000000007228
 10
448655.0704263435
 20
-1281.484271389193
 30
0.0000000000007228
 10
448657.139137941
 20
-1281.579849540395
 30
0.0000000000007228
 10
448658.5010975945
 20
-1281.642685506908
 30
0.0000000000007228
 10
448659.2589472429
 20
-1281.677647198719
 30
0.0000000000007228
  0
SPLINE
  5
6C0
330
2C6
100
AcDbEntity
  8
70.002.220021
  6
Continuous
 62
     7
100
AcDbSpline
210
0.0
220
0.0
230
1.0
 70
     8
 71
     3
 72
    13
 73
     9
 74
     0
 42
0.000000001
 43
0.0000000001
 40
0.6281985075115023
 40
0.6281985075115023
 40
0.6281985075115023
 40
0.6281985075115023
 40
0.6293167926225635
 40
0.6485312188955974
 40
0.721388057273656
 40
0.8164337134081756
 40
0.9131854093741438
 40
1.0
 40
1.0
 40
1.0
 40
1.0
 10
448652.7638809951
 20
-1281.377135733558
 30
0.0000000000007228
 10
448652.7639066721
 20
-1281.377136623102
 30
0.0000000000007228
 10
448652.7654926819
 20
-1281.377198412309
 30
0.0000000000007228
 10
448652.8185476196
 20
-1281.379544327771
 30
0.0000000000007228
 10
448653.1883064661
 20
-1281.39640386028
 30
0.0000000000007228
 10
448654.3348898332
 20
-1281.449053072204
 30
0.0000000000007228
 10
448656.1850346694
 20
-1281.534220004186
 30
0.0000000000007228
 10
448657.5059376079
 20
-1281.595119762126
 30
0.0000000000007228
 10
448658.2370220367
 20
-1281.628828961716
 30
0.0000000000007228
  0
SPLINE
  5
6C1
330
2C6
100
AcDbEntity
  8
70.002.220021
  6
Continuous
 62
     7
100
AcDbSpline
210
0.0
220
0.0
230
1.0
 70
     8
 71
     3
 72
     8
 73
     4
 74
     0
 42
0.000000001
 43
0.0000000001
 40
0.0
 40
0.0
 40
0.0
 40
0.0
 40
0.0569419760361717
 40
0.0569419760361717
 40
0.0569419760361717
 40
0.0569419760361717
 10
448669.2119568668
 20
-1282.136685781276
 30
0.0000000000007228
 10
448669.6913675176
 20
-1282.158790433045
 30
0.0000000000007228
 10
448670.1270633462
 20
-1282.178878901403
 30
0.0000000000007228
 10
448670.539731184
 20
-1282.197899501269
 30
0.0000000000007228
  0
SPLINE
  5
6C2
330
2C6
100
AcDbEntity
  8
70.002.220021
  6
Continuous
 62
     7
100
AcDbSpline
210
0.0
220
0.0
230
1.0
 70
     8
 71
     3
 72
    40
 73
    36
 74
     0
 42
0.000000001
 43
0.0000000001
 40
0.2309223502612959
 40
0.2309223502612959
 40
0.2309223502612959
 40
0.2309223502612959
 40
0.2838474422700127
 40
0.3325180613133186
 40
0.3565333739763796
 40
0.3688542302348869
 40
0.3772276237910006
 40
0.3782897163470161
 40
0.3790957765208935
 40
0.3801670233559057
 40
0.3837452093431908
 40
0.3889297716063659
 40
0.3976447253170858
 40
0.4176786625081088
 40
0.4370096500891675
 40
0.458843764803097
 40
0.4820416371247381
 40
0.5051532859712906
 40
0.5234509946470806
 40
0.5387959444112966
 40
0.5517070872403293
 40
0.5621944025255605
 40
0.5701029665727619
 40
0.5752717279611736
 40
0.5770232822926927
 40
0.5778741336879153
 40
0.5785303360661986
 40
0.5794535339186285
 40
0.5812568612785317
 40
0.5865794140540402
 40
0.6249563319920127
 40
0.7176031638572171
 40
0.8144731420717706
 40
0.911341751530627
 40
1.0
 40
1.0
 40
1.0
 40
1.0
 10
448673.7090727641
 20
-1282.343781896991
 30
0.0000000000007228
 10
448673.9361243343
 20
-1282.354210355676
 30
0.0000000000007228
 10
448674.3021307928
 20
-1282.370995283411
 30
0.0000000000007228
 10
448674.5766706986
 20
-1282.383482903163
 30
0.0000000000007228
 10
448674.6641035852
 20
-1282.387509085581
 30
0.0000000000007228
 10
448674.6969173443
 20
-1282.388843629081
 30
0.0000000000007228
 10
448674.6940930685
 20
-1282.388880790423
 30
0.0000000000007228
 10
448674.718719939
 20
-1282.389710890239
 30
0.0000000000007228
 10
448674.7332241188
 20
-1282.390094993367
 30
0.0000000000007228
 10
448674.7725129708
 20
-1282.390679818863
 30
0.0000000000007228
 10
448674.8501880508
 20
-1282.38908999967
 30
0.0000000000007228
 10
448674.9850101667
 20
-1282.376931570013
 30
0.0000000000007228
 10
448675.2449656402
 20
-1282.325116334986
 30
0.0000000000007228
 10
448675.592194905
 20
-1282.169312081773
 30
0.0000000000007228
 10
448675.9524084453
 20
-1281.847422188665
 30
0.0000000000007228
 10
448676.2062476216
 20
-1281.404349562618
 30
0.0000000000007228
 10
448676.2968138995
 20
-1280.870106187788
 30
0.0000000000007228
 10
448676.1973078984
 20
-1280.365851809235
 30
0.0000000000007228
 10
448675.9755540279
 20
-1279.977252651873
 30
0.0000000000007228
 10
448675.7182636764
 20
-1279.717489072654
 30
0.0000000000007228
 10
448675.4627436635
 20
-1279.55377980727
 30
0.0000000000007228
 10
448675.2363767709
 20
-1279.461312655455
 30
0.0000000000007228
 10
448675.0578009052
 20
-1279.416830478695
 30
0.0000000000007228
 10
448674.9440608809
 20
-1279.400434616801
 30
0.0000000000007228
 10
448674.8837740309
 20
-1279.395098420508
 30
0.0000000000007228
 10
448674.8639380658
 20
-1279.393706721305
 30
0.0000000000007228
 10
448674.8546167993
 20
-1279.393117288558
 30
0.0000000000007228
 10
448674.8470158411
 20
-1279.392673467599
 30
0.0000000000007228
 10
448674.8386908892
 20
-1279.392226986915
 30
0.0000000000007228
 10
448674.8201416522
 20
-1279.391306318001
 30
0.0000000000007228
 10
448674.7035701291
 20
-1279.385786184481
 30
0.0000000000007228
 10
448674.0419198922
 20
-1279.35502073155
 30
0.0000000000007228
 10
448672.5167673802
 20
-1279.28442893456
 30
0.0000000000007228
 10
448670.4480557828
 20
-1279.188850783358
 30
0.0000000000007228
 10
448669.0860961297
 20
-1279.126014816859
 30
0.0000000000007228
 10
448668.3282464815
 20
-1279.091053125064
 30
0.0000000000007228
  0
SPLINE
  5
6C3
330
2C6
100
AcDbEntity
  8
70.002.220021
  6
Continuous
 62
     7
100
AcDbSpline
210
0.0
220
0.0
230
1.0
 70
     8
 71
     3
 72
    13
 73
     9
 74
     0
 42
0.000000001
 43
0.0000000001
 40
0.0
 40
0.0
 40
0.0
 40
0.0
 40
0.090473912584426
 40
0.187052317575869
 40
0.283910762022065
 40
0.3807615729771903
 40
0.4050411395848489
 40
0.4152859464419678
 40
0.4152859464419678
 40
0.4152859464419678
 40
0.4152859464419678
 10
448668.1900316606
 20
-1282.087867544288
 30
0.0000000000007228
 10
448668.9630922804
 20
-1282.123531151367
 30
0.0000000000007228
 10
448670.3364308968
 20
-1282.186892498147
 30
0.0000000000007228
 10
448672.4077037872
 20
-1282.282591487944
 30
0.0000000000007228
 10
448673.9440134505
 20
-1282.35370187874
 30
0.0000000000007228
 10
448674.5534641728
 20
-1282.382051295609
 30
0.0000000000007228
 10
448674.6723734461
 20
-1282.387672435355
 30
0.0000000000007228
 10
448674.6851643423
 20
-1282.388300465282
 30
0.0000000000007228
 10
448674.6850050322
 20
-1282.388292967539
 30
0.0000000000007228
  0
SPLINE
  5
6C4
330
2C6
100
AcDbEntity
  8
70.002.220021
  6
Continuous
 62
     7
100
AcDbSpline
210
0.0
220
0.0
230
1.0
 70
     8
 71
     3
 72
    10
 73
     6
 74
     0
 42
0.000000001
 43
0.0000000001
 40
0.6281985075121427
 40
0.6281985075121427
 40
0.6281985075121427
 40
0.6281985075121427
 40
0.6293167926150913
 40
0.6485312188575712
 40
0.6849736041617272
 40
0.6849736041617272
 40
0.6849736041617272
 40
0.6849736041617272
 10
448674.8233127292
 20
-1279.391564590224
 30
0.0000000000007228
 10
448674.8232870523
 20
-1279.39156370068
 30
0.0000000000007228
 10
448674.8217010425
 20
-1279.391501911473
 30
0.0000000000007228
 10
448674.7893776842
 20
-1279.3900726785
 30
0.0000000000007228
 10
448674.7103613659
 20
-1279.386487134333
 30
0.0000000000007228
 10
448674.6391598193
 20
-1279.383240759192
 30
0.0000000000007228
  0
LINE
  5
6C5
330
2C6
100
AcDbEntity
  8
70.002.220022
  6
Continuous
 62
     7
100
AcDbLine
 10
448741.0850868993
 20
-1168.643930640618
 30
0.0000000000007228
 11
448744.0816696656
 21
-1168.787079950133
 31
0.0000000000007228
  0
ELLIPSE
  5
6C6
330
2C6
100
AcDbEntity
  8
70.002.220022
  6
Continuous
 62
     7
100
AcDbEllipse
 10
448741.3230460936
 20
-1216.10529073154
 30
0.0000000000007228
 11
1.494526826914865
 21
0.1280217310916099
 31
0.0
210
0.0
220
0.0
230
1.0
 40
0.8405956987210927
 41
6.125128433660773
 42
6.283185307179586
  0
ELLIPSE
  5
6C7
330
2C6
100
AcDbEntity
  8
70.002.220022
  6
Continuous
 62
     7
100
AcDbEllipse
 10
448741.0007531104
 20
-1212.34283958059
 30
0.0000000000007228
 11
1.494526826914865
 21
0.1280217310916099
 31
0.0
210
0.0
220
0.0
230
1.0
 40
0.8405956987210927
 41
6.125128433672259
 42
6.283185307179586
  0
ELLIPSE
  5
6C8
330
2C6
100
AcDbEntity
  8
70.002.220022
  6
Continuous
 62
     7
100
AcDbEllipse
 10
448741.8537127691
 20
-1190.716089759816
 30
0.0000000000007228
 11
-1.499937941010331
 21
0.0136445270175756
 31
0.0
210
0.0
220
0.0
230
1.0
 40
0.4114483324480311
 41
3.047913393318047
 42
3.14159265356624
  0
ELLIPSE
  5
6C9
330
2C6
100
AcDbEntity
  8
70.002.220022
  6
Continuous
 62
     7
100
AcDbEllipse
 10
448742.0587142906
 20
-1186.657575869635
 30
0.0000000000007228
 11
1.49349596797244
 21
-0.1395342024375082
 31
0.0
210
0.0
220
0.0
230
0.9999999999999998
 40
0.4687422802973719
 41
0.0
 42
0.0966682872799655
  0
ELLIPSE
  5
6CA
330
2C6
100
AcDbEntity
  8
70.002.220022
  6
Continuous
 62
     7
100
AcDbEllipse
 10
448742.7191983535
 20
-1179.588124310577
 30
0.0000000000007228
 11
1.49349596797244
 21
-0.1395342024375082
 31
0.0
210
0.0
220
0.0
230
0.9999999999999998
 40
0.4687422802973719
 41
0.0
 42
0.9927056880418694
  0
LINE
  5
6CB
330
2C6
100
AcDbEntity
  8
70.002.220022
  6
Continuous
 62
     7
100
AcDbLine
 10
448741.0850868993
 20
-1168.643930640618
 30
0.0000000000007228
 11
448738.720835431
 21
-1218.135438699371
 31
0.0000000000007228
  0
LINE
  5
6CC
330
2C6
100
AcDbEntity
  8
70.002.220022
  6
Continuous
 62
     7
100
AcDbLine
 10
448741.7174181973
 20
-1218.278588008886
 30
0.0000000000007228
 11
448744.0816696656
 21
-1168.787079950133
 31
0.0000000000007228
  0
SPLINE
  5
6CD
330
2C6
100
AcDbEntity
  8
70.002.220022
  6
Continuous
 62
     7
100
AcDbSpline
210
0.0
220
0.0
230
1.0
 70
     8
 71
     3
 72
    10
 73
     6
 74
     0
 42
0.000000001
 43
0.0000000001
 40
0.8893034761591007
 40
0.8893034761591007
 40
0.8893034761591007
 40
0.8893034761591007
 40
0.891769247921896
 40
0.9801736363789784
 40
1.0
 40
1.0
 40
1.0
 40
1.0
 10
448742.9121058607
 20
-1218.792960606756
 30
0.0000000000007228
 10
448742.9120862275
 20
-1218.76784502624
 30
0.0000000000007228
 10
448742.9107858306
 20
-1217.84457157003
 30
0.0000000000007228
 10
448742.8832408351
 20
-1216.825028282511
 30
0.0000000000007228
 10
448742.829311267
 20
-1216.125189985826
 30
0.0000000000007228
 10
448742.8175729205
 20
-1215.977269000455
 30
0.0000000000007228
  0
LINE
  5
6CE
330
2C6
100
AcDbEntity
  8
70.002.220022
  6
Continuous
 62
     7
100
AcDbLine
 10
448742.8175729205
 20
-1215.977269000455
 30
0.0000000000007228
 11
448742.4952799373
 21
-1212.214817849491
 31
0.0000000000007228
  0
ARC
  5
6CF
330
2C6
100
AcDbEntity
  8
70.002.220022
  6
Continuous
 62
     7
100
AcDbCircle
 10
448781.2745384423
 20
-1210.368539360404
 30
0.0000000000007228
 40
38.82318423901735
100
AcDbArc
 50
174.8045040828461
 51
182.7257908155782
  0
LINE
  5
6D0
330
2C6
100
AcDbEntity
  8
70.002.220022
  6
Continuous
 62
     7
100
AcDbLine
 10
448742.610858469
 20
-1206.852933383904
 30
0.0000000000007228
 11
448743.223860259
 21
-1199.426941357983
 31
0.0000000000007228
  0
ARC
  5
6D1
330
2C6
100
AcDbEntity
  8
70.002.220022
  6
Continuous
 62
     7
100
AcDbCircle
 10
448723.7706808643
 20
-1197.844017088596
 30
0.0000000000007228
 40
19.51747519037013
100
AcDbArc
 50
355.3480354637003
 51
359.3790912937403
  0
LINE
  5
6D2
330
2C6
100
AcDbEntity
  8
70.002.220022
  6
Continuous
 62
     7
100
AcDbLine
 10
448743.2870100151
 20
-1198.05552190057
 30
0.0000000000007228
 11
448743.3536507102
 21
-1190.729734286834
 31
0.0000000000007228
  0
ARC
  5
6D3
330
2C6
100
AcDbEntity
  8
70.002.220022
  6
Continuous
 62
     7
100
AcDbCircle
 10
448792.6376636892
 20
-1191.246776264576
 30
0.0000000000007228
 40
49.28672506594861
100
AcDbArc
 50
174.820213716387
 51
179.398928078413
  0
LINE
  5
6D4
330
2C6
100
AcDbEntity
  8
70.002.220022
  6
Continuous
 62
     7
100
AcDbLine
 10
448743.5522102585
 20
-1186.797110072069
 30
0.0000000000007228
 11
448744.2126943214
 21
-1179.72765851301
 31
0.0000000000007228
  0
LINE
  5
6D5
330
2C6
100
AcDbEntity
  8
70.002.220021
  6
Continuous
 62
     7
100
AcDbLine
 10
448733.2130676311
 20
-1237.976145758083
 30
0.0000000000007228
 11
448732.9671656893
 21
-1239.02564881686
 31
0.0000000000007228
  0
LINE
  5
6D6
330
2C6
100
AcDbEntity
  8
70.002.220021
  6
Continuous
 62
     7
100
AcDbLine
 10
448735.7231169407
 20
-1240.414001804028
 30
0.0000000000007228
 11
448735.9526899473
 21
-1239.434190213659
 31
0.0000000000007228
  0
SPLINE
  5
6D7
330
2C6
100
AcDbEntity
  8
70.002.220021
  6
Continuous
 62
     7
100
AcDbSpline
210
0.0
220
0.0
230
1.0
 70
     8
 71
     3
 72
     9
 73
     5
 74
     0
 42
0.000000001
 43
0.0000000001
 40
0.0759940743135774
 40
0.0759940743135774
 40
0.0759940743135774
 40
0.0759940743135774
 40
0.1128124000589052
 40
0.1330547703194076
 40
0.1330547703194076
 40
0.1330547703194076
 40
0.1330547703194076
 10
448748.4189315554
 20
-1237.18161830464
 30
0.0000000000007228
 10
448748.4225517214
 20
-1236.910339077972
 30
0.0000000000007228
 10
448748.4055820572
 20
-1236.493509152272
 30
0.0000000000007228
 10
448748.3416307454
 20
-1236.069188484028
 30
0.0000000000007228
 10
448748.3133381925
 20
-1235.918317328346
 30
0.0000000000007228
  0
LINE
  5
6D8
330
2C6
100
AcDbEntity
  8
70.002.220022
  6
Continuous
 62
     7
100
AcDbLine
 10
448743.5494231044
 20
-1218.787703619405
 30
0.0000000000007228
 11
448743.5481256539
 21
-1217.725873293567
 31
0.0000000000007228
  0
LINE
  5
6D9
330
2C6
100
AcDbEntity
  8
70.002.220022
  6
Continuous
 62
     7
100
AcDbLine
 10
448743.549418342
 20
-1218.787701796967
 30
0.0000000000007228
 11
448743.5492271425
 21
-1218.631239679199
 31
0.0000000000007228
  0
LINE
  5
6DA
330
2C6
100
AcDbEntity
  8
70.002.220022
  6
Continuous
 62
     7
100
AcDbLine
 10
448743.5492271436
 20
-1218.631240637792
 30
0.0000000000007228
 11
448743.5481214519
 21
-1217.725871870652
 31
0.0000000000007228
  0
LINE
  5
6DB
330
2C6
100
AcDbEntity
  8
500289
  6
Continuous
 62
     7
100
AcDbLine
 10
448669.8196767045
 20
-1119.895112909937
 30
0.0000000000007228
 11
448669.9830230789
 21
-1119.840688086618
 31
0.0000000000007228
  0
LINE
  5
6DC
330
2C6
100
AcDbEntity
  8
500289
  6
Continuous
 62
     7
100
AcDbLine
 10
448695.0160232622
 20
-1111.500027831143
 30
0.0000000000007228
 11
448695.0505631698
 21
-1111.331353309674
 31
0.0000000000007228
  0
LINE
  5
6DD
330
2C6
100
AcDbEntity
  8
500289
  6
Continuous
 62
     7
100
AcDbLine
 10
448700.3438395958
 20
-1085.481809090263
 30
0.0000000000007228
 11
448700.2150331291
 21
-1085.36755939213
 31
0.0000000000007228
  0
LINE
  5
6DE
330
2C6
100
AcDbEntity
  8
500289
  6
Continuous
 62
     7
100
AcDbLine
 10
448680.4753093719
 20
-1067.858675428179
 30
0.0000000000007228
 11
448680.3119629975
 21
-1067.913100251514
 31
0.0000000000007228
  0
LINE
  5
6DF
330
2C6
100
AcDbEntity
  8
500289
  6
Continuous
 62
     7
100
AcDbLine
 10
448655.2789628142
 20
-1076.253760506989
 30
0.0000000000007228
 11
448655.2444229066
 21
-1076.422435028457
 31
0.0000000000007228
  0
LINE
  5
6E0
330
2C6
100
AcDbEntity
  8
500289
  6
Continuous
 62
     7
100
AcDbLine
 10
448649.9511464805
 20
-1102.271979247868
 30
0.0000000000007228
 11
448650.0799529473
 21
-1102.386228946002
 31
0.0000000000007228
  0
LINE
  5
6E1
330
2C6
100
AcDbEntity
  8
500289
  6
Continuous
 62
     7
100
AcDbLine
 10
448694.8526768879
 20
-1111.554452654462
 30
0.0000000000007228
 11
448695.0160232622
 21
-1111.500027831143
 31
0.0000000000007228
  0
LINE
  5
6E2
330
2C6
100
AcDbEntity
  8
500289
  6
Continuous
 62
     7
100
AcDbLine
 10
448700.3092996882
 20
-1085.650483611717
 30
0.0000000000007228
 11
448700.3438395958
 21
-1085.481809090263
 31
0.0000000000007228
  0
LINE
  5
6E3
330
2C6
100
AcDbEntity
  8
500289
  6
Continuous
 62
     7
100
AcDbLine
 10
448680.6041158386
 20
-1067.972925126313
 30
0.0000000000007228
 11
448680.4753093719
 21
-1067.858675428179
 31
0.0000000000007228
  0
LINE
  5
6E4
330
2C6
100
AcDbEntity
  8
500289
  6
Continuous
 62
     7
100
AcDbLine
 10
448655.4423091886
 20
-1076.199335683655
 30
0.0000000000007228
 11
448655.2789628142
 21
-1076.253760506989
 31
0.0000000000007228
  0
LINE
  5
6E5
330
2C6
100
AcDbEntity
  8
500289
  6
Continuous
 62
     7
100
AcDbLine
 10
448649.9856863882
 20
-1102.1033047264
 30
0.0000000000007228
 11
448649.9511464805
 21
-1102.271979247868
 31
0.0000000000007228
  0
LINE
  5
6E6
330
2C6
100
AcDbEntity
  8
500289
  6
Continuous
 62
     7
100
AcDbLine
 10
448669.6908702378
 20
-1119.780863211804
 30
0.0000000000007228
 11
448669.8196767045
 21
-1119.895112909937
 31
0.0000000000007228
  0
ARC
  5
6E7
330
2C6
100
AcDbEntity
  8
500289
  6
Continuous
 62
     7
100
AcDbCircle
 10
448675.1474930382
 20
-1093.876894169058
 30
0.0000000000007228
 40
26.47244500520395
100
AcDbArc
 50
198.1046585510904
 51
198.7501056182729
  0
ARC
  5
6E8
330
2C6
100
AcDbEntity
  8
500289
  6
Continuous
 62
     7
100
AcDbCircle
 10
448675.1474930382
 20
-1093.876894169058
 30
0.0000000000007228
 40
26.47244500520393
100
AcDbArc
 50
138.1046585510151
 51
138.7501056182371
  0
ARC
  5
6E9
330
2C6
100
AcDbEntity
  8
500289
  6
Continuous
 62
     7
100
AcDbCircle
 10
448675.1474930382
 20
-1093.876894169058
 30
0.0000000000007228
 40
26.47244500520385
100
AcDbArc
 50
78.10465855104273
 51
78.75010561837349
  0
ARC
  5
6EA
330
2C6
100
AcDbEntity
  8
500289
  6
Continuous
 62
     7
100
AcDbCircle
 10
448675.1474930382
 20
-1093.876894169058
 30
0.0000000000007228
 40
26.47244500520378
100
AcDbArc
 50
18.1046585510624
 51
18.75010561827291
  0
ARC
  5
6EB
330
2C6
100
AcDbEntity
  8
500289
  6
Continuous
 62
     7
100
AcDbCircle
 10
448675.1474930382
 20
-1093.876894169058
 30
0.0000000000007228
 40
26.47244500520385
100
AcDbArc
 50
318.1046585510155
 51
318.7501056182371
  0
ARC
  5
6EC
330
2C6
100
AcDbEntity
  8
500289
  6
Continuous
 62
     7
100
AcDbCircle
 10
448675.1474930382
 20
-1093.876894169058
 30
0.0000000000007228
 40
23.00000000000009
100
AcDbArc
 50
228.4273820845884
 51
288.427382084619
  0
ARC
  5
6ED
330
2C6
100
AcDbEntity
  8
500289
  6
Continuous
 62
     7
100
AcDbCircle
 10
448675.1474930382
 20
-1093.876894169058
 30
0.0000000000007228
 40
23.00000000000007
100
AcDbArc
 50
168.4273820846945
 51
228.4273820845884
  0
ARC
  5
6EE
330
2C6
100
AcDbEntity
  8
500289
  6
Continuous
 62
     7
100
AcDbCircle
 10
448675.1474930382
 20
-1093.876894169058
 30
0.0000000000007228
 40
22.99999999999997
100
AcDbArc
 50
108.427382084619
 51
168.427382084695
  0
ARC
  5
6EF
330
2C6
100
AcDbEntity
  8
500289
  6
Continuous
 62
     7
100
AcDbCircle
 10
448675.1474930382
 20
-1093.876894169058
 30
0.0000000000007228
 40
23.00000000000002
100
AcDbArc
 50
48.42738208458841
 51
108.427382084619
  0
ARC
  5
6F0
330
2C6
100
AcDbEntity
  8
500289
  6
Continuous
 62
     7
100
AcDbCircle
 10
448675.1474930382
 20
-1093.876894169058
 30
0.0000000000007228
 40
22.99999999999999
100
AcDbArc
 50
348.4273820846873
 51
48.42738208458804
  0
ARC
  5
6F1
330
2C6
100
AcDbEntity
  8
500289
  6
Continuous
 62
     7
100
AcDbCircle
 10
448675.1474930382
 20
-1093.876894169058
 30
0.0000000000007228
 40
23.00000000000004
100
AcDbArc
 50
288.427382084619
 51
348.4273820846867
  0
LINE
  5
6F2
330
2C6
100
AcDbEntity
  8
500289
  6
Continuous
 62
     7
100
AcDbLine
 10
448668.3755692769
 20
-1118.614207984728
 30
0.0000000000007228
 11
448659.8854115925
 21
-1111.083546078903
 31
0.0000000000007228
  0
LINE
  5
6F3
330
2C6
100
AcDbEntity
  8
500289
  6
Continuous
 62
     7
100
AcDbLine
 10
448659.8854115925
 20
-1111.083546078903
 30
0.0000000000007228
 11
448652.590550531
 21
-1104.61309707816
 31
0.0000000000007228
  0
LINE
  5
6F4
330
2C6
100
AcDbEntity
  8
500289
  6
Continuous
 62
     7
100
AcDbLine
 10
448693.1846733432
 20
-1112.110209086714
 30
0.0000000000007228
 11
448682.4178499833
 21
-1115.697570370547
 31
0.0000000000007228
  0
LINE
  5
6F5
330
2C6
100
AcDbEntity
  8
500289
  6
Continuous
 62
     7
100
AcDbLine
 10
448697.679931429
 20
-1098.490918460703
 30
0.0000000000007228
 11
448695.7237887513
 21
-1108.043677957475
 31
0.0000000000007228
  0
LINE
  5
6F6
330
2C6
100
AcDbEntity
  8
500289
  6
Continuous
 62
     7
100
AcDbLine
 10
448682.4178499833
 20
-1115.697570370547
 30
0.0000000000007228
 11
448673.166846244
 21
-1118.779880866562
 31
0.0000000000007228
  0
LINE
  5
6F7
330
2C6
100
AcDbEntity
  8
500289
  6
Continuous
 62
     7
100
AcDbLine
 10
448699.9565971045
 20
-1087.372895271045
 30
0.0000000000007228
 11
448697.679931429
 21
-1098.490918460703
 31
0.0000000000007228
  0
LINE
  5
6F8
330
2C6
100
AcDbEntity
  8
500289
  6
Continuous
 62
     7
100
AcDbLine
 10
448690.4095744839
 20
-1076.670242259229
 30
0.0000000000007228
 11
448697.7044355454
 21
-1083.140691259971
 31
0.0000000000007228
  0
LINE
  5
6F9
330
2C6
100
AcDbEntity
  8
500289
  6
Continuous
 62
     7
100
AcDbLine
 10
448681.9194167996
 20
-1069.139580353404
 30
0.0000000000007228
 11
448690.4095744839
 21
-1076.670242259229
 31
0.0000000000007228
  0
LINE
  5
6FA
330
2C6
100
AcDbEntity
  8
500289
  6
Continuous
 62
     7
100
AcDbLine
 10
448667.8771360931
 20
-1072.056217967584
 30
0.0000000000007228
 11
448677.1281398324
 21
-1068.97390747157
 31
0.0000000000007228
  0
LINE
  5
6FB
330
2C6
100
AcDbEntity
  8
500289
  6
Continuous
 62
     7
100
AcDbLine
 10
448657.1103127332
 20
-1075.643579251417
 30
0.0000000000007228
 11
448667.8771360931
 21
-1072.056217967584
 31
0.0000000000007228
  0
LINE
  5
6FC
330
2C6
100
AcDbEntity
  8
500289
  6
Continuous
 62
     7
100
AcDbLine
 10
448652.6150546473
 20
-1089.262869877429
 30
0.0000000000007228
 11
448654.5711973252
 21
-1079.710110380657
 31
0.0000000000007228
  0
LINE
  5
6FD
330
2C6
100
AcDbEntity
  8
500289
  6
Continuous
 62
     7
100
AcDbLine
 10
448650.3383889718
 20
-1100.380893067072
 30
0.0000000000007228
 11
448652.6150546473
 21
-1089.262869877429
 31
0.0000000000007228
  0
ARC
  5
6FE
330
2C6
100
AcDbEntity
  8
500289
  6
Continuous
 62
     7
100
AcDbCircle
 10
448675.1474930382
 20
-1093.876894169058
 30
0.0000000000007228
 40
26.47244500520393
100
AcDbArc
 50
258.1046585510428
 51
258.7501056183735
  0
LINE
  5
6FF
330
2C6
100
AcDbEntity
  8
500309
  6
Continuous
 62
     7
100
AcDbLine
 10
449481.8762254105
 20
-1303.383731172603
 30
0.0000000000007228
 11
449481.9119191346
 21
-1303.552165306516
 31
0.0000000000007228
  0
LINE
  5
700
330
2C6
100
AcDbEntity
  8
500309
  6
Continuous
 62
     7
100
AcDbLine
 10
449487.3820191245
 20
-1329.364869887294
 30
0.0000000000007228
 11
449487.5457342254
 21
-1329.418175282474
 31
0.0000000000007228
  0
LINE
  5
701
330
2C6
100
AcDbEntity
  8
500309
  6
Continuous
 62
     7
100
AcDbLine
 10
449512.6352421277
 20
-1337.587282020316
 30
0.0000000000007228
 11
449512.7632635045
 21
-1337.472153281583
 31
0.0000000000007228
  0
LINE
  5
702
330
2C6
100
AcDbEntity
  8
500309
  6
Continuous
 62
     7
100
AcDbLine
 10
449532.3826714169
 20
-1319.828555438646
 30
0.0000000000007228
 11
449532.3469776929
 21
-1319.660121304733
 31
0.0000000000007228
  0
LINE
  5
703
330
2C6
100
AcDbEntity
  8
500309
  6
Continuous
 62
     7
100
AcDbLine
 10
449526.8768777028
 20
-1293.847416723955
 30
0.0000000000007228
 11
449526.713162602
 21
-1293.794111328775
 31
0.0000000000007228
  0
LINE
  5
704
330
2C6
100
AcDbEntity
  8
500309
  6
Continuous
 62
     7
100
AcDbLine
 10
449501.6236546997
 20
-1285.625004590934
 30
0.0000000000007228
 11
449501.4956333228
 21
-1285.740133329666
 31
0.0000000000007228
  0
LINE
  5
705
330
2C6
100
AcDbEntity
  8
500309
  6
Continuous
 62
     7
100
AcDbLine
 10
449487.3463254005
 20
-1329.196435753366
 30
0.0000000000007228
 11
449487.3820191245
 21
-1329.364869887294
 31
0.0000000000007228
  0
LINE
  5
706
330
2C6
100
AcDbEntity
  8
500309
  6
Continuous
 62
     7
100
AcDbLine
 10
449512.4715270268
 20
-1337.53397662515
 30
0.0000000000007228
 11
449512.6352421277
 21
-1337.587282020316
 31
0.0000000000007228
  0
LINE
  5
707
330
2C6
100
AcDbEntity
  8
500309
  6
Continuous
 62
     7
100
AcDbLine
 10
449532.2546500401
 20
-1319.943684177394
 30
0.0000000000007228
 11
449532.3826714169
 21
-1319.828555438661
 31
0.0000000000007228
  0
LINE
  5
708
330
2C6
100
AcDbEntity
  8
500309
  6
Continuous
 62
     7
100
AcDbLine
 10
449526.9125714268
 20
-1294.015850857883
 30
0.0000000000007228
 11
449526.8768777028
 21
-1293.847416723955
 31
0.0000000000007228
  0
LINE
  5
709
330
2C6
100
AcDbEntity
  8
500309
  6
Continuous
 62
     7
100
AcDbLine
 10
449501.7873698006
 20
-1285.678309986114
 30
0.0000000000007228
 11
449501.6236546997
 21
-1285.625004590934
 31
0.0000000000007228
  0
LINE
  5
70A
330
2C6
100
AcDbEntity
  8
500309
  6
Continuous
 62
     7
100
AcDbLine
 10
449482.0042467874
 20
-1303.268602433855
 30
0.0000000000007228
 11
449481.8762254105
 21
-1303.383731172603
 31
0.0000000000007228
  0
ARC
  5
70B
330
2C6
100
AcDbEntity
  8
500309
  6
Continuous
 62
     7
100
AcDbCircle
 10
449507.1294484136
 20
-1311.606143305624
 30
0.0000000000007228
 40
26.47244500520379
100
AcDbArc
 50
101.6421035712409
 51
102.2875506386223
  0
ARC
  5
70C
330
2C6
100
AcDbEntity
  8
500309
  6
Continuous
 62
     7
100
AcDbCircle
 10
449507.1294484136
 20
-1311.606143305624
 30
0.0000000000007228
 40
26.47244500520384
100
AcDbArc
 50
41.64210357130658
 51
42.28755063862575
  0
ARC
  5
70D
330
2C6
100
AcDbEntity
  8
500309
  6
Continuous
 62
     7
100
AcDbCircle
 10
449507.1294484136
 20
-1311.606143305624
 30
0.0000000000007228
 40
26.4724450052039
100
AcDbArc
 50
341.6421035711432
 51
342.2875506386199
  0
ARC
  5
70E
330
2C6
100
AcDbEntity
  8
500309
  6
Continuous
 62
     7
100
AcDbCircle
 10
449507.1294484136
 20
-1311.606143305624
 30
0.0000000000007228
 40
26.47244500520399
100
AcDbArc
 50
281.6421035712408
 51
282.2875506387512
  0
ARC
  5
70F
330
2C6
100
AcDbEntity
  8
500309
  6
Continuous
 62
     7
100
AcDbCircle
 10
449507.1294484136
 20
-1311.606143305624
 30
0.0000000000007228
 40
26.47244500520392
100
AcDbArc
 50
221.6421035713066
 51
222.2875506386261
  0
ARC
  5
710
330
2C6
100
AcDbEntity
  8
500309
  6
Continuous
 62
     7
100
AcDbCircle
 10
449507.1294484136
 20
-1311.606143305624
 30
0.0000000000007228
 40
22.99999999999991
100
AcDbArc
 50
131.9648271050037
 51
191.9648271048174
  0
ARC
  5
711
330
2C6
100
AcDbEntity
  8
500309
  6
Continuous
 62
     7
100
AcDbCircle
 10
449507.1294484136
 20
-1311.606143305624
 30
0.0000000000007228
 40
22.99999999999991
100
AcDbArc
 50
71.96482710493007
 51
131.9648271050037
  0
ARC
  5
712
330
2C6
100
AcDbEntity
  8
500309
  6
Continuous
 62
     7
100
AcDbCircle
 10
449507.1294484136
 20
-1311.606143305624
 30
0.0000000000007228
 40
22.99999999999998
100
AcDbArc
 50
11.96482710481743
 51
71.96482710493007
  0
ARC
  5
713
330
2C6
100
AcDbEntity
  8
500309
  6
Continuous
 62
     7
100
AcDbCircle
 10
449507.1294484136
 20
-1311.606143305624
 30
0.0000000000007228
 40
23.00000000000006
100
AcDbArc
 50
311.9648271050033
 51
11.96482710481743
  0
ARC
  5
714
330
2C6
100
AcDbEntity
  8
500309
  6
Continuous
 62
     7
100
AcDbCircle
 10
449507.1294484136
 20
-1311.606143305624
 30
0.0000000000007228
 40
23.00000000000014
100
AcDbArc
 50
251.9648271049302
 51
311.964827105003
  0
ARC
  5
715
330
2C6
100
AcDbEntity
  8
500309
  6
Continuous
 62
     7
100
AcDbCircle
 10
449507.1294484136
 20
-1311.606143305624
 30
0.0000000000007228
 40
23.0
100
AcDbArc
 50
191.9648271048174
 51
251.9648271049301
  0
LINE
  5
716
330
2C6
100
AcDbEntity
  8
500309
  6
Continuous
 62
     7
100
AcDbLine
 10
449484.1634328968
 20
-1301.326861299088
 30
0.0000000000007228
 11
449491.7499400552
 21
-1294.504367881768
 31
0.0000000000007228
  0
LINE
  5
717
330
2C6
100
AcDbEntity
  8
500309
  6
Continuous
 62
     7
100
AcDbLine
 10
449491.7499400552
 20
-1294.504367881768
 30
0.0000000000007228
 11
449500.2215105536
 21
-1286.885943123933
 31
0.0000000000007228
  0
LINE
  5
718
330
2C6
100
AcDbEntity
  8
500309
  6
Continuous
 62
     7
100
AcDbLine
 10
449486.7443213049
 20
-1326.355655163695
 30
0.0000000000007228
 11
449484.6291222676
 21
-1316.374300529941
 31
0.0000000000007228
  0
LINE
  5
719
330
2C6
100
AcDbEntity
  8
500309
  6
Continuous
 62
     7
100
AcDbLine
 10
449500.0086306261
 20
-1333.476075953812
 30
0.0000000000007228
 11
449489.1750959998
 21
-1329.948693071078
 31
0.0000000000007228
  0
LINE
  5
71A
330
2C6
100
AcDbEntity
  8
500309
  6
Continuous
 62
     7
100
AcDbLine
 10
449484.6291222676
 20
-1316.374300529941
 30
0.0000000000007228
 11
449482.2671581396
 21
-1305.228492889387
 31
0.0000000000007228
  0
LINE
  5
71B
330
2C6
100
AcDbEntity
  8
500309
  6
Continuous
 62
     7
100
AcDbLine
 10
449509.7103368218
 20
-1336.634937170246
 30
0.0000000000007228
 11
449500.0086306261
 21
-1333.476075953812
 31
0.0000000000007228
  0
LINE
  5
71C
330
2C6
100
AcDbEntity
  8
500309
  6
Continuous
 62
     7
100
AcDbLine
 10
449522.5089567723
 20
-1328.707918729481
 30
0.0000000000007228
 11
449514.0373862738
 21
-1336.326343487316
 31
0.0000000000007228
  0
LINE
  5
71D
330
2C6
100
AcDbEntity
  8
500309
  6
Continuous
 62
     7
100
AcDbLine
 10
449530.0954639306
 20
-1321.885425312176
 30
0.0000000000007228
 11
449522.5089567723
 21
-1328.707918729481
 31
0.0000000000007228
  0
LINE
  5
71E
330
2C6
100
AcDbEntity
  8
500309
  6
Continuous
 62
     7
100
AcDbLine
 10
449529.6297745599
 20
-1306.837986081308
 30
0.0000000000007228
 11
449531.9917386876
 21
-1317.983793721863
 31
0.0000000000007228
  0
LINE
  5
71F
330
2C6
100
AcDbEntity
  8
500309
  6
Continuous
 62
     7
100
AcDbLine
 10
449527.5145755225
 20
-1296.856631447554
 30
0.0000000000007228
 11
449529.6297745599
 21
-1306.837986081308
 31
0.0000000000007228
  0
LINE
  5
720
330
2C6
100
AcDbEntity
  8
500309
  6
Continuous
 62
     7
100
AcDbLine
 10
449514.2502662012
 20
-1289.736210657452
 30
0.0000000000007228
 11
449525.0838008276
 21
-1293.263593540186
 31
0.0000000000007228
  0
LINE
  5
721
330
2C6
100
AcDbEntity
  8
500309
  6
Continuous
 62
     7
100
AcDbLine
 10
449504.5485600055
 20
-1286.577349441017
 30
0.0000000000007228
 11
449514.2502662012
 21
-1289.736210657452
 31
0.0000000000007228
  0
ARC
  5
722
330
2C6
100
AcDbEntity
  8
500309
  6
Continuous
 62
     7
100
AcDbCircle
 10
449507.1294484136
 20
-1311.606143305624
 30
0.0000000000007228
 40
26.47244500520388
100
AcDbArc
 50
161.6421035711133
 51
162.2875506386199
  0
LINE
  5
723
330
2C6
100
AcDbEntity
  8
500293
  6
Continuous
 62
     7
100
AcDbLine
 10
448815.4973495721
 20
-988.6809866910125
 30
0.0000000000007228
 11
448814.648959817
 21
-1244.340646503516
 31
0.0000000000007228
  0
LINE
  5
724
330
2C6
100
AcDbEntity
  8
500293
  6
Continuous
 62
     7
100
AcDbLine
 10
448627.1840702871
 20
-1293.718831904852
 30
0.0000000000007228
 11
448614.4841402127
 21
-1293.676688022731
 31
0.0000000000007228
  0
LINE
  5
725
330
2C6
100
AcDbEntity
  8
500293
  6
Continuous
 62
     7
100
AcDbLine
 10
448764.4833143191
 20
-1294.174450409927
 30
0.0000000000007228
 11
448627.1840702871
 21
-1293.718831904852
 31
0.0000000000007228
  0
ARC
  5
726
330
2C6
100
AcDbEntity
  8
500293
  6
Continuous
 62
     7
100
AcDbCircle
 10
448764.6492351148
 20
-1244.174725707789
 30
0.0000000000007228
 40
49.99999999999998
100
AcDbArc
 50
269.8098684244418
 51
359.8098684244586
  0
ARC
  5
727
330
2C6
100
AcDbEntity
  8
500293
  6
Continuous
 62
     7
100
AcDbCircle
 10
448739.6991490025
 20
-1229.09184789929
 30
0.0000000000007228
 40
12.5
100
AcDbArc
 50
294.1188199325845
 51
0.0
  0
ARC
  5
728
330
2C6
100
AcDbEntity
  8
500293
  6
Continuous
 62
     7
100
AcDbCircle
 10
448739.6991490025
 20
-1229.09184789929
 30
0.0000000000007228
 40
12.5
100
AcDbArc
 50
235.5789263837496
 51
277.768764999782
  0
ARC
  5
729
330
2C6
100
AcDbEntity
  8
500293
  6
Continuous
 62
     7
100
AcDbCircle
 10
448739.6991490025
 20
-1229.09184789929
 30
0.0000000000007228
 40
12.5
100
AcDbArc
 50
94.15711362033382
 51
220.4086603869634
  0
ARC
  5
72A
330
2C6
100
AcDbEntity
  8
500293
  6
Continuous
 62
     7
100
AcDbCircle
 10
448739.6991490025
 20
-1229.09184789929
 30
0.0000000000007228
 40
12.5
100
AcDbArc
 50
0.0
 51
74.97298408017184
  0
LINE
  5
72B
330
2C6
100
AcDbEntity
  8
500293
  6
Continuous
 62
     7
100
AcDbLine
 10
448615.6362427091
 20
-946.4941218211979
 30
0.0000000000007228
 11
448614.4841402127
 21
-1293.676688022745
 31
0.0000000000007228
  0
ARC
  5
72C
330
2C6
100
AcDbEntity
  8
500291
  6
Continuous
 62
     7
100
AcDbCircle
 10
448739.6991490025
 20
-1229.09184789929
 30
0.0000000000007228
 40
12.0
100
AcDbArc
 50
295.9607111568812
 51
0.0
  0
ARC
  5
72D
330
2C6
100
AcDbEntity
  8
500291
  6
Continuous
 62
     7
100
AcDbCircle
 10
448739.6991490025
 20
-1229.09184789929
 30
0.0000000000007228
 40
12.0
100
AcDbArc
 50
235.8751135946537
 51
278.8951762271269
  0
ARC
  5
72E
330
2C6
100
AcDbEntity
  8
500291
  6
Continuous
 62
     7
100
AcDbCircle
 10
448739.6991490025
 20
-1229.09184789929
 30
0.0000000000007228
 40
12.0
100
AcDbArc
 50
94.44576682237725
 51
218.8922137147375
  0
ARC
  5
72F
330
2C6
100
AcDbEntity
  8
500291
  6
Continuous
 62
     7
100
AcDbCircle
 10
448739.6991490025
 20
-1229.09184789929
 30
0.0000000000007228
 40
12.0
100
AcDbArc
 50
0.0
 51
74.45031358913354
  0
LINE
  5
730
330
2C6
100
AcDbEntity
  8
CONTORNO
100
AcDbLine
 10
454576.2053409896
 20
-895.2013726916202
 30
0.0000000000006911
 11
452671.4355499605
 21
-493.7740176460438
 31
0.0000000000003958
  0
LINE
  5
731
330
2C6
100
AcDbEntity
  8
CONTORNO
100
AcDbLine
 10
454570.8394057094
 20
-884.9604249548111
 30
0.0000000000007264
 11
452673.1916032281
 21
-483.991260774831
 31
0.0000000000007228
  0
ARC
  5
732
330
2C6
100
AcDbEntity
  8
C__USERS_SAMUEL.
  6
PHANTOM2
 62
     7
100
AcDbCircle
 10
445662.6466783657
 20
-577.9924433434671
 30
0.0000000000013982
 40
2.900000000000624
100
AcDbArc
 50
270.0
 51
90.0
  0
LINE
  5
733
330
2C6
100
AcDbEntity
  8
C__USERS_SAMUEL.
  6
PHANTOM2
 62
     7
100
AcDbLine
 10
445662.6466783657
 20
-575.092443343502
 30
0.0000000000013982
 11
445642.3056256884
 21
-575.092443343502
 31
0.0000000000013982
  0
ARC
  5
734
330
2C6
100
AcDbEntity
  8
C__USERS_SAMUEL.
  6
PHANTOM2
 62
     7
100
AcDbCircle
 10
445630.1466783656
 20
-577.9924433434671
 30
0.0000000000013982
 40
12.50000000000024
100
AcDbArc
 50
13.41484875605877
 51
166.5851512439412
  0
LINE
  5
735
330
2C6
100
AcDbEntity
  8
C__USERS_SAMUEL.
  6
PHANTOM2
 62
     7
100
AcDbLine
 10
445617.9877310428
 20
-575.092443343502
 30
0.0000000000013982
 11
445597.6466783656
 21
-575.092443343502
 31
0.0000000000013982
  0
ARC
  5
736
330
2C6
100
AcDbEntity
  8
C__USERS_SAMUEL.
  6
PHANTOM2
 62
     7
100
AcDbCircle
 10
445597.6466783656
 20
-577.9924433434671
 30
0.0000000000013982
 40
2.899999999999236
100
AcDbArc
 50
90.0
 51
270.0
  0
LINE
  5
737
330
2C6
100
AcDbEntity
  8
C__USERS_SAMUEL.
  6
PHANTOM2
 62
     7
100
AcDbLine
 10
445597.6466783656
 20
-580.8924433434904
 30
0.0000000000013982
 11
445617.9877310428
 21
-580.8924433434904
 31
0.0000000000013982
  0
ARC
  5
738
330
2C6
100
AcDbEntity
  8
C__USERS_SAMUEL.
  6
PHANTOM2
 62
     7
100
AcDbCircle
 10
445630.1466783656
 20
-577.9924433434671
 30
0.0000000000013982
 40
12.49999999999968
100
AcDbArc
 50
193.4148487560846
 51
346.5851512439154
  0
LINE
  5
739
330
2C6
100
AcDbEntity
  8
C__USERS_SAMUEL.
  6
PHANTOM2
 62
     7
100
AcDbLine
 10
445642.3056256884
 20
-580.8924433434904
 30
0.0000000000013982
 11
445662.6466783657
 21
-580.8924433434904
 31
0.0000000000013982
  0
CIRCLE
  5
73A
330
2C6
100
AcDbEntity
  8
C__USERS_SAMUEL.
  6
PHANTOM2
 62
     7
100
AcDbCircle
 10
445630.1466783656
 20
-577.9924433434671
 30
0.0000000000013982
 40
48.15
  0
CIRCLE
  5
73B
330
2C6
100
AcDbEntity
  8
C__USERS_SAMUEL.
  6
PHANTOM2
 62
     7
100
AcDbCircle
 10
445630.1466783656
 20
-577.9924433434671
 30
0.0000000000013982
 40
50.8
  0
ARC
  5
73C
330
2C6
100
AcDbEntity
  8
502978
  6
Continuous
 62
     7
100
AcDbCircle
 10
445662.6466783657
 20
-577.9924433434671
 30
0.0000000000013982
 40
2.900000000000624
100
AcDbArc
 50
270.0
 51
90.0
  0
LINE
  5
73D
330
2C6
100
AcDbEntity
  8
502978
  6
Continuous
 62
     7
100
AcDbLine
 10
445662.6466783657
 20
-575.092443343502
 30
0.0000000000013982
 11
445642.3056256884
 21
-575.092443343502
 31
0.0000000000013982
  0
ARC
  5
73E
330
2C6
100
AcDbEntity
  8
502978
  6
Continuous
 62
     7
100
AcDbCircle
 10
445630.1466783656
 20
-577.9924433434671
 30
0.0000000000013982
 40
12.50000000000024
100
AcDbArc
 50
13.41484875605877
 51
166.5851512439412
  0
LINE
  5
73F
330
2C6
100
AcDbEntity
  8
502978
  6
Continuous
 62
     7
100
AcDbLine
 10
445617.9877310428
 20
-575.092443343502
 30
0.0000000000013982
 11
445597.6466783656
 21
-575.092443343502
 31
0.0000000000013982
  0
ARC
  5
740
330
2C6
100
AcDbEntity
  8
502978
  6
Continuous
 62
     7
100
AcDbCircle
 10
445597.6466783656
 20
-577.9924433434671
 30
0.0000000000013982
 40
2.899999999999236
100
AcDbArc
 50
90.0
 51
270.0
  0
LINE
  5
741
330
2C6
100
AcDbEntity
  8
502978
  6
Continuous
 62
     7
100
AcDbLine
 10
445597.6466783656
 20
-580.8924433434904
 30
0.0000000000013982
 11
445617.9877310428
 21
-580.8924433434904
 31
0.0000000000013982
  0
ARC
  5
742
330
2C6
100
AcDbEntity
  8
502978
  6
Continuous
 62
     7
100
AcDbCircle
 10
445630.1466783656
 20
-577.9924433434671
 30
0.0000000000013982
 40
12.49999999999968
100
AcDbArc
 50
193.4148487560846
 51
346.5851512439154
  0
LINE
  5
743
330
2C6
100
AcDbEntity
  8
502978
  6
Continuous
 62
     7
100
AcDbLine
 10
445642.3056256884
 20
-580.8924433434904
 30
0.0000000000013982
 11
445662.6466783657
 21
-580.8924433434904
 31
0.0000000000013982
  0
CIRCLE
  5
744
330
2C6
100
AcDbEntity
  8
502141
  6
Continuous
 62
     7
100
AcDbCircle
 10
445630.1466783656
 20
-577.9924433434671
 30
0.0000000000013982
 40
48.15
  0
CIRCLE
  5
745
330
2C6
100
AcDbEntity
  8
502141
  6
Continuous
 62
     7
100
AcDbCircle
 10
445630.1466783656
 20
-577.9924433434671
 30
0.0000000000013982
 40
50.8
  0
ARC
  5
746
330
2C6
100
AcDbEntity
  8
C__USERS_SAMUEL.
  6
PHANTOM2
 62
     7
100
AcDbCircle
 10
445662.6466783657
 20
-577.9924433434671
 30
0.0000000000013982
 40
2.900000000000624
100
AcDbArc
 50
270.0
 51
90.0
  0
LINE
  5
747
330
2C6
100
AcDbEntity
  8
C__USERS_SAMUEL.
  6
PHANTOM2
 62
     7
100
AcDbLine
 10
445662.6466783657
 20
-575.092443343502
 30
0.0000000000013982
 11
445642.3056256884
 21
-575.092443343502
 31
0.0000000000013982
  0
ARC
  5
748
330
2C6
100
AcDbEntity
  8
C__USERS_SAMUEL.
  6
PHANTOM2
 62
     7
100
AcDbCircle
 10
445630.1466783656
 20
-577.9924433434671
 30
0.0000000000013982
 40
12.50000000000024
100
AcDbArc
 50
13.41484875605877
 51
166.5851512439412
  0
LINE
  5
749
330
2C6
100
AcDbEntity
  8
C__USERS_SAMUEL.
  6
PHANTOM2
 62
     7
100
AcDbLine
 10
445617.9877310428
 20
-575.092443343502
 30
0.0000000000013982
 11
445597.6466783656
 21
-575.092443343502
 31
0.0000000000013982
  0
ARC
  5
74A
330
2C6
100
AcDbEntity
  8
C__USERS_SAMUEL.
  6
PHANTOM2
 62
     7
100
AcDbCircle
 10
445597.6466783656
 20
-577.9924433434671
 30
0.0000000000013982
 40
2.899999999999236
100
AcDbArc
 50
90.0
 51
270.0
  0
LINE
  5
74B
330
2C6
100
AcDbEntity
  8
C__USERS_SAMUEL.
  6
PHANTOM2
 62
     7
100
AcDbLine
 10
445597.6466783656
 20
-580.8924433434904
 30
0.0000000000013982
 11
445617.9877310428
 21
-580.8924433434904
 31
0.0000000000013982
  0
ARC
  5
74C
330
2C6
100
AcDbEntity
  8
C__USERS_SAMUEL.
  6
PHANTOM2
 62
     7
100
AcDbCircle
 10
445630.1466783656
 20
-577.9924433434671
 30
0.0000000000013982
 40
12.49999999999968
100
AcDbArc
 50
193.4148487560775
 51
346.5851512439225
  0
LINE
  5
74D
330
2C6
100
AcDbEntity
  8
C__USERS_SAMUEL.
  6
PHANTOM2
 62
     7
100
AcDbLine
 10
445642.3056256884
 20
-580.8924433434904
 30
0.0000000000013982
 11
445662.6466783657
 21
-580.8924433434904
 31
0.0000000000013982
  0
CIRCLE
  5
74E
330
2C6
100
AcDbEntity
  8
C__USERS_SAMUEL.
  6
PHANTOM2
 62
     7
100
AcDbCircle
 10
445630.1466783656
 20
-577.9924433434671
 30
0.0000000000013982
 40
48.15
  0
CIRCLE
  5
74F
330
2C6
100
AcDbEntity
  8
C__USERS_SAMUEL.
  6
PHANTOM2
 62
     7
100
AcDbCircle
 10
445630.1466783656
 20
-577.9924433434671
 30
0.0000000000013982
 40
50.8
  0
ARC
  5
750
330
2C6
100
AcDbEntity
  8
C__USERS_SAMUEL.
  6
PHANTOM2
 62
     7
100
AcDbCircle
 10
452457.5051589703
 20
-622.1688540731674
 30
0.0000000000010325
 40
2.900000000000624
100
AcDbArc
 50
270.0
 51
90.0
  0
LINE
  5
751
330
2C6
100
AcDbEntity
  8
C__USERS_SAMUEL.
  6
PHANTOM2
 62
     7
100
AcDbLine
 10
452457.5051589703
 20
-619.2688540732024
 30
0.0000000000010325
 11
452437.1641062931
 21
-619.2688540732024
 31
0.0000000000010325
  0
ARC
  5
752
330
2C6
100
AcDbEntity
  8
C__USERS_SAMUEL.
  6
PHANTOM2
 62
     7
100
AcDbCircle
 10
452425.0051589703
 20
-622.1688540731674
 30
0.0000000000010325
 40
12.50000000000024
100
AcDbArc
 50
13.41484875605877
 51
166.5851512439412
  0
LINE
  5
753
330
2C6
100
AcDbEntity
  8
C__USERS_SAMUEL.
  6
PHANTOM2
 62
     7
100
AcDbLine
 10
452412.8462116475
 20
-619.2688540732024
 30
0.0000000000010325
 11
452392.5051589703
 21
-619.2688540732024
 31
0.0000000000010325
  0
ARC
  5
754
330
2C6
100
AcDbEntity
  8
C__USERS_SAMUEL.
  6
PHANTOM2
 62
     7
100
AcDbCircle
 10
452392.5051589703
 20
-622.1688540731674
 30
0.0000000000010325
 40
2.899999999999236
100
AcDbArc
 50
90.0
 51
270.0
  0
LINE
  5
755
330
2C6
100
AcDbEntity
  8
C__USERS_SAMUEL.
  6
PHANTOM2
 62
     7
100
AcDbLine
 10
452392.5051589703
 20
-625.0688540731907
 30
0.0000000000010325
 11
452412.8462116475
 21
-625.0688540731907
 31
0.0000000000010325
  0
ARC
  5
756
330
2C6
100
AcDbEntity
  8
C__USERS_SAMUEL.
  6
PHANTOM2
 62
     7
100
AcDbCircle
 10
452425.0051589703
 20
-622.1688540731674
 30
0.0000000000010325
 40
12.49999999999968
100
AcDbArc
 50
193.4148487560775
 51
346.5851512439225
  0
LINE
  5
757
330
2C6
100
AcDbEntity
  8
C__USERS_SAMUEL.
  6
PHANTOM2
 62
     7
100
AcDbLine
 10
452437.1641062931
 20
-625.0688540731907
 30
0.0000000000010325
 11
452457.5051589703
 21
-625.0688540731907
 31
0.0000000000010325
  0
CIRCLE
  5
758
330
2C6
100
AcDbEntity
  8
C__USERS_SAMUEL.
  6
PHANTOM2
 62
     7
100
AcDbCircle
 10
452425.0051589703
 20
-622.1688540731674
 30
0.0000000000010325
 40
48.15
  0
CIRCLE
  5
759
330
2C6
100
AcDbEntity
  8
C__USERS_SAMUEL.
  6
PHANTOM2
 62
     7
100
AcDbCircle
 10
452425.0051589703
 20
-622.1688540731674
 30
0.0000000000010325
 40
50.8
  0
ARC
  5
75A
330
2C6
100
AcDbEntity
  8
502978
  6
Continuous
 62
     7
100
AcDbCircle
 10
452457.5051589703
 20
-622.1688540731674
 30
0.0000000000010325
 40
2.900000000000624
100
AcDbArc
 50
270.0
 51
90.0
  0
LINE
  5
75B
330
2C6
100
AcDbEntity
  8
502978
  6
Continuous
 62
     7
100
AcDbLine
 10
452457.5051589703
 20
-619.2688540732024
 30
0.0000000000010325
 11
452437.1641062931
 21
-619.2688540732024
 31
0.0000000000010325
  0
ARC
  5
75C
330
2C6
100
AcDbEntity
  8
502978
  6
Continuous
 62
     7
100
AcDbCircle
 10
452425.0051589703
 20
-622.1688540731674
 30
0.0000000000010325
 40
12.50000000000024
100
AcDbArc
 50
13.41484875605877
 51
166.5851512439412
  0
LINE
  5
75D
330
2C6
100
AcDbEntity
  8
502978
  6
Continuous
 62
     7
100
AcDbLine
 10
452412.8462116475
 20
-619.2688540732024
 30
0.0000000000010325
 11
452392.5051589703
 21
-619.2688540732024
 31
0.0000000000010325
  0
ARC
  5
75E
330
2C6
100
AcDbEntity
  8
502978
  6
Continuous
 62
     7
100
AcDbCircle
 10
452392.5051589703
 20
-622.1688540731674
 30
0.0000000000010325
 40
2.899999999999236
100
AcDbArc
 50
90.0
 51
270.0
  0
LINE
  5
75F
330
2C6
100
AcDbEntity
  8
502978
  6
Continuous
 62
     7
100
AcDbLine
 10
452392.5051589703
 20
-625.0688540731907
 30
0.0000000000010325
 11
452412.8462116475
 21
-625.0688540731907
 31
0.0000000000010325
  0
ARC
  5
760
330
2C6
100
AcDbEntity
  8
502978
  6
Continuous
 62
     7
100
AcDbCircle
 10
452425.0051589703
 20
-622.1688540731674
 30
0.0000000000010325
 40
12.49999999999968
100
AcDbArc
 50
193.4148487560775
 51
346.5851512439225
  0
LINE
  5
761
330
2C6
100
AcDbEntity
  8
502978
  6
Continuous
 62
     7
100
AcDbLine
 10
452437.1641062931
 20
-625.0688540731907
 30
0.0000000000010325
 11
452457.5051589703
 21
-625.0688540731907
 31
0.0000000000010325
  0
CIRCLE
  5
762
330
2C6
100
AcDbEntity
  8
502141
  6
Continuous
 62
     7
100
AcDbCircle
 10
452425.0051589703
 20
-622.1688540731674
 30
0.0000000000010325
 40
48.15
  0
CIRCLE
  5
763
330
2C6
100
AcDbEntity
  8
502141
  6
Continuous
 62
     7
100
AcDbCircle
 10
452425.0051589703
 20
-622.1688540731674
 30
0.0000000000010325
 40
50.8
  0
ARC
  5
764
330
2C6
100
AcDbEntity
  8
C__USERS_SAMUEL.
  6
PHANTOM2
 62
     7
100
AcDbCircle
 10
449332.5545125052
 20
-618.8139003259593
 30
0.0000000000010325
 40
2.900000000000624
100
AcDbArc
 50
270.0
 51
90.0
  0
LINE
  5
765
330
2C6
100
AcDbEntity
  8
C__USERS_SAMUEL.
  6
PHANTOM2
 62
     7
100
AcDbLine
 10
449332.5545125052
 20
-615.9139003259943
 30
0.0000000000010325
 11
449312.213459828
 21
-615.9139003259943
 31
0.0000000000010325
  0
ARC
  5
766
330
2C6
100
AcDbEntity
  8
C__USERS_SAMUEL.
  6
PHANTOM2
 62
     7
100
AcDbCircle
 10
449300.0545125052
 20
-618.8139003259593
 30
0.0000000000010325
 40
12.50000000000024
100
AcDbArc
 50
13.41484875605877
 51
166.5851512439412
  0
LINE
  5
767
330
2C6
100
AcDbEntity
  8
C__USERS_SAMUEL.
  6
PHANTOM2
 62
     7
100
AcDbLine
 10
449287.8955651824
 20
-615.9139003259943
 30
0.0000000000010325
 11
449267.5545125052
 21
-615.9139003259943
 31
0.0000000000010325
  0
ARC
  5
768
330
2C6
100
AcDbEntity
  8
C__USERS_SAMUEL.
  6
PHANTOM2
 62
     7
100
AcDbCircle
 10
449267.5545125052
 20
-618.8139003259593
 30
0.0000000000010325
 40
2.899999999999236
100
AcDbArc
 50
90.0
 51
270.0
  0
LINE
  5
769
330
2C6
100
AcDbEntity
  8
C__USERS_SAMUEL.
  6
PHANTOM2
 62
     7
100
AcDbLine
 10
449267.5545125052
 20
-621.7139003259826
 30
0.0000000000010325
 11
449287.8955651824
 21
-621.7139003259826
 31
0.0000000000010325
  0
ARC
  5
76A
330
2C6
100
AcDbEntity
  8
C__USERS_SAMUEL.
  6
PHANTOM2
 62
     7
100
AcDbCircle
 10
449300.0545125052
 20
-618.8139003259593
 30
0.0000000000010325
 40
12.49999999999968
100
AcDbArc
 50
193.4148487560775
 51
346.5851512439225
  0
LINE
  5
76B
330
2C6
100
AcDbEntity
  8
C__USERS_SAMUEL.
  6
PHANTOM2
 62
     7
100
AcDbLine
 10
449312.213459828
 20
-621.7139003259826
 30
0.0000000000010325
 11
449332.5545125052
 21
-621.7139003259826
 31
0.0000000000010325
  0
CIRCLE
  5
76C
330
2C6
100
AcDbEntity
  8
C__USERS_SAMUEL.
  6
PHANTOM2
 62
     7
100
AcDbCircle
 10
449300.0545125052
 20
-618.8139003259593
 30
0.0000000000010325
 40
48.15
  0
CIRCLE
  5
76D
330
2C6
100
AcDbEntity
  8
C__USERS_SAMUEL.
  6
PHANTOM2
 62
     7
100
AcDbCircle
 10
449300.0545125052
 20
-618.8139003259593
 30
0.0000000000010325
 40
50.8
  0
ARC
  5
76E
330
2C6
100
AcDbEntity
  8
502978
  6
Continuous
 62
     7
100
AcDbCircle
 10
449332.5545125052
 20
-618.8139003259593
 30
0.0000000000010325
 40
2.900000000000624
100
AcDbArc
 50
270.0
 51
90.0
  0
LINE
  5
76F
330
2C6
100
AcDbEntity
  8
502978
  6
Continuous
 62
     7
100
AcDbLine
 10
449332.5545125052
 20
-615.9139003259943
 30
0.0000000000010325
 11
449312.213459828
 21
-615.9139003259943
 31
0.0000000000010325
  0
ARC
  5
770
330
2C6
100
AcDbEntity
  8
502978
  6
Continuous
 62
     7
100
AcDbCircle
 10
449300.0545125052
 20
-618.8139003259593
 30
0.0000000000010325
 40
12.50000000000024
100
AcDbArc
 50
13.41484875605877
 51
166.5851512439412
  0
LINE
  5
771
330
2C6
100
AcDbEntity
  8
502978
  6
Continuous
 62
     7
100
AcDbLine
 10
449287.8955651824
 20
-615.9139003259943
 30
0.0000000000010325
 11
449267.5545125052
 21
-615.9139003259943
 31
0.0000000000010325
  0
ARC
  5
772
330
2C6
100
AcDbEntity
  8
502978
  6
Continuous
 62
     7
100
AcDbCircle
 10
449267.5545125052
 20
-618.8139003259593
 30
0.0000000000010325
 40
2.899999999999236
100
AcDbArc
 50
90.0
 51
270.0
  0
LINE
  5
773
330
2C6
100
AcDbEntity
  8
502978
  6
Continuous
 62
     7
100
AcDbLine
 10
449267.5545125052
 20
-621.7139003259826
 30
0.0000000000010325
 11
449287.8955651824
 21
-621.7139003259826
 31
0.0000000000010325
  0
ARC
  5
774
330
2C6
100
AcDbEntity
  8
502978
  6
Continuous
 62
     7
100
AcDbCircle
 10
449300.0545125052
 20
-618.8139003259593
 30
0.0000000000010325
 40
12.49999999999968
100
AcDbArc
 50
193.4148487560775
 51
346.5851512439225
  0
LINE
  5
775
330
2C6
100
AcDbEntity
  8
502978
  6
Continuous
 62
     7
100
AcDbLine
 10
449312.213459828
 20
-621.7139003259826
 30
0.0000000000010325
 11
449332.5545125052
 21
-621.7139003259826
 31
0.0000000000010325
  0
CIRCLE
  5
776
330
2C6
100
AcDbEntity
  8
502141
  6
Continuous
 62
     7
100
AcDbCircle
 10
449300.0545125052
 20
-618.8139003259593
 30
0.0000000000010325
 40
48.15
  0
CIRCLE
  5
777
330
2C6
100
AcDbEntity
  8
502141
  6
Continuous
 62
     7
100
AcDbCircle
 10
449300.0545125052
 20
-618.8139003259593
 30
0.0000000000010325
 40
50.8
  0
CIRCLE
  5
778
330
2C6
100
AcDbEntity
  8
500154
  6
Continuous
 62
     7
100
AcDbCircle
 10
452054.7187189468
 20
-1035.98531338096
 30
0.0000000000007228
 40
25.00000000000035
  0
LINE
  5
779
330
2C6
100
AcDbEntity
  8
500154
  6
Continuous
 62
     7
100
AcDbLine
 10
451989.4687189468
 20
-1103.23531338096
 30
0.0000000000007228
 11
451989.4687189468
 21
-1113.73531338096
 31
0.0000000000007228
  0
ARC
  5
77A
330
2C6
100
AcDbEntity
  8
500154
  6
Continuous
 62
     7
100
AcDbCircle
 10
451994.7187189468
 20
-1113.73531338096
 30
0.0000000000007228
 40
5.250000000000198
100
AcDbArc
 50
180.0
 51
0.0
  0
LINE
  5
77B
330
2C6
100
AcDbEntity
  8
500154
  6
Continuous
 62
     7
100
AcDbLine
 10
451999.9687189468
 20
-1113.73531338096
 30
0.0000000000007228
 11
451999.9687189468
 21
-1103.23531338096
 31
0.0000000000007228
  0
ARC
  5
77C
330
2C6
100
AcDbEntity
  8
500154
  6
Continuous
 62
     7
100
AcDbCircle
 10
451994.7187189468
 20
-1103.23531338096
 30
0.0000000000007228
 40
5.250000000000198
100
AcDbArc
 50
0.0
 51
180.0
  0
LINE
  5
77D
330
2C6
100
AcDbEntity
  8
500154
  6
Continuous
 62
     7
100
AcDbLine
 10
451989.4687189468
 20
-1071.23531338096
 30
0.0000000000007228
 11
451989.4687189468
 21
-1081.73531338096
 31
0.0000000000007228
  0
ARC
  5
77E
330
2C6
100
AcDbEntity
  8
500154
  6
Continuous
 62
     7
100
AcDbCircle
 10
451994.7187189468
 20
-1081.73531338096
 30
0.0000000000007228
 40
5.250000000000198
100
AcDbArc
 50
180.0
 51
0.0
  0
LINE
  5
77F
330
2C6
100
AcDbEntity
  8
500154
  6
Continuous
 62
     7
100
AcDbLine
 10
451999.9687189468
 20
-1081.73531338096
 30
0.0000000000007228
 11
451999.9687189468
 21
-1071.23531338096
 31
0.0000000000007228
  0
ARC
  5
780
330
2C6
100
AcDbEntity
  8
500154
  6
Continuous
 62
     7
100
AcDbCircle
 10
451994.7187189468
 20
-1071.23531338096
 30
0.0000000000007228
 40
5.250000000000198
100
AcDbArc
 50
0.0
 51
180.0
  0
LINE
  5
781
330
2C6
100
AcDbEntity
  8
500154
  6
Continuous
 62
     7
100
AcDbLine
 10
451999.9687189468
 20
-999.7353133809601
 30
0.0000000000007228
 11
451999.9687189468
 21
-989.2353133809601
 31
0.0000000000007228
  0
ARC
  5
782
330
2C6
100
AcDbEntity
  8
500154
  6
Continuous
 62
     7
100
AcDbCircle
 10
451994.7187189468
 20
-989.2353133809601
 30
0.0000000000007228
 40
5.24999999999931
100
AcDbArc
 50
0.0
 51
180.0
  0
LINE
  5
783
330
2C6
100
AcDbEntity
  8
500154
  6
Continuous
 62
     7
100
AcDbLine
 10
451989.4687189468
 20
-989.2353133809601
 30
0.0000000000007228
 11
451989.4687189468
 21
-999.7353133809601
 31
0.0000000000007228
  0
ARC
  5
784
330
2C6
100
AcDbEntity
  8
500154
  6
Continuous
 62
     7
100
AcDbCircle
 10
451994.7187189468
 20
-999.7353133809601
 30
0.0000000000007228
 40
5.250000000000198
100
AcDbArc
 50
180.0
 51
0.0
  0
LINE
  5
785
330
2C6
100
AcDbEntity
  8
500154
  6
Continuous
 62
     7
100
AcDbLine
 10
452109.4687189468
 20
-1014.73531338096
 30
0.0000000000007228
 11
452109.4687189468
 21
-1025.23531338096
 31
0.0000000000007228
  0
ARC
  5
786
330
2C6
100
AcDbEntity
  8
500154
  6
Continuous
 62
     7
100
AcDbCircle
 10
452114.7187189468
 20
-1025.23531338096
 30
0.0000000000007228
 40
5.250000000000198
100
AcDbArc
 50
180.0
 51
0.0
  0
LINE
  5
787
330
2C6
100
AcDbEntity
  8
500154
  6
Continuous
 62
     7
100
AcDbLine
 10
452119.9687189468
 20
-1025.23531338096
 30
0.0000000000007228
 11
452119.9687189468
 21
-1014.73531338096
 31
0.0000000000007228
  0
ARC
  5
788
330
2C6
100
AcDbEntity
  8
500154
  6
Continuous
 62
     7
100
AcDbCircle
 10
452114.7187189468
 20
-1014.73531338096
 30
0.0000000000007228
 40
5.250000000000198
100
AcDbArc
 50
0.0
 51
180.0
  0
LINE
  5
789
330
2C6
100
AcDbEntity
  8
500154
  6
Continuous
 62
     7
100
AcDbLine
 10
452119.9687189468
 20
-1057.23531338096
 30
0.0000000000007228
 11
452119.9687189468
 21
-1046.73531338096
 31
0.0000000000007228
  0
ARC
  5
78A
330
2C6
100
AcDbEntity
  8
500154
  6
Continuous
 62
     7
100
AcDbCircle
 10
452114.7187189468
 20
-1046.73531338096
 30
0.0000000000007228
 40
5.250000000000198
100
AcDbArc
 50
0.0
 51
180.0
  0
LINE
  5
78B
330
2C6
100
AcDbEntity
  8
500154
  6
Continuous
 62
     7
100
AcDbLine
 10
452109.4687189468
 20
-1046.73531338096
 30
0.0000000000007228
 11
452109.4687189468
 21
-1057.23531338096
 31
0.0000000000007228
  0
ARC
  5
78C
330
2C6
100
AcDbEntity
  8
500154
  6
Continuous
 62
     7
100
AcDbCircle
 10
452114.7187189468
 20
-1057.23531338096
 30
0.0000000000007228
 40
5.250000000000198
100
AcDbArc
 50
180.0
 51
0.0
  0
CIRCLE
  5
78D
330
2C6
100
AcDbEntity
  8
500154
  6
Continuous
 62
     7
100
AcDbCircle
 10
452174.7187189467
 20
-1035.98531338096
 30
0.0000000000007228
 40
25.00000000000035
  0
CIRCLE
  5
78E
330
2C6
100
AcDbEntity
  8
500154
  6
Continuous
 62
     7
100
AcDbCircle
 10
451934.7187189468
 20
-1035.98531338096
 30
0.0000000000007228
 40
25.00000000000035
  0
ARC
  5
78F
330
2C6
100
AcDbEntity
  8
500154
  6
Continuous
 62
     7
100
AcDbCircle
 10
452054.7214312468
 20
-1035.985313380931
 30
0.0000000000007228
 40
25.00000000000035
100
AcDbArc
 50
90.51773278015536
 51
269.3436513977951
  0
LINE
  5
790
330
2C6
100
AcDbEntity
  8
500154
  6
Continuous
 62
     7
100
AcDbLine
 10
451989.4714312468
 20
-1103.235313380931
 30
0.0000000000007228
 11
451989.4714312468
 21
-1113.735313380931
 31
0.0000000000007228
  0
ARC
  5
791
330
2C6
100
AcDbEntity
  8
500154
  6
Continuous
 62
     7
100
AcDbCircle
 10
451994.7214312469
 20
-1113.735313380931
 30
0.0000000000007228
 40
5.250000000000198
100
AcDbArc
 50
180.0
 51
270.01294358656
  0
ARC
  5
792
330
2C6
100
AcDbEntity
  8
500154
  6
Continuous
 62
     7
100
AcDbCircle
 10
451994.7214312469
 20
-1103.235313380931
 30
0.0000000000007228
 40
5.250000000000198
100
AcDbArc
 50
90.12814757862793
 51
180.0
  0
LINE
  5
793
330
2C6
100
AcDbEntity
  8
500154
  6
Continuous
 62
     7
100
AcDbLine
 10
451989.4714312468
 20
-1071.235313380931
 30
0.0000000000007228
 11
451989.4714312468
 21
-1081.735313380931
 31
0.0000000000007228
  0
ARC
  5
794
330
2C6
100
AcDbEntity
  8
500154
  6
Continuous
 62
     7
100
AcDbCircle
 10
451994.7214312469
 20
-1081.735313380931
 30
0.0000000000007228
 40
5.250000000000198
100
AcDbArc
 50
180.0
 51
270.0095244701521
  0
ARC
  5
795
330
2C6
100
AcDbEntity
  8
500154
  6
Continuous
 62
     7
100
AcDbCircle
 10
451994.7214312469
 20
-1071.235313380931
 30
0.0000000000007228
 40
5.250000000000198
100
AcDbArc
 50
89.70270123662976
 51
180.0
  0
ARC
  5
796
330
2C6
100
AcDbEntity
  8
500154
  6
Continuous
 62
     7
100
AcDbCircle
 10
451994.7214312469
 20
-989.2353133809164
 30
0.0000000000007228
 40
5.24999999999931
100
AcDbArc
 50
89.90299639882413
 51
180.0
  0
LINE
  5
797
330
2C6
100
AcDbEntity
  8
500154
  6
Continuous
 62
     7
100
AcDbLine
 10
451989.4714312468
 20
-989.2353133809164
 30
0.0000000000007228
 11
451989.4714312468
 21
-999.7353133809165
 31
0.0000000000007228
  0
ARC
  5
798
330
2C6
100
AcDbEntity
  8
500154
  6
Continuous
 62
     7
100
AcDbCircle
 10
451994.7214312469
 20
-999.735313380931
 30
0.0000000000007228
 40
5.250000000000198
100
AcDbArc
 50
180.0
 51
270.1072614143616
  0
LINE
  5
799
330
2C6
100
AcDbEntity
  8
500154
  6
Continuous
 62
     7
100
AcDbLine
 10
452109.4714312468
 20
-1014.735313380931
 30
0.0000000000007228
 11
452109.4714312468
 21
-1025.235313380931
 31
0.0000000000007228
  0
ARC
  5
79A
330
2C6
100
AcDbEntity
  8
500154
  6
Continuous
 62
     7
100
AcDbCircle
 10
452114.7214312469
 20
-1025.235313380931
 30
0.0000000000007228
 40
5.250000000000198
100
AcDbArc
 50
180.0
 51
269.8858674946163
  0
ARC
  5
79B
330
2C6
100
AcDbEntity
  8
500154
  6
Continuous
 62
     7
100
AcDbCircle
 10
452114.7214312469
 20
-1014.735313380931
 30
0.0000000000007228
 40
5.250000000000198
100
AcDbArc
 50
90.13975448013706
 51
180.0
  0
ARC
  5
79C
330
2C6
100
AcDbEntity
  8
500154
  6
Continuous
 62
     7
100
AcDbCircle
 10
452114.7214312469
 20
-1046.735313380931
 30
0.0000000000007228
 40
5.250000000000198
100
AcDbArc
 50
89.86868510169374
 51
180.0
  0
LINE
  5
79D
330
2C6
100
AcDbEntity
  8
500154
  6
Continuous
 62
     7
100
AcDbLine
 10
452109.4714312468
 20
-1046.735313380931
 30
0.0000000000007228
 11
452109.4714312468
 21
-1057.235313380931
 31
0.0000000000007228
  0
ARC
  5
79E
330
2C6
100
AcDbEntity
  8
500154
  6
Continuous
 62
     7
100
AcDbCircle
 10
452114.7214312469
 20
-1057.235313380931
 30
0.0000000000007228
 40
5.250000000000198
100
AcDbArc
 50
180.0
 51
270.3839627464229
  0
ARC
  5
79F
330
2C6
100
AcDbEntity
  8
500154
  6
Continuous
 62
     7
100
AcDbCircle
 10
452174.7214312468
 20
-1035.985313380931
 30
0.0000000000007228
 40
25.00000000000035
100
AcDbArc
 50
89.74479033917548
 51
270.3247918607189
  0
ARC
  5
7A0
330
2C6
100
AcDbEntity
  8
500154
  6
Continuous
 62
     7
100
AcDbCircle
 10
451934.7214312468
 20
-1035.985313380931
 30
0.0000000000007228
 40
25.00000000000035
100
AcDbArc
 50
89.55221715549523
 51
270.5692354298543
  0
LINE
  5
7A1
330
2C6
100
AcDbEntity
  8
30.000.023998
  6
Continuous
 62
     7
100
AcDbLine
 10
452218.4187189467
 20
-978.5853133809659
 30
0.0000000000007228
 11
452218.4187189467
 21
-1090.98531338096
 31
0.0000000000007228
  0
LINE
  5
7A2
330
2C6
100
AcDbEntity
  8
30.000.023998
  6
Continuous
 62
     7
100
AcDbLine
 10
452224.7187189468
 20
-978.5853133809659
 30
0.0000000000007228
 11
452224.7187189468
 21
-1090.98531338096
 31
0.0000000000007228
  0
ARC
  5
7A3
330
2C6
100
AcDbEntity
  8
30.000.023998
  6
Continuous
 62
     7
100
AcDbCircle
 10
452212.1187189468
 20
-978.5853133809659
 30
0.0000000000007228
 40
12.60000000000005
100
AcDbArc
 50
0.0
 51
90.0
  0
LINE
  5
7A4
330
2C6
100
AcDbEntity
  8
30.000.023998
  6
Continuous
 62
     7
100
AcDbLine
 10
451897.3187189468
 20
-965.9853133809601
 30
0.0000000000007228
 11
452212.1187189468
 21
-965.9853133809601
 31
0.0000000000007228
  0
ARC
  5
7A5
330
2C6
100
AcDbEntity
  8
30.000.023998
  6
Continuous
 62
     7
100
AcDbCircle
 10
451897.3187189468
 20
-978.5853133809659
 30
0.0000000000007228
 40
12.59999999999994
100
AcDbArc
 50
90.0
 51
180.0
  0
ARC
  5
7A6
330
2C6
100
AcDbEntity
  8
30.000.023998
  6
Continuous
 62
     7
100
AcDbCircle
 10
451897.3187189468
 20
-978.5853133809659
 30
0.0000000000007228
 40
6.299999999999972
100
AcDbArc
 50
90.0
 51
180.0
  0
LINE
  5
7A7
330
2C6
100
AcDbEntity
  8
30.000.023998
  6
Continuous
 62
     7
100
AcDbLine
 10
451897.3187189468
 20
-972.285313380963
 30
0.0000000000007228
 11
452212.1187189468
 21
-972.285313380963
 31
0.0000000000007228
  0
ARC
  5
7A8
330
2C6
100
AcDbEntity
  8
30.000.023998
  6
Continuous
 62
     7
100
AcDbCircle
 10
452212.1187189468
 20
-978.5853133809659
 30
0.0000000000007228
 40
6.300000000000027
100
AcDbArc
 50
0.0
 51
90.0
  0
LINE
  5
7A9
330
2C6
100
AcDbEntity
  8
30.000.023998
  6
Continuous
 62
     7
100
AcDbLine
 10
452224.7187189468
 20
-1110.98531338096
 30
0.0000000000007228
 11
452218.4187189467
 21
-1110.98531338096
 31
0.0000000000007228
  0
LINE
  5
7AA
330
2C6
100
AcDbEntity
  8
30.000.023998
  6
Continuous
 62
     7
100
AcDbLine
 10
452218.4187189467
 20
-1110.98531338096
 30
0.0000000000007228
 11
452218.4187189467
 21
-1090.98531338096
 31
0.0000000000007228
  0
LINE
  5
7AB
330
2C6
100
AcDbEntity
  8
30.000.023998
  6
Continuous
 62
     7
100
AcDbLine
 10
452224.7187189468
 20
-1090.98531338096
 30
0.0000000000007228
 11
452224.7187189468
 21
-1110.98531338096
 31
0.0000000000007228
  0
LINE
  5
7AC
330
2C6
100
AcDbEntity
  8
30.000.023998
  6
Continuous
 62
     7
100
AcDbLine
 10
451891.0187189468
 20
-1110.98531338096
 30
0.0000000000007228
 11
451884.7187189468
 21
-1110.98531338096
 31
0.0000000000007228
  0
LINE
  5
7AD
330
2C6
100
AcDbEntity
  8
30.000.023998
  6
Continuous
 62
     7
100
AcDbLine
 10
451884.7187189468
 20
-1090.98531338096
 30
0.0000000000007228
 11
451884.7187189468
 21
-978.5853133809659
 31
0.0000000000007228
  0
LINE
  5
7AE
330
2C6
100
AcDbEntity
  8
30.000.023998
  6
Continuous
 62
     7
100
AcDbLine
 10
451884.7187189468
 20
-1110.98531338096
 30
0.0000000000007228
 11
451884.7187189468
 21
-1090.98531338096
 31
0.0000000000007228
  0
LINE
  5
7AF
330
2C6
100
AcDbEntity
  8
30.000.023998
  6
Continuous
 62
     7
100
AcDbLine
 10
451891.0187189468
 20
-1090.98531338096
 30
0.0000000000007228
 11
451891.0187189468
 21
-978.5853133809659
 31
0.0000000000007228
  0
LINE
  5
7B0
330
2C6
100
AcDbEntity
  8
30.000.023998
  6
Continuous
 62
     7
100
AcDbLine
 10
451891.0187189468
 20
-1090.98531338096
 30
0.0000000000007228
 11
451891.0187189468
 21
-1110.98531338096
 31
0.0000000000007228
  0
CIRCLE
  5
7B1
330
2C6
100
AcDbEntity
  8
004157
  6
Continuous
 62
     7
100
AcDbCircle
 10
452814.7337601636
 20
-1406.46579343656
 30
0.0000000000007228
 40
268.67
  0
CIRCLE
  5
7B2
330
2C6
100
AcDbEntity
  8
004157
  6
Continuous
 62
     7
100
AcDbCircle
 10
452814.7337601636
 20
-1406.46579343656
 30
0.0000000000007228
 40
261.67
  0
CIRCLE
  5
7B3
330
2C6
100
AcDbEntity
  8
004157
  6
Continuous
 62
     7
100
AcDbCircle
 10
452927.6605102806
 20
-1530.174318235752
 30
0.0000000000007228
 40
13.0
  0
CIRCLE
  5
7B4
330
2C6
100
AcDbEntity
  8
004157
  6
Continuous
 62
     7
100
AcDbCircle
 10
452833.3793736679
 20
-1572.924770656295
 30
0.0000000000007228
 40
13.0
  0
CIRCLE
  5
7B5
330
2C6
100
AcDbEntity
  8
004157
  6
Continuous
 62
     7
100
AcDbCircle
 10
452731.9762464376
 20
-1552.093551511431
 30
0.0000000000007228
 40
13.00000000000056
  0
CIRCLE
  5
7B6
330
2C6
100
AcDbEntity
  8
004157
  6
Continuous
 62
     7
100
AcDbCircle
 10
452662.1836766262
 20
-1475.637478487412
 30
0.0000000000007228
 40
13.0
  0
CIRCLE
  5
7B7
330
2C6
100
AcDbEntity
  8
004157
  6
Continuous
 62
     7
100
AcDbCircle
 10
452650.6600537394
 20
-1372.760172833069
 30
0.0000000000007228
 40
13.00000000000062
  0
CIRCLE
  5
7B8
330
2C6
100
AcDbEntity
  8
004157
  6
Continuous
 62
     7
100
AcDbCircle
 10
452701.8070100464
 20
-1282.757268637352
 30
0.0000000000007228
 40
13.0
  0
CIRCLE
  5
7B9
330
2C6
100
AcDbEntity
  8
004157
  6
Continuous
 62
     7
100
AcDbCircle
 10
452796.0881466591
 20
-1240.006816216809
 30
0.0000000000007228
 40
13.0
  0
CIRCLE
  5
7BA
330
2C6
100
AcDbEntity
  8
004157
  6
Continuous
 62
     7
100
AcDbCircle
 10
452897.4912738894
 20
-1260.838035361658
 30
0.0000000000007228
 40
13.00000000000056
  0
CIRCLE
  5
7BB
330
2C6
100
AcDbEntity
  8
004157
  6
Continuous
 62
     7
100
AcDbCircle
 10
452978.8074665876
 20
-1440.171414040021
 30
0.0000000000007228
 40
13.00000000000062
  0
CIRCLE
  5
7BC
330
2C6
100
AcDbEntity
  8
004157
  6
Continuous
 62
     7
100
AcDbCircle
 10
452967.2838437007
 20
-1337.294108385677
 30
0.0000000000007228
 40
13.0
  0
CIRCLE
  5
7BD
330
2C6
100
AcDbEntity
  8
004157
  6
Continuous
 62
     7
100
AcDbCircle
 10
452814.7337601636
 20
-1406.465793436545
 30
0.0000000000007228
 40
140.5
  0
CIRCLE
  5
7BE
330
2C6
100
AcDbEntity
  8
001245
  6
Continuous
 62
     7
100
AcDbCircle
 10
452814.7337601635
 20
-1406.465793436618
 30
0.0000000000007228
 40
316.323350190803
  0
CIRCLE
  5
7BF
330
2C6
100
AcDbEntity
  8
001245
  6
Continuous
 62
     7
100
AcDbCircle
 10
452814.7337601635
 20
-1406.465793436618
 30
0.0000000000007228
 40
304.082585391439
  0
CIRCLE
  5
7C0
330
2C6
100
AcDbEntity
  8
001245
  6
Continuous
 62
     7
100
AcDbCircle
 10
452814.7337601635
 20
-1406.465793436618
 30
0.0000000000007228
 40
285.7219674151295
  0
CIRCLE
  5
7C1
330
2C6
100
AcDbEntity
  8
001245
  6
Continuous
 62
     7
100
AcDbCircle
 10
452814.7337601635
 20
-1406.465793436618
 30
0.0000000000007228
 40
275.0
  0
CIRCLE
  5
7C2
330
2C6
100
AcDbEntity
  8
001245
  6
Continuous
 62
     7
100
AcDbCircle
 10
452814.7337601635
 20
-1406.465793436618
 30
0.0000000000007228
 40
512.60323850249
  0
CIRCLE
  5
7C3
330
2C6
100
AcDbEntity
  8
001245
  6
Continuous
 62
     7
100
AcDbCircle
 10
452814.7337601635
 20
-1406.465793436618
 30
0.0000000000007228
 40
527.9999999999999
  0
ARC
  5
7C4
330
2C6
100
AcDbEntity
  8
CONTORNO
100
AcDbCircle
 10
452259.7248330266
 20
-2440.785892293189
 30
0.0000000000007228
 40
1999.999999999968
100
AcDbArc
 50
78.06901138413002
 51
90.0
  0
ARC
  5
7C5
330
2C6
100
AcDbEntity
  8
CONTORNO
100
AcDbCircle
 10
452258.9982547386
 20
-2450.78589229322
 30
0.0000000000023353
 40
2000.0
100
AcDbArc
 50
78.09915317575415
 51
90.0
  0
ARC
  5
7C6
330
2C6
100
AcDbEntity
  8
CONTORNO
100
AcDbCircle
 10
454984.3061759109
 20
1071.834206563558
 30
0.0000000000005689
 40
1999.999999999981
100
AcDbArc
 50
258.0690113841301
 51
270.0
  0
ARC
  5
7C7
330
2C6
100
AcDbEntity
  8
CONTORNO
100
AcDbCircle
 10
454988.6426362116
 20
1061.810501955537
 30
-0.0000000000007485
 40
1999.999999999981
100
AcDbArc
 50
258.099153175754
 51
270.0008572291834
  0
LINE
  5
7C8
330
2C6
100
AcDbEntity
  8
CONTORNO
100
AcDbLine
 10
446997.1221594708
 20
2756.008386759198
 30
0.0000000000007228
 11
447077.1221594708
 21
2756.008386759198
 31
0.0000000000007228
  0
LINE
  5
7C9
330
2C6
100
AcDbEntity
  8
CONTORNO
100
AcDbLine
 10
451903.1868503961
 20
2756.008386759198
 30
0.0000000000007228
 11
451983.1868503961
 21
2756.008386759198
 31
0.0000000000007228
  0
ENDBLK
  5
7CA
330
2C6
100
AcDbEntity
  8
0
100
AcDbBlockEnd
  0
ENDSEC
  0
SECTION
  2
ENTITIES
  0
LINE
  5
836
330
1F
100
AcDbEntity
  8
500227
  6
Continuous
 62
     7
100
AcDbLine
 10
21646.42692902067
 20
1272.181897028978
 30
0.0000000000005163
 11
21656.26691047387
 21
1269.728514105241
 31
0.0000000000005163
  0
LWPOLYLINE
  5
D11
330
1F
100
AcDbEntity
  8
C__USERS_PROJETO
  6
Continuous
 62
     7
100
AcDbPolyline
 90
       13
 70
     1
 43
0.0
 10
21656.26691047387
 20
1269.728514105241
 10
21850.37046265602
 20
1233.564693043291
 10
22841.17736312567
 20
1233.564693043287
 10
27912.22834192484
 20
756.000000000221
 10
32102.76672039472
 20
756.0000000002064
 10
32102.76672039466
 20
996.2909122062164
 10
31125.81802920473
 20
996.2762956160203
 42
-0.0519777139428404
 10
30713.35081105417
 20
1039.264420744998
 10
28808.58101999633
 20
1440.69177579663
 42
0.0519739634722043
 10
28396.14372480317
 20
1483.679901143398
 10
21646.42692902067
 20
1483.679901143396
 10
21646.42692902067
 20
1424.45512579341
 10
21646.42692902067
 20
1272.181897028978
  0
ENDSEC
  0
SECTION
  2
OBJECTS
  0
DICTIONARY
  5
C
330
0
100
AcDbDictionary
281
     1
  3
ACAD_CIP_PREVIOUS_PRODUCT_INFO
350
216
  3
ACAD_COLOR
350
6B
  3
ACAD_DETAILVIEWSTYLE
350
21B
  3
ACAD_GROUP
350
D
  3
ACAD_LAST_SAVED_VERSION_INFO
350
D0D
  3
ACAD_LAYOUT
350
1A
  3
ACAD_MATERIAL
350
6A
  3
ACAD_MLEADERSTYLE
350
12D
  3
ACAD_MLINESTYLE
350
17
  3
ACAD_PLOTSETTINGS
350
19
  3
ACAD_PLOTSTYLENAME
350
E
  3
ACAD_SCALELIST
350
10C
  3
ACAD_SECTIONVIEWSTYLE
350
219
  3
ACAD_TABLESTYLE
350
7E
  3
ACAD_VISUALSTYLE
350
EF
  3
ACDB_RECOMPOSE_DATA
350
D32
  3
AcDbVariableDictionary
350
5E
  0
DICTIONARY
  5
1FF
330
2
100
AcDbDictionary
280
     1
281
     1
  3
ACAD_LAYERSTATES
360
200
  0
DICTIONARY
  5
13C
330
10
100
AcDbDictionary
280
     1
281
     1
  0
DICTIONARY
  5
7CD
330
7CC
100
AcDbDictionary
280
     1
281
     1
  0
DICTIONARY
  5
1CE
330
1F
100
AcDbDictionary
280
     1
281
     1
  3
ACAD_SORTENTS
360
D04
  0
XRECORD
  5
216
102
{ACAD_REACTORS
330
C
102
}
330
C
100
AcDbXrecord
280
     1
300
ACD
300
2025
300

  0
DICTIONARY
  5
6B
102
{ACAD_REACTORS
330
C
102
}
330
C
100
AcDbDictionary
281
     1
  0
DICTIONARY
  5
21B
102
{ACAD_REACTORS
330
C
102
}
330
C
100
AcDbDictionary
281
     1
  3
Metric50
350
21C
  0
DICTIONARY
  5
D
102
{ACAD_REACTORS
330
C
102
}
330
C
100
AcDbDictionary
281
     1
  0
XRECORD
  5
D0D
102
{ACAD_REACTORS
330
C
102
}
330
C
100
AcDbXrecord
280
     1
300
{6A108CF1-1EDF-5E47-B15A-8AD1FA568894}
301
{857554A8-3BA5-4147-804C-1BE834E25052}
302
{6A108CF1-1EDF-5E47-B15A-8AD1FA568894}
303
D:\FENGBIR\fengbir\fengbir_geometry_engine\input\arquivos_dxf\longarina.dxf
  0
DICTIONARY
  5
1A
102
{ACAD_REACTORS
330
C
102
}
330
C
100
AcDbDictionary
281
     1
  3
Layout1
350
D3
  3
Layout2
350
D7
  3
Model
350
22
  0
DICTIONARY
  5
6A
102
{ACAD_REACTORS
330
C
102
}
330
C
100
AcDbDictionary
281
     1
  3
ByBlock
350
ED
  3
ByLayer
350
EC
  3
Global
350
EE
  0
DICTIONARY
  5
12D
102
{ACAD_REACTORS
330
C
102
}
330
C
100
AcDbDictionary
281
     1
  3
Annotative
350
13B
  3
Standard
350
12E
  0
DICTIONARY
  5
17
102
{ACAD_REACTORS
330
C
102
}
330
C
100
AcDbDictionary
281
     1
  3
Standard
350
18
  0
DICTIONARY
  5
19
102
{ACAD_REACTORS
330
C
102
}
330
C
100
AcDbDictionary
281
     1
  0
ACDBDICTIONARYWDFLT
  5
E
102
{ACAD_REACTORS
330
C
102
}
330
C
100
AcDbDictionary
281
     1
  3
Normal
350
F
100
AcDbDictionaryWithDefault
340
F
  0
DICTIONARY
  5
10C
102
{ACAD_REACTORS
330
C
102
}
330
C
100
AcDbDictionary
281
     1
  3
A0
350
10D
  3
A1
350
1BE
  3
A2
350
1BF
  3
A3
350
1C0
  3
A4
350
1C1
  3
A5
350
1C2
  3
A6
350
1C3
  3
A7
350
1C4
  3
A8
350
1C5
  3
A9
350
1C6
  3
B0
350
1C7
  3
B1
350
1C8
  3
B2
350
1C9
  3
B3
350
1CA
  3
B4
350
1CB
  3
B5
350
1CC
  3
B6
350
1CD
  0
DICTIONARY
  5
219
102
{ACAD_REACTORS
330
C
102
}
330
C
100
AcDbDictionary
281
     1
  3
Metric50
350
21A
  0
DICTIONARY
  5
7E
102
{ACAD_REACTORS
330
C
102
}
330
C
100
AcDbDictionary
281
     1
  3
Standard
350
7F
  0
DICTIONARY
  5
EF
102
{ACAD_REACTORS
330
C
102
}
330
C
100
AcDbDictionary
281
     1
  3
2dWireframe
350
F5
  3
Basic
350
F4
  3
Brighten
350
FB
  3
ColorChange
350
FF
  3
Conceptual
350
F8
  3
Dim
350
FA
  3
EdgeColorOff
350
1E6
  3
Facepattern
350
FE
  3
Flat
350
F0
  3
FlatWithEdges
350
F1
  3
Gouraud
350
F2
  3
GouraudWithEdges
350
F3
  3
Hidden
350
F7
  3
JitterOff
350
1E4
  3
Linepattern
350
FD
  3
OverhangOff
350
1E5
  3
Realistic
350
F9
  3
Shaded
350
1F3
  3
Shaded with edges
350
1F2
  3
Shades of Gray
350
1EF
  3
Sketchy
350
1F0
  3
Thicken
350
FC
  3
Wireframe
350
F6
  3
X-Ray
350
1F1
  0
XRECORD
  5
D32
102
{ACAD_REACTORS
330
C
102
}
330
C
100
AcDbXrecord
280
     1
 90
        1
330
7F
  0
DICTIONARY
  5
5E
102
{ACAD_REACTORS
330
C
102
}
330
C
100
AcDbDictionary
281
     1
  3
CANNOSCALE
350
146
  3
CENTEREXE
350
259
  3
CENTERLTYPEFILE
350
25A
  3
CMLEADERSTYLE
350
145
  3
CTABLESTYLE
350
84
  3
CVIEWDETAILSTYLE
350
227
  3
CVIEWSECTIONSTYLE
350
228
  3
DIMASSOC
350
5F
  3
HIDETEXT
350
63
  3
LAYEREVAL
350
1AE
  3
LAYERNOTIFY
350
1AF
  0
DICTIONARY
  5
200
102
{ACAD_REACTORS
330
1FF
102
}
330
1FF
100
AcDbDictionary
281
     1
  0
SORTENTSTABLE
  5
D04
102
{ACAD_REACTORS
330
1CE
102
}
330
1CE
100
AcDbSortentsTable
330
1F
331
D11
  5
82D
  0
ACDBDETAILVIEWSTYLE
  5
21C
102
{ACAD_REACTORS
330
21B
102
}
330
21B
100
AcDbModelDocViewStyle
 70
     0
  3
Metric50
290
     0
300
Metric50
 90
        0
100
AcDbDetailViewStyle
 70
     0
 71
     0
 90
        3
 71
     1
340
11
 62
   256
 40
5.0
340
0
 62
   256
 40
5.0
300

 40
0.0
280
     1
 71
     2
340
16
 90
       25
 62
   256
 71
     3
340
11
 62
   256
 40
5.0
 90
        0
 40
15.0
 90
        1
300
%<\AcVar ViewDetailId>% (%<\AcVar ViewScale \f "%sn">%)
 71
     4
340
16
 90
       25
 62
   256
340
16
 90
       25
 62
   256
280
     0
  0
LAYOUT
  5
D3
102
{ACAD_REACTORS
330
1A
102
}
330
1A
100
AcDbPlotSettings
  1

  2
C:\Documents and Settings\basas\Application Data\Autodesk\AutoCAD 2005\R16.1\enu\plotters\Default Windows System Printer.pc3
  4

  6

 40
0.0
 41
0.0
 42
0.0
 43
0.0
 44
0.0
 45
0.0
 46
0.0
 47
0.0
 48
0.0
 49
0.0
140
0.0
141
0.0
142
1.0
143
1.0
 70
   688
 72
     0
 73
     0
 74
     5
  7

 75
    16
147
1.0
 76
     0
 77
     2
 78
   300
148
0.0
149
0.0
100
AcDbLayout
  1
Layout1
 70
     1
 71
     1
 10
0.0
 20
0.0
 11
12.0
 21
9.0
 12
0.0
 22
0.0
 32
0.0
 14
0.0
 24
0.0
 34
0.0
 15
0.0
 25
0.0
 35
0.0
146
0.0
 13
0.0
 23
0.0
 33
0.0
 16
1.0
 26
0.0
 36
0.0
 17
0.0
 27
1.0
 37
0.0
 76
     0
330
D2
  0
LAYOUT
  5
D7
102
{ACAD_REACTORS
330
1A
102
}
330
1A
100
AcDbPlotSettings
  1

  2
C:\Documents and Settings\basas\Application Data\Autodesk\AutoCAD 2005\R16.1\enu\plotters\Default Windows System Printer.pc3
  4

  6

 40
0.0
 41
0.0
 42
0.0
 43
0.0
 44
0.0
 45
0.0
 46
0.0
 47
0.0
 48
0.0
 49
0.0
140
0.0
141
0.0
142
1.0
143
1.0
 70
   688
 72
     0
 73
     0
 74
     5
  7

 75
    16
147
1.0
 76
     0
 77
     2
 78
   300
148
0.0
149
0.0
100
AcDbLayout
  1
Layout2
 70
     1
 71
     2
 10
0.0
 20
0.0
 11
12.0
 21
9.0
 12
0.0
 22
0.0
 32
0.0
 14
0.0
 24
0.0
 34
0.0
 15
0.0
 25
0.0
 35
0.0
146
0.0
 13
0.0
 23
0.0
 33
0.0
 16
1.0
 26
0.0
 36
0.0
 17
0.0
 27
1.0
 37
0.0
 76
     0
330
D6
  0
LAYOUT
  5
22
102
{ACAD_XDICTIONARY
360
205
102
}
102
{ACAD_REACTORS
330
1A
102
}
330
1A
100
AcDbPlotSettings
  1

  2
none_device
  4
ISO_A4_(210.00_x_297.00_MM)
  6

 40
7.5
 41
20.0
 42
7.5
 43
20.0
 44
210.0
 45
297.0
 46
11.54999923706054
 47
-13.65000009536743
 48
0.0
 49
0.0
140
0.0
141
0.0
142
1.0
143
8.704084754739808
 70
 11952
 72
     1
 73
     0
 74
     0
  7

 75
     0
147
0.1148885871608098
 76
     0
 77
     2
 78
   300
148
0.0
149
0.0
100
AcDbLayout
  1
Model
 70
     1
 71
     0
 10
0.0
 20
0.0
 11
12.0
 21
9.0
 12
0.0
 22
0.0
 32
0.0
 14
0.0
 24
0.0
 34
0.0
 15
0.0
 25
0.0
 35
0.0
146
0.0
 13
0.0
 23
0.0
 33
0.0
 16
1.0
 26
0.0
 36
0.0
 17
0.0
 27
1.0
 37
0.0
 76
     0
330
1F
331
EA
1001
ACAD_PSEXT
1000
None
1000
None
1000
Not applicable
1000
The layout will not be plotted unless a new plotter configuration name is selected.
1070
     0
  0
MATERIAL
  5
ED
102
{ACAD_XDICTIONARY
360
1F9
102
}
102
{ACAD_REACTORS
330
6A
102
}
330
6A
100
AcDbMaterial
  1
ByBlock
 94
       63
  0
MATERIAL
  5
EC
102
{ACAD_XDICTIONARY
360
1F7
102
}
102
{ACAD_REACTORS
330
6A
102
}
330
6A
100
AcDbMaterial
  1
ByLayer
 94
       63
  0
MATERIAL
  5
EE
102
{ACAD_XDICTIONARY
360
173
102
}
102
{ACAD_REACTORS
330
6A
102
}
330
6A
100
AcDbMaterial
  1
Global
 43
0.0007999999797903
 43
0.0
 43
0.0
 43
0.0
 43
0.0
 43
0.0007999999797903
 43
0.0
 43
0.0
 43
0.0
 43
0.0
 43
1.0
 43
0.0
 43
0.0
 43
0.0
 43
0.0
 43
1.0
 49
0.0007999999797903
 49
0.0
 49
0.0
 49
0.0
 49
0.0
 49
0.0007999999797903
 49
0.0
 49
0.0
 49
0.0
 49
0.0
 49
1.0
 49
0.0
 49
0.0
 49
0.0
 49
0.0
 49
1.0
142
0.0007999999797903
142
0.0
142
0.0
142
0.0
142
0.0
142
0.0007999999797903
142
0.0
142
0.0
142
0.0
142
0.0
142
1.0
142
0.0
142
0.0
142
0.0
142
0.0
142
1.0
144
0.0007999999797903
144
0.0
144
0.0
144
0.0
144
0.0
144
0.0007999999797903
144
0.0
144
0.0
144
0.0
144
0.0
144
1.0
144
0.0
144
0.0
144
0.0
144
0.0
144
1.0
 94
       63
1001
ACAD
1070
    -1
1070
     3
1070
     0
1000

1071
        0
1070
     0
  0
MLEADERSTYLE
  5
13B
102
{ACAD_REACTORS
330
12D
102
}
330
12D
100
AcDbMLeaderStyle
179
     2
170
     2
171
     1
172
     0
 90
        2
 40
0.0
 41
0.0
173
     1
 91
-1056964608
340
14
 92
       -2
290
     1
 42
2.0
291
     1
 43
8.0
  3
Standard
 44
4.0
300

342
11
174
     1
178
     1
175
     1
176
     0
 93
-1056964608
 45
4.0
292
     0
297
     0
 46
4.0
 94
-1056964608
 47
1.0
 49
1.0
140
1.0
293
     1
141
0.0
294
     1
177
     0
142
1.0
295
     0
296
     1
143
3.75
271
     0
272
     9
273
     9
298
     0
  0
MLEADERSTYLE
  5
12E
102
{ACAD_REACTORS
330
12D
102
}
330
12D
100
AcDbMLeaderStyle
179
     2
170
     2
171
     1
172
     0
 90
        2
 40
0.0
 41
0.0
173
     1
 91
-1056964608
340
14
 92
       -2
290
     1
 42
2.0
291
     1
 43
8.0
  3
Standard
 44
4.0
300

342
11
174
     1
178
     1
175
     1
176
     0
 93
-1056964608
 45
4.0
292
     0
297
     0
 46
4.0
 94
-1056964608
 47
1.0
 49
1.0
140
1.0
293
     1
141
0.0
294
     1
177
     0
142
1.0
295
     0
296
     0
143
3.75
271
     0
272
     9
273
     9
298
     0
  0
MLINESTYLE
  5
18
102
{ACAD_REACTORS
330
17
102
}
330
17
100
AcDbMlineStyle
  2
STANDARD
 70
     0
  3

 62
   256
 51
90.0
 52
90.0
 71
     2
 49
0.5
 62
   256
  6
BYLAYER
 49
-0.5
 62
   256
  6
BYLAYER
  0
ACDBPLACEHOLDER
  5
F
102
{ACAD_REACTORS
330
E
102
}
330
E
  0
SCALE
  5
10D
102
{ACAD_REACTORS
330
10C
102
}
330
10C
100
AcDbScale
 70
     0
300
1:1
140
1.0
141
1.0
290
     1
  0
SCALE
  5
1BE
102
{ACAD_REACTORS
330
10C
102
}
330
10C
100
AcDbScale
 70
     0
300
1:2
140
1.0
141
2.0
290
     0
  0
SCALE
  5
1BF
102
{ACAD_REACTORS
330
10C
102
}
330
10C
100
AcDbScale
 70
     0
300
1:4
140
1.0
141
4.0
290
     0
  0
SCALE
  5
1C0
102
{ACAD_REACTORS
330
10C
102
}
330
10C
100
AcDbScale
 70
     0
300
1:5
140
1.0
141
5.0
290
     0
  0
SCALE
  5
1C1
102
{ACAD_REACTORS
330
10C
102
}
330
10C
100
AcDbScale
 70
     0
300
1:8
140
1.0
141
8.0
290
     0
  0
SCALE
  5
1C2
102
{ACAD_REACTORS
330
10C
102
}
330
10C
100
AcDbScale
 70
     0
300
1:10
140
1.0
141
10.0
290
     0
  0
SCALE
  5
1C3
102
{ACAD_REACTORS
330
10C
102
}
330
10C
100
AcDbScale
 70
     0
300
1:16
140
1.0
141
16.0
290
     0
  0
SCALE
  5
1C4
102
{ACAD_REACTORS
330
10C
102
}
330
10C
100
AcDbScale
 70
     0
300
1:20
140
1.0
141
20.0
290
     0
  0
SCALE
  5
1C5
102
{ACAD_REACTORS
330
10C
102
}
330
10C
100
AcDbScale
 70
     0
300
1:30
140
1.0
141
30.0
290
     0
  0
SCALE
  5
1C6
102
{ACAD_REACTORS
330
10C
102
}
330
10C
100
AcDbScale
 70
     0
300
1:40
140
1.0
141
40.0
290
     0
  0
SCALE
  5
1C7
102
{ACAD_REACTORS
330
10C
102
}
330
10C
100
AcDbScale
 70
     0
300
1:50
140
1.0
141
50.0
290
     0
  0
SCALE
  5
1C8
102
{ACAD_REACTORS
330
10C
102
}
330
10C
100
AcDbScale
 70
     0
300
1:100
140
1.0
141
100.0
290
     0
  0
SCALE
  5
1C9
102
{ACAD_REACTORS
330
10C
102
}
330
10C
100
AcDbScale
 70
     0
300
2:1
140
2.0
141
1.0
290
     0
  0
SCALE
  5
1CA
102
{ACAD_REACTORS
330
10C
102
}
330
10C
100
AcDbScale
 70
     0
300
4:1
140
4.0
141
1.0
290
     0
  0
SCALE
  5
1CB
102
{ACAD_REACTORS
330
10C
102
}
330
10C
100
AcDbScale
 70
     0
300
8:1
140
8.0
141
1.0
290
     0
  0
SCALE
  5
1CC
102
{ACAD_REACTORS
330
10C
102
}
330
10C
100
AcDbScale
 70
     0
300
10:1
140
10.0
141
1.0
290
     0
  0
SCALE
  5
1CD
102
{ACAD_REACTORS
330
10C
102
}
330
10C
100
AcDbScale
 70
     0
300
100:1
140
100.0
141
1.0
290
     0
  0
ACDBSECTIONVIEWSTYLE
  5
21A
102
{ACAD_REACTORS
330
219
102
}
330
219
100
AcDbModelDocViewStyle
 70
     0
  3
Metric50
290
     0
300
Metric50
 90
        0
100
AcDbSectionViewStyle
 70
     0
 71
     0
 90
      102
 71
     1
340
11
 62
   256
 40
5.0
340
0
340
0
 62
   256
 40
5.0
300
I, O, Q, S, X, Z
 40
10.0
 90
        0
 40
2.5
 90
        0
 71
     2
340
16
 90
       25
 62
   256
340
16
 90
       50
 62
   256
 40
5.0
 40
2.5
 40
5.0
 71
     3
340
11
 62
   256
 40
5.0
 90
        0
 40
15.0
 90
        1
300
%<\AcVar ViewSectionStartId>%-%<\AcVar ViewSectionEndId>% (%<\AcVar ViewScale \f "%sn">%)
 71
     4
 62
   256
 62
   257
300
ANSI31
 40
1.0
 90
        0
290
     0
290
     0
 90
        6
 40
0.0
 40
1.570796326794896
 40
0.2617993877991494
 40
1.308996938995747
 40
-0.2617993877991494
 40
1.832595714594046
  0
TABLESTYLE
  5
7F
102
{ACAD_XDICTIONARY
360
162
102
}
102
{ACAD_REACTORS
330
7E
102
}
330
7E
100
AcDbTableStyle
280
     0
  3
Standard
 70
     0
 71
     0
 40
1.5
 41
1.5
280
     0
281
     0
  7
Standard
140
4.5
170
     2
 62
     0
 63
     7
283
     0
 90
      512
 91
        0
  1

274
    -2
284
     1
 64
     0
275
    -2
285
     1
 65
     0
276
    -2
286
     1
 66
     0
277
    -2
287
     1
 67
     0
278
    -2
288
     1
 68
     0
279
    -2
289
     1
 69
     0
  7
Standard
140
6.0
170
     5
 62
     0
 63
     7
283
     0
 90
      512
 91
        0
  1

274
    -2
284
     1
 64
     0
275
    -2
285
     1
 65
     0
276
    -2
286
     1
 66
     0
277
    -2
287
     1
 67
     0
278
    -2
288
     1
 68
     0
279
    -2
289
     1
 69
     0
  7
Standard
140
4.5
170
     5
 62
     0
 63
     7
283
     0
 90
      512
 91
        0
  1

274
    -2
284
     1
 64
     0
275
    -2
285
     1
 65
     0
276
    -2
286
     1
 66
     0
277
    -2
287
     1
 67
     0
278
    -2
288
     1
 68
     0
279
    -2
289
     1
 69
     0
  0
VISUALSTYLE
  5
F5
102
{ACAD_REACTORS
330
EF
102
}
330
EF
100
AcDbVisualStyle
  2
2dWireframe
 70
     4
177
     3
291
     0
 70
    58
 90
        0
176
     1
 90
        2
176
     1
 90
        1
176
     1
 90
        0
176
     1
 40
0.6
176
     1
 40
30.0
176
     1
 62
     7
420
 16777215
176
     1
 90
        1
176
     1
 90
        4
176
     1
 62
     7
176
     1
 62
   257
176
     1
 90
        1
176
     1
 90
        1
176
     1
 40
1.0
176
     1
 90
        0
176
     1
 62
   257
176
     1
 40
1.0
176
     1
 90
        1
176
     1
 90
        6
176
     1
 90
        2
176
     1
 62
     7
176
     1
 90
        5
176
     1
 90
        0
176
     1
 90
        0
176
     1
290
     0
176
     1
 90
        1
176
     1
 40
0.0
176
     1
 90
        0
176
     1
290
     1
176
     1
290
     1
176
     1
290
     0
176
     1
290
     0
176
     1
290
     0
176
     1
290
     0
176
     1
290
     0
176
     1
290
     0
176
     1
290
     0
176
     1
 90
       50
176
     1
 40
0.0
176
     1
 40
1.0
176
     1
 90
        0
176
     1
 62
    18
420
        0
176
     1
 90
       50
176
     1
 90
        3
176
     1
 62
     5
420
      255
176
     1
290
     0
176
     1
 90
       50
176
     1
 90
       50
176
     1
 90
       50
176
     1
290
     0
176
     1
 90
       50
176
     1
 62
   256
176
     0
 40
1.0
176
     0
 90
        2
176
     1
  1
strokes_ogs.tif
176
     1
290
     0
176
     1
 40
1.0
176
     1
 40
1.0
176
     1
  0
VISUALSTYLE
  5
F4
102
{ACAD_REACTORS
330
EF
102
}
330
EF
100
AcDbVisualStyle
  2
Basic
 70
     7
177
     3
291
     1
 70
    58
 90
        1
176
     1
 90
        0
176
     1
 90
        1
176
     1
 90
        0
176
     1
 40
0.6
176
     1
 40
30.0
176
     1
 62
     7
420
 16777215
176
     1
 90
        0
176
     1
 90
        4
176
     1
 62
     7
176
     1
 62
   257
176
     1
 90
        1
176
     1
 90
        1
176
     1
 40
1.0
176
     1
 90
        8
176
     1
 62
     7
176
     1
 40
1.0
176
     1
 90
        1
176
     1
 90
        6
176
     1
 90
        2
176
     1
 62
     7
176
     1
 90
        5
176
     1
 90
        0
176
     1
 90
        0
176
     1
290
     0
176
     1
 90
        1
176
     1
 40
0.0
176
     1
 90
        0
176
     1
290
     0
176
     1
290
     1
176
     1
290
     1
176
     1
290
     0
176
     1
290
     0
176
     1
290
     0
176
     1
290
     0
176
     1
290
     0
176
     1
290
     0
176
     1
 90
       50
176
     1
 40
0.0
176
     1
 40
1.0
176
     1
 90
        0
176
     1
 62
    18
420
        0
176
     1
 90
       50
176
     1
 90
        3
176
     1
 62
     5
420
      255
176
     1
290
     0
176
     1
 90
       50
176
     1
 90
       50
176
     1
 90
       50
176
     1
290
     0
176
     1
 90
       50
176
     1
 62
   256
176
     0
 40
1.0
176
     0
 90
        2
176
     1
  1
strokes_ogs.tif
176
     1
290
     0
176
     1
 40
1.0
176
     1
 40
1.0
176
     1
  0
VISUALSTYLE
  5
FB
102
{ACAD_REACTORS
330
EF
102
}
330
EF
100
AcDbVisualStyle
  2
Brighten
 70
    12
177
     3
291
     1
 70
    58
 90
        2
176
     1
 90
        2
176
     1
 90
        1
176
     1
 90
        0
176
     1
 40
0.6
176
     1
 40
30.0
176
     1
 62
     7
420
 16777215
176
     1
 90
        1
176
     1
 90
        4
176
     1
 62
     7
176
     1
 62
   257
176
     1
 90
        1
176
     1
 90
        1
176
     1
 40
1.0
176
     1
 90
        8
176
     1
 62
     7
176
     1
 40
1.0
176
     1
 90
        1
176
     1
 90
        6
176
     1
 90
        2
176
     1
 62
     7
176
     1
 90
        5
176
     1
 90
        0
176
     1
 90
        0
176
     1
290
     0
176
     1
 90
        1
176
     1
 40
50.0
176
     1
 90
        0
176
     1
290
     0
176
     1
290
     1
176
     1
290
     1
176
     1
290
     0
176
     1
290
     0
176
     1
290
     0
176
     1
290
     0
176
     1
290
     0
176
     1
290
     0
176
     1
 90
       50
176
     1
 40
0.0
176
     1
 40
1.0
176
     1
 90
        0
176
     1
 62
    18
420
        0
176
     1
 90
       50
176
     1
 90
        3
176
     1
 62
     5
420
      255
176
     1
290
     0
176
     1
 90
       50
176
     1
 90
       50
176
     1
 90
       50
176
     1
290
     0
176
     1
 90
       50
176
     1
 62
   256
176
     0
 40
1.0
176
     0
 90
        2
176
     1
  1
strokes_ogs.tif
176
     1
290
     0
176
     1
 40
1.0
176
     1
 40
1.0
176
     1
  0
VISUALSTYLE
  5
FF
102
{ACAD_REACTORS
330
EF
102
}
330
EF
100
AcDbVisualStyle
  2
ColorChange
 70
    16
177
     3
291
     1
 70
    58
 90
        2
176
     1
 90
        2
176
     1
 90
        3
176
     1
 90
        0
176
     1
 40
0.6
176
     1
 40
30.0
176
     1
 62
     8
420
  8421504
176
     1
 90
        1
176
     1
 90
        4
176
     1
 62
     7
176
     1
 62
   257
176
     1
 90
        1
176
     1
 90
        1
176
     1
 40
1.0
176
     1
 90
        8
176
     1
 62
     8
420
  8421504
176
     1
 40
1.0
176
     1
 90
        1
176
     1
 90
        6
176
     1
 90
        2
176
     1
 62
     7
176
     1
 90
        5
176
     1
 90
        0
176
     1
 90
        0
176
     1
290
     0
176
     1
 90
        1
176
     1
 40
0.0
176
     1
 90
        0
176
     1
290
     0
176
     1
290
     1
176
     1
290
     1
176
     1
290
     0
176
     1
290
     0
176
     1
290
     0
176
     1
290
     0
176
     1
290
     0
176
     1
290
     0
176
     1
 90
       50
176
     1
 40
0.0
176
     1
 40
1.0
176
     1
 90
        0
176
     1
 62
    18
420
        0
176
     1
 90
       50
176
     1
 90
        3
176
     1
 62
     5
420
      255
176
     1
290
     0
176
     1
 90
       50
176
     1
 90
       50
176
     1
 90
       50
176
     1
290
     0
176
     1
 90
       50
176
     1
 62
   256
176
     0
 40
1.0
176
     0
 90
        2
176
     1
  1
strokes_ogs.tif
176
     1
290
     0
176
     1
 40
1.0
176
     1
 40
1.0
176
     1
  0
VISUALSTYLE
  5
F8
102
{ACAD_REACTORS
330
EF
102
}
330
EF
100
AcDbVisualStyle
  2
Conceptual
 70
     9
177
     3
291
     0
 70
    58
 90
        3
176
     1
 90
        2
176
     1
 90
        1
176
     1
 90
        0
176
     1
 40
0.6
176
     1
 40
30.0
176
     1
 62
     7
420
 16777215
176
     1
 90
        2
176
     1
 90
        2
176
     1
 62
     7
176
     1
 62
   257
176
     1
 90
        1
176
     1
 90
        1
176
     1
 40
40.0
176
     1
 90
        8
176
     1
 62
     7
176
     1
 40
1.0
176
     1
 90
        1
176
     1
 90
        6
176
     1
 90
        2
176
     1
 62
     7
176
     1
 90
        3
176
     1
 90
        0
176
     1
 90
        0
176
     1
290
     0
176
     1
 90
        1
176
     1
 40
0.0
176
     1
 90
        0
176
     1
290
     0
176
     1
290
     1
176
     1
290
     1
176
     1
290
     0
176
     1
290
     0
176
     1
290
     0
176
     1
290
     0
176
     1
290
     0
176
     1
290
     0
176
     1
 90
       50
176
     1
 40
0.0
176
     1
 40
1.0
176
     1
 90
        0
176
     1
 62
    18
420
        0
176
     1
 90
       50
176
     1
 90
        3
176
     1
 62
     5
420
      255
176
     1
290
     0
176
     1
 90
       50
176
     1
 90
       50
176
     1
 90
       50
176
     1
290
     0
176
     1
 90
       50
176
     1
 62
   256
176
     0
 40
1.0
176
     0
 90
        2
176
     1
  1
strokes_ogs.tif
176
     1
290
     0
176
     1
 40
1.0
176
     1
 40
1.0
176
     1
  0
VISUALSTYLE
  5
FA
102
{ACAD_REACTORS
330
EF
102
}
330
EF
100
AcDbVisualStyle
  2
Dim
 70
    11
177
     3
291
     1
 70
    58
 90
        2
176
     1
 90
        2
176
     1
 90
        1
176
     1
 90
        0
176
     1
 40
0.6
176
     1
 40
30.0
176
     1
 62
     7
420
 16777215
176
     1
 90
        1
176
     1
 90
        4
176
     1
 62
     7
176
     1
 62
   257
176
     1
 90
        1
176
     1
 90
        1
176
     1
 40
1.0
176
     1
 90
        8
176
     1
 62
     7
176
     1
 40
1.0
176
     1
 90
        1
176
     1
 90
        6
176
     1
 90
        2
176
     1
 62
     7
176
     1
 90
        5
176
     1
 90
        0
176
     1
 90
        0
176
     1
290
     0
176
     1
 90
        1
176
     1
 40
-50.0
176
     1
 90
        0
176
     1
290
     0
176
     1
290
     1
176
     1
290
     1
176
     1
290
     0
176
     1
290
     0
176
     1
290
     0
176
     1
290
     0
176
     1
290
     0
176
     1
290
     0
176
     1
 90
       50
176
     1
 40
0.0
176
     1
 40
1.0
176
     1
 90
        0
176
     1
 62
    18
420
        0
176
     1
 90
       50
176
     1
 90
        3
176
     1
 62
     5
420
      255
176
     1
290
     0
176
     1
 90
       50
176
     1
 90
       50
176
     1
 90
       50
176
     1
290
     0
176
     1
 90
       50
176
     1
 62
   256
176
     0
 40
1.0
176
     0
 90
        2
176
     1
  1
strokes_ogs.tif
176
     1
290
     0
176
     1
 40
1.0
176
     1
 40
1.0
176
     1
  0
VISUALSTYLE
  5
1E6
102
{ACAD_REACTORS
330
EF
102
}
330
EF
100
AcDbVisualStyle
  2
EdgeColorOff
 70
    22
177
     3
291
     1
 70
    58
 90
        2
176
     0
 90
        2
176
     0
 90
        0
176
     0
 90
        0
176
     0
 40
0.6
176
     0
 40
30.0
176
     0
 62
     7
420
 16777215
176
     0
 90
        1
176
     0
 90
        4
176
     0
 62
     7
176
     0
 62
   257
176
     0
 90
        1
176
     0
 90
        1
176
     0
 40
1.0
176
     0
 90
        8
176
     2
 62
     7
176
     0
 40
1.0
176
     0
 90
        1
176
     0
 90
        6
176
     0
 90
        2
176
     0
 62
     7
176
     0
 90
        5
176
     0
 90
        0
176
     0
 90
        0
176
     0
290
     0
176
     0
 90
        1
176
     0
 40
0.0
176
     0
 90
        0
176
     0
290
     0
176
     1
290
     1
176
     1
290
     1
176
     1
290
     0
176
     1
290
     0
176
     1
290
     0
176
     1
290
     0
176
     1
290
     0
176
     1
290
     0
176
     1
 90
       50
176
     1
 40
0.0
176
     1
 40
1.0
176
     1
 90
        0
176
     1
 62
    18
420
        0
176
     1
 90
       50
176
     1
 90
        3
176
     1
 62
     5
420
      255
176
     1
290
     0
176
     1
 90
       50
176
     1
 90
       50
176
     1
 90
       50
176
     1
290
     0
176
     1
 90
       50
176
     1
 62
   256
176
     0
 40
1.0
176
     0
 90
        2
176
     1
  1
strokes_ogs.tif
176
     1
290
     0
176
     1
 40
1.0
176
     1
 40
1.0
176
     1
  0
VISUALSTYLE
  5
FE
102
{ACAD_REACTORS
330
EF
102
}
330
EF
100
AcDbVisualStyle
  2
Facepattern
 70
    15
177
     3
291
     1
 70
    58
 90
        2
176
     1
 90
        2
176
     1
 90
        1
176
     1
 90
        0
176
     1
 40
0.6
176
     1
 40
30.0
176
     1
 62
     7
420
 16777215
176
     1
 90
        1
176
     1
 90
        4
176
     1
 62
     7
176
     1
 62
   257
176
     1
 90
        1
176
     1
 90
        1
176
     1
 40
1.0
176
     1
 90
        8
176
     1
 62
     7
176
     1
 40
1.0
176
     1
 90
        1
176
     1
 90
        6
176
     1
 90
        2
176
     1
 62
     7
176
     1
 90
        5
176
     1
 90
        0
176
     1
 90
        0
176
     1
290
     0
176
     1
 90
        1
176
     1
 40
0.0
176
     1
 90
        0
176
     1
290
     0
176
     1
290
     1
176
     1
290
     1
176
     1
290
     0
176
     1
290
     0
176
     1
290
     0
176
     1
290
     0
176
     1
290
     0
176
     1
290
     0
176
     1
 90
       50
176
     1
 40
0.0
176
     1
 40
1.0
176
     1
 90
        0
176
     1
 62
    18
420
        0
176
     1
 90
       50
176
     1
 90
        3
176
     1
 62
     5
420
      255
176
     1
290
     0
176
     1
 90
       50
176
     1
 90
       50
176
     1
 90
       50
176
     1
290
     0
176
     1
 90
       50
176
     1
 62
   256
176
     0
 40
1.0
176
     0
 90
        2
176
     1
  1
strokes_ogs.tif
176
     1
290
     0
176
     1
 40
1.0
176
     1
 40
1.0
176
     1
  0
VISUALSTYLE
  5
F0
102
{ACAD_REACTORS
330
EF
102
}
330
EF
100
AcDbVisualStyle
  2
Flat
 70
     0
177
     3
291
     1
 70
    58
 90
        2
176
     1
 90
        1
176
     1
 90
        1
176
     1
 90
        2
176
     1
 40
0.6
176
     1
 40
30.0
176
     1
 62
     7
420
 16777215
176
     1
 90
        0
176
     1
 90
        0
176
     1
 62
     7
176
     1
 62
   257
176
     1
 90
        1
176
     1
 90
        1
176
     1
 40
1.0
176
     1
 90
        8
176
     1
 62
     7
176
     1
 40
1.0
176
     1
 90
        1
176
     1
 90
        6
176
     1
 90
        2
176
     1
 62
     7
176
     1
 90
        5
176
     1
 90
        0
176
     1
 90
        0
176
     1
290
     0
176
     1
 90
       13
176
     1
 40
0.0
176
     1
 90
        0
176
     1
290
     0
176
     1
290
     1
176
     1
290
     1
176
     1
290
     0
176
     1
290
     0
176
     1
290
     0
176
     1
290
     0
176
     1
290
     0
176
     1
290
     0
176
     1
 90
       50
176
     1
 40
0.0
176
     1
 40
1.0
176
     1
 90
        0
176
     1
 62
    18
420
        0
176
     1
 90
       50
176
     1
 90
        3
176
     1
 62
     5
420
      255
176
     1
290
     0
176
     1
 90
       50
176
     1
 90
       50
176
     1
 90
       50
176
     1
290
     0
176
     1
 90
       50
176
     1
 62
   256
176
     0
 40
1.0
176
     0
 90
        2
176
     1
  1
strokes_ogs.tif
176
     1
290
     0
176
     1
 40
1.0
176
     1
 40
1.0
176
     1
  0
VISUALSTYLE
  5
F1
102
{ACAD_REACTORS
330
EF
102
}
330
EF
100
AcDbVisualStyle
  2
FlatWithEdges
 70
     1
177
     3
291
     1
 70
    58
 90
        2
176
     1
 90
        1
176
     1
 90
        1
176
     1
 90
        2
176
     1
 40
0.6
176
     1
 40
30.0
176
     1
 62
     7
420
 16777215
176
     1
 90
        1
176
     1
 90
        0
176
     1
 62
     7
176
     1
 62
   257
176
     1
 90
        1
176
     1
 90
        1
176
     1
 40
1.0
176
     1
 90
        0
176
     1
 62
   257
176
     1
 40
1.0
176
     1
 90
        1
176
     1
 90
        6
176
     1
 90
        2
176
     1
 62
     7
176
     1
 90
        5
176
     1
 90
        0
176
     1
 90
        0
176
     1
290
     0
176
     1
 90
       13
176
     1
 40
0.0
176
     1
 90
        0
176
     1
290
     0
176
     1
290
     1
176
     1
290
     1
176
     1
290
     0
176
     1
290
     0
176
     1
290
     0
176
     1
290
     0
176
     1
290
     0
176
     1
290
     0
176
     1
 90
       50
176
     1
 40
0.0
176
     1
 40
1.0
176
     1
 90
        0
176
     1
 62
    18
420
        0
176
     1
 90
       50
176
     1
 90
        3
176
     1
 62
     5
420
      255
176
     1
290
     0
176
     1
 90
       50
176
     1
 90
       50
176
     1
 90
       50
176
     1
290
     0
176
     1
 90
       50
176
     1
 62
   256
176
     0
 40
1.0
176
     0
 90
        2
176
     1
  1
strokes_ogs.tif
176
     1
290
     0
176
     1
 40
1.0
176
     1
 40
1.0
176
     1
  0
VISUALSTYLE
  5
F2
102
{ACAD_REACTORS
330
EF
102
}
330
EF
100
AcDbVisualStyle
  2
Gouraud
 70
     2
177
     3
291
     1
 70
    58
 90
        2
176
     1
 90
        2
176
     1
 90
        1
176
     1
 90
        2
176
     1
 40
0.6
176
     1
 40
30.0
176
     1
 62
     7
420
 16777215
176
     1
 90
        0
176
     1
 90
        0
176
     1
 62
     7
176
     1
 62
   257
176
     1
 90
        1
176
     1
 90
        1
176
     1
 40
1.0
176
     1
 90
        0
176
     1
 62
     7
176
     1
 40
1.0
176
     1
 90
        1
176
     1
 90
        6
176
     1
 90
        2
176
     1
 62
     7
176
     1
 90
        5
176
     1
 90
        0
176
     1
 90
        0
176
     1
290
     0
176
     1
 90
       13
176
     1
 40
0.0
176
     1
 90
        0
176
     1
290
     0
176
     1
290
     1
176
     1
290
     1
176
     1
290
     0
176
     1
290
     0
176
     1
290
     0
176
     1
290
     0
176
     1
290
     0
176
     1
290
     0
176
     1
 90
       50
176
     1
 40
0.0
176
     1
 40
1.0
176
     1
 90
        0
176
     1
 62
    18
420
        0
176
     1
 90
       50
176
     1
 90
        3
176
     1
 62
     5
420
      255
176
     1
290
     0
176
     1
 90
       50
176
     1
 90
       50
176
     1
 90
       50
176
     1
290
     0
176
     1
 90
       50
176
     1
 62
   256
176
     0
 40
1.0
176
     0
 90
        2
176
     1
  1
strokes_ogs.tif
176
     1
290
     0
176
     1
 40
1.0
176
     1
 40
1.0
176
     1
  0
VISUALSTYLE
  5
F3
102
{ACAD_REACTORS
330
EF
102
}
330
EF
100
AcDbVisualStyle
  2
GouraudWithEdges
 70
     3
177
     3
291
     1
 70
    58
 90
        2
176
     1
 90
        2
176
     1
 90
        1
176
     1
 90
        2
176
     1
 40
0.6
176
     1
 40
30.0
176
     1
 62
     7
420
 16777215
176
     1
 90
        1
176
     1
 90
        0
176
     1
 62
     7
176
     1
 62
   257
176
     1
 90
        1
176
     1
 90
        1
176
     1
 40
1.0
176
     1
 90
        0
176
     1
 62
   257
176
     1
 40
1.0
176
     1
 90
        1
176
     1
 90
        6
176
     1
 90
        2
176
     1
 62
     7
176
     1
 90
        5
176
     1
 90
        0
176
     1
 90
        0
176
     1
290
     0
176
     1
 90
       13
176
     1
 40
0.0
176
     1
 90
        0
176
     1
290
     0
176
     1
290
     1
176
     1
290
     1
176
     1
290
     0
176
     1
290
     0
176
     1
290
     0
176
     1
290
     0
176
     1
290
     0
176
     1
290
     0
176
     1
 90
       50
176
     1
 40
0.0
176
     1
 40
1.0
176
     1
 90
        0
176
     1
 62
    18
420
        0
176
     1
 90
       50
176
     1
 90
        3
176
     1
 62
     5
420
      255
176
     1
290
     0
176
     1
 90
       50
176
     1
 90
       50
176
     1
 90
       50
176
     1
290
     0
176
     1
 90
       50
176
     1
 62
   256
176
     0
 40
1.0
176
     0
 90
        2
176
     1
  1
strokes_ogs.tif
176
     1
290
     0
176
     1
 40
1.0
176
     1
 40
1.0
176
     1
  0
VISUALSTYLE
  5
F7
102
{ACAD_REACTORS
330
EF
102
}
330
EF
100
AcDbVisualStyle
  2
Hidden
 70
     6
177
     3
291
     0
 70
    58
 90
        1
176
     1
 90
        2
176
     1
 90
        2
176
     1
 90
        0
176
     1
 40
0.6
176
     1
 40
30.0
176
     1
 62
     7
420
 16777215
176
     1
 90
        2
176
     1
 90
        2
176
     1
 62
     7
176
     1
 62
   257
176
     1
 90
        2
176
     1
 90
        1
176
     1
 40
40.0
176
     1
 90
        0
176
     1
 62
   257
176
     1
 40
1.0
176
     1
 90
        1
176
     1
 90
        6
176
     1
 90
        2
176
     1
 62
     7
176
     1
 90
        3
176
     1
 90
        0
176
     1
 90
        0
176
     1
290
     0
176
     1
 90
        1
176
     1
 40
0.0
176
     1
 90
        0
176
     1
290
     0
176
     1
290
     1
176
     1
290
     1
176
     1
290
     0
176
     1
290
     0
176
     1
290
     0
176
     1
290
     0
176
     1
290
     0
176
     1
290
     0
176
     1
 90
       50
176
     1
 40
0.0
176
     1
 40
1.0
176
     1
 90
        0
176
     1
 62
    18
420
        0
176
     1
 90
       50
176
     1
 90
        3
176
     1
 62
     5
420
      255
176
     1
290
     0
176
     1
 90
       50
176
     1
 90
       50
176
     1
 90
       50
176
     1
290
     0
176
     1
 90
       50
176
     1
 62
   256
176
     0
 40
1.0
176
     0
 90
        2
176
     1
  1
strokes_ogs.tif
176
     1
290
     0
176
     1
 40
1.0
176
     1
 40
1.0
176
     1
  0
VISUALSTYLE
  5
1E4
102
{ACAD_REACTORS
330
EF
102
}
330
EF
100
AcDbVisualStyle
  2
JitterOff
 70
    20
177
     3
291
     1
 70
    58
 90
        2
176
     0
 90
        2
176
     0
 90
        0
176
     0
 90
        0
176
     0
 40
0.6
176
     0
 40
30.0
176
     0
 62
     7
420
 16777215
176
     0
 90
        1
176
     0
 90
        4
176
     0
 62
     7
176
     0
 62
   257
176
     0
 90
        1
176
     0
 90
        1
176
     0
 40
1.0
176
     0
 90
       10
176
     2
 62
     7
176
     0
 40
1.0
176
     0
 90
        1
176
     0
 90
        6
176
     0
 90
        2
176
     0
 62
     7
176
     0
 90
        5
176
     0
 90
        0
176
     0
 90
        0
176
     0
290
     0
176
     0
 90
        1
176
     0
 40
0.0
176
     0
 90
        0
176
     0
290
     0
176
     1
290
     1
176
     1
290
     1
176
     1
290
     0
176
     1
290
     0
176
     1
290
     0
176
     1
290
     0
176
     1
290
     0
176
     1
290
     0
176
     1
 90
       50
176
     1
 40
0.0
176
     1
 40
1.0
176
     1
 90
        0
176
     1
 62
    18
420
        0
176
     1
 90
       50
176
     1
 90
        3
176
     1
 62
     5
420
      255
176
     1
290
     0
176
     1
 90
       50
176
     1
 90
       50
176
     1
 90
       50
176
     1
290
     0
176
     1
 90
       50
176
     1
 62
   256
176
     0
 40
1.0
176
     0
 90
        2
176
     1
  1
strokes_ogs.tif
176
     1
290
     0
176
     1
 40
1.0
176
     1
 40
1.0
176
     1
  0
VISUALSTYLE
  5
FD
102
{ACAD_REACTORS
330
EF
102
}
330
EF
100
AcDbVisualStyle
  2
Linepattern
 70
    14
177
     3
291
     1
 70
    58
 90
        2
176
     1
 90
        2
176
     1
 90
        1
176
     1
 90
        0
176
     1
 40
0.6
176
     1
 40
30.0
176
     1
 62
     7
420
 16777215
176
     1
 90
        1
176
     1
 90
        4
176
     1
 62
     7
176
     1
 62
   257
176
     1
 90
        7
176
     1
 90
        7
176
     1
 40
1.0
176
     1
 90
        8
176
     1
 62
     7
176
     1
 40
1.0
176
     1
 90
        1
176
     1
 90
        6
176
     1
 90
        2
176
     1
 62
     7
176
     1
 90
        5
176
     1
 90
        0
176
     1
 90
        0
176
     1
290
     0
176
     1
 90
        1
176
     1
 40
0.0
176
     1
 90
        0
176
     1
290
     0
176
     1
290
     1
176
     1
290
     1
176
     1
290
     0
176
     1
290
     0
176
     1
290
     0
176
     1
290
     0
176
     1
290
     0
176
     1
290
     0
176
     1
 90
       50
176
     1
 40
0.0
176
     1
 40
1.0
176
     1
 90
        0
176
     1
 62
    18
420
        0
176
     1
 90
       50
176
     1
 90
        3
176
     1
 62
     5
420
      255
176
     1
290
     0
176
     1
 90
       50
176
     1
 90
       50
176
     1
 90
       50
176
     1
290
     0
176
     1
 90
       50
176
     1
 62
   256
176
     0
 40
1.0
176
     0
 90
        2
176
     1
  1
strokes_ogs.tif
176
     1
290
     0
176
     1
 40
1.0
176
     1
 40
1.0
176
     1
  0
VISUALSTYLE
  5
1E5
102
{ACAD_REACTORS
330
EF
102
}
330
EF
100
AcDbVisualStyle
  2
OverhangOff
 70
    21
177
     3
291
     1
 70
    58
 90
        2
176
     0
 90
        2
176
     0
 90
        0
176
     0
 90
        0
176
     0
 40
0.6
176
     0
 40
30.0
176
     0
 62
     7
420
 16777215
176
     0
 90
        1
176
     0
 90
        4
176
     0
 62
     7
176
     0
 62
   257
176
     0
 90
        1
176
     0
 90
        1
176
     0
 40
1.0
176
     0
 90
        9
176
     2
 62
     7
176
     0
 40
1.0
176
     0
 90
        1
176
     0
 90
        6
176
     0
 90
        2
176
     0
 62
     7
176
     0
 90
        5
176
     0
 90
        0
176
     0
 90
        0
176
     0
290
     0
176
     0
 90
        1
176
     0
 40
0.0
176
     0
 90
        0
176
     0
290
     0
176
     1
290
     1
176
     1
290
     1
176
     1
290
     0
176
     1
290
     0
176
     1
290
     0
176
     1
290
     0
176
     1
290
     0
176
     1
290
     0
176
     1
 90
       50
176
     1
 40
0.0
176
     1
 40
1.0
176
     1
 90
        0
176
     1
 62
    18
420
        0
176
     1
 90
       50
176
     1
 90
        3
176
     1
 62
     5
420
      255
176
     1
290
     0
176
     1
 90
       50
176
     1
 90
       50
176
     1
 90
       50
176
     1
290
     0
176
     1
 90
       50
176
     1
 62
   256
176
     0
 40
1.0
176
     0
 90
        2
176
     1
  1
strokes_ogs.tif
176
     1
290
     0
176
     1
 40
1.0
176
     1
 40
1.0
176
     1
  0
VISUALSTYLE
  5
F9
102
{ACAD_REACTORS
330
EF
102
}
330
EF
100
AcDbVisualStyle
  2
Realistic
 70
     8
177
     3
291
     0
 70
    58
 90
        2
176
     1
 90
        3
176
     1
 90
        0
176
     1
 90
        2
176
     1
 40
0.6
176
     1
 40
30.0
176
     1
 62
     7
420
 16777215
176
     1
 90
        0
176
     1
 90
        0
176
     1
 62
     7
176
     1
 62
   257
176
     1
 90
        1
176
     1
 90
        1
176
     1
 40
1.0
176
     1
 90
        8
176
     1
 62
   257
176
     1
 40
1.0
176
     1
 90
        1
176
     1
 90
        6
176
     1
 90
        2
176
     1
 62
     7
176
     1
 90
        3
176
     1
 90
        0
176
     1
 90
        0
176
     1
290
     0
176
     1
 90
       13
176
     1
 40
0.0
176
     1
 90
        0
176
     1
290
     0
176
     1
290
     1
176
     1
290
     1
176
     1
290
     0
176
     1
290
     0
176
     1
290
     0
176
     1
290
     0
176
     1
290
     0
176
     1
290
     0
176
     1
 90
       50
176
     1
 40
0.0
176
     1
 40
1.0
176
     1
 90
        0
176
     1
 62
    18
420
        0
176
     1
 90
       50
176
     1
 90
        3
176
     1
 62
     5
420
      255
176
     1
290
     0
176
     1
 90
       50
176
     1
 90
       50
176
     1
 90
       50
176
     1
290
     0
176
     1
 90
       50
176
     1
 62
   256
176
     0
 40
1.0
176
     0
 90
        2
176
     1
  1
strokes_ogs.tif
176
     1
290
     0
176
     1
 40
1.0
176
     1
 40
1.0
176
     1
  0
VISUALSTYLE
  5
1F3
102
{ACAD_REACTORS
330
EF
102
}
330
EF
100
AcDbVisualStyle
  2
Shaded
 70
    27
177
     3
291
     0
 70
    58
 90
        2
176
     1
 90
        2
176
     1
 90
        1
176
     1
 90
        2
176
     1
 40
0.6
176
     1
 40
30.0
176
     1
 62
     7
420
 16777215
176
     1
 90
        0
176
     1
 90
        4
176
     1
 62
     7
176
     1
 62
   257
176
     1
 90
        1
176
     1
 90
        1
176
     1
 40
1.0
176
     1
 90
        8
176
     1
 62
   257
176
     1
 40
1.0
176
     1
 90
        1
176
     1
 90
        6
176
     1
 90
        2
176
     1
 62
     8
420
  7895160
176
     1
 90
        3
176
     1
 90
        0
176
     1
 90
        0
176
     1
290
     0
176
     1
 90
        5
176
     1
 40
0.0
176
     1
 90
        0
176
     1
290
     0
176
     1
290
     1
176
     1
290
     1
176
     1
290
     0
176
     1
290
     0
176
     1
290
     0
176
     1
290
     0
176
     1
290
     0
176
     1
290
     0
176
     1
 90
       50
176
     1
 40
0.0
176
     1
 40
1.0
176
     1
 90
        0
176
     1
 62
    18
420
        0
176
     1
 90
       50
176
     1
 90
        3
176
     1
 62
     5
420
      255
176
     1
290
     0
176
     1
 90
       50
176
     1
 90
       50
176
     1
 90
       50
176
     1
290
     0
176
     1
 90
       50
176
     1
 62
   256
176
     0
 40
1.0
176
     0
 90
        2
176
     1
  1
strokes_ogs.tif
176
     1
290
     0
176
     1
 40
1.0
176
     1
 40
1.0
176
     1
  0
VISUALSTYLE
  5
1F2
102
{ACAD_REACTORS
330
EF
102
}
330
EF
100
AcDbVisualStyle
  2
Shaded with edges
 70
    26
177
     3
291
     0
 70
    58
 90
        2
176
     1
 90
        2
176
     1
 90
        1
176
     1
 90
        2
176
     1
 40
0.6
176
     1
 40
30.0
176
     1
 62
     7
420
 16777215
176
     1
 90
        1
176
     1
 90
        2
176
     1
 62
     7
176
     1
 62
   257
176
     1
 90
        2
176
     1
 90
        1
176
     1
 40
1.0
176
     1
 90
        8
176
     1
 62
   257
176
     1
 40
1.0
176
     1
 90
        1
176
     1
 90
        6
176
     1
 90
        2
176
     1
 62
     7
176
     1
 90
        3
176
     1
 90
        0
176
     1
 90
        0
176
     1
290
     0
176
     1
 90
        5
176
     1
 40
0.0
176
     1
 90
        0
176
     1
290
     0
176
     1
290
     1
176
     1
290
     1
176
     1
290
     0
176
     1
290
     0
176
     1
290
     0
176
     1
290
     0
176
     1
290
     0
176
     1
290
     0
176
     1
 90
       50
176
     1
 40
0.0
176
     1
 40
1.0
176
     1
 90
        0
176
     1
 62
    18
420
        0
176
     1
 90
       50
176
     1
 90
        3
176
     1
 62
     5
420
      255
176
     1
290
     0
176
     1
 90
       50
176
     1
 90
       50
176
     1
 90
       50
176
     1
290
     0
176
     1
 90
       50
176
     1
 62
   256
176
     0
 40
1.0
176
     0
 90
        2
176
     1
  1
strokes_ogs.tif
176
     1
290
     0
176
     1
 40
1.0
176
     1
 40
1.0
176
     1
  0
VISUALSTYLE
  5
1EF
102
{ACAD_REACTORS
330
EF
102
}
330
EF
100
AcDbVisualStyle
  2
Shades of Gray
 70
    23
177
     3
291
     0
 70
    58
 90
        2
176
     1
 90
        2
176
     1
 90
        3
176
     1
 90
        0
176
     1
 40
0.6
176
     1
 40
30.0
176
     1
 62
     7
420
 16777215
176
     1
 90
        2
176
     1
 90
        2
176
     1
 62
     7
176
     1
 62
     7
176
     1
 90
        1
176
     1
 90
        1
176
     1
 40
40.0
176
     1
 90
        8
176
     1
 62
     7
176
     1
 40
1.0
176
     1
 90
        1
176
     1
 90
        6
176
     1
 90
        2
176
     1
 62
     7
176
     1
 90
        3
176
     1
 90
        0
176
     1
 90
        0
176
     1
290
     0
176
     1
 90
        1
176
     1
 40
0.0
176
     1
 90
        0
176
     1
290
     0
176
     1
290
     1
176
     1
290
     1
176
     1
290
     0
176
     1
290
     0
176
     1
290
     0
176
     1
290
     0
176
     1
290
     0
176
     1
290
     0
176
     1
 90
       50
176
     1
 40
0.0
176
     1
 40
1.0
176
     1
 90
        0
176
     1
 62
    18
420
        0
176
     1
 90
       50
176
     1
 90
        3
176
     1
 62
     5
420
      255
176
     1
290
     0
176
     1
 90
       50
176
     1
 90
       50
176
     1
 90
       50
176
     1
290
     0
176
     1
 90
       50
176
     1
 62
   256
176
     0
 40
1.0
176
     0
 90
        2
176
     1
  1
strokes_ogs.tif
176
     1
290
     0
176
     1
 40
1.0
176
     1
 40
1.0
176
     1
  0
VISUALSTYLE
  5
1F0
102
{ACAD_REACTORS
330
EF
102
}
330
EF
100
AcDbVisualStyle
  2
Sketchy
 70
    24
177
     3
291
     0
 70
    58
 90
        1
176
     1
 90
        2
176
     1
 90
        2
176
     1
 90
        0
176
     1
 40
0.6
176
     1
 40
30.0
176
     1
 62
     7
420
 16777215
176
     1
 90
        2
176
     1
 90
        2
176
     1
 62
     7
176
     1
 62
     7
176
     1
 90
        1
176
     1
 90
        1
176
     1
 40
40.0
176
     1
 90
       11
176
     1
 62
     7
176
     1
 40
1.0
176
     1
 90
        1
176
     1
 90
        6
176
     1
 90
        2
176
     1
 62
     7
176
     1
 90
        6
176
     1
 90
        0
176
     1
 90
        0
176
     1
290
     0
176
     1
 90
        1
176
     1
 40
0.0
176
     1
 90
        0
176
     1
290
     0
176
     1
290
     1
176
     1
290
     1
176
     1
290
     0
176
     1
290
     0
176
     1
290
     0
176
     1
290
     0
176
     1
290
     0
176
     1
290
     0
176
     1
 90
       50
176
     1
 40
0.0
176
     1
 40
1.0
176
     1
 90
        0
176
     1
 62
    18
420
        0
176
     1
 90
       50
176
     1
 90
        3
176
     1
 62
     5
420
      255
176
     1
290
     0
176
     1
 90
       50
176
     1
 90
       50
176
     1
 90
       50
176
     1
290
     0
176
     1
 90
       50
176
     1
 62
   256
176
     0
 40
1.0
176
     0
 90
        2
176
     1
  1
strokes_ogs.tif
176
     1
290
     0
176
     1
 40
1.0
176
     1
 40
1.0
176
     1
  0
VISUALSTYLE
  5
FC
102
{ACAD_REACTORS
330
EF
102
}
330
EF
100
AcDbVisualStyle
  2
Thicken
 70
    13
177
     3
291
     1
 70
    58
 90
        2
176
     1
 90
        2
176
     1
 90
        1
176
     1
 90
        0
176
     1
 40
0.6
176
     1
 40
30.0
176
     1
 62
     7
420
 16777215
176
     1
 90
        1
176
     1
 90
        4
176
     1
 62
     7
176
     1
 62
   257
176
     1
 90
        1
176
     1
 90
        1
176
     1
 40
1.0
176
     1
 90
       12
176
     1
 62
     7
176
     1
 40
1.0
176
     1
 90
        1
176
     1
 90
        6
176
     1
 90
        2
176
     1
 62
     7
176
     1
 90
        5
176
     1
 90
        0
176
     1
 90
        0
176
     1
290
     0
176
     1
 90
        1
176
     1
 40
0.0
176
     1
 90
        0
176
     1
290
     0
176
     1
290
     1
176
     1
290
     1
176
     1
290
     0
176
     1
290
     0
176
     1
290
     0
176
     1
290
     0
176
     1
290
     0
176
     1
290
     0
176
     1
 90
       50
176
     1
 40
0.0
176
     1
 40
1.0
176
     1
 90
        0
176
     1
 62
    18
420
        0
176
     1
 90
       50
176
     1
 90
        3
176
     1
 62
     5
420
      255
176
     1
290
     0
176
     1
 90
       50
176
     1
 90
       50
176
     1
 90
       50
176
     1
290
     0
176
     1
 90
       50
176
     1
 62
   256
176
     0
 40
1.0
176
     0
 90
        2
176
     1
  1
strokes_ogs.tif
176
     1
290
     0
176
     1
 40
1.0
176
     1
 40
1.0
176
     1
  0
VISUALSTYLE
  5
F6
102
{ACAD_REACTORS
330
EF
102
}
330
EF
100
AcDbVisualStyle
  2
Wireframe
 70
     5
177
     3
291
     0
 70
    58
 90
        0
176
     1
 90
        2
176
     1
 90
        0
176
     1
 90
        0
176
     1
 40
0.6
176
     1
 40
30.0
176
     1
 62
     7
420
 16777215
176
     1
 90
        1
176
     1
 90
        4
176
     1
 62
     7
176
     1
 62
   257
176
     1
 90
        1
176
     1
 90
        1
176
     1
 40
1.0
176
     1
 90
        0
176
     1
 62
   257
176
     1
 40
1.0
176
     1
 90
        1
176
     1
 90
        6
176
     1
 90
        2
176
     1
 62
     7
176
     1
 90
        3
176
     1
 90
        0
176
     1
 90
        0
176
     1
290
     0
176
     1
 90
        1
176
     1
 40
0.0
176
     1
 90
        0
176
     1
290
     0
176
     1
290
     1
176
     1
290
     1
176
     1
290
     0
176
     1
290
     0
176
     1
290
     0
176
     1
290
     0
176
     1
290
     0
176
     1
290
     0
176
     1
 90
       50
176
     1
 40
0.0
176
     1
 40
1.0
176
     1
 90
        0
176
     1
 62
    18
420
        0
176
     1
 90
       50
176
     1
 90
        3
176
     1
 62
     5
420
      255
176
     1
290
     0
176
     1
 90
       50
176
     1
 90
       50
176
     1
 90
       50
176
     1
290
     0
176
     1
 90
       50
176
     1
 62
   256
176
     0
 40
1.0
176
     0
 90
        2
176
     1
  1
strokes_ogs.tif
176
     1
290
     0
176
     1
 40
1.0
176
     1
 40
1.0
176
     1
  0
VISUALSTYLE
  5
1F1
102
{ACAD_REACTORS
330
EF
102
}
330
EF
100
AcDbVisualStyle
  2
X-Ray
 70
    25
177
     3
291
     0
 70
    58
 90
        2
176
     1
 90
        2
176
     1
 90
        1
176
     1
 90
        1
176
     1
 40
0.5
176
     1
 40
30.0
176
     1
 62
     7
420
 16777215
176
     1
 90
        1
176
     1
 90
        0
176
     1
 62
     7
176
     1
 62
   257
176
     1
 90
        1
176
     1
 90
        1
176
     1
 40
1.0
176
     1
 90
        8
176
     1
 62
     7
176
     1
 40
1.0
176
     1
 90
        1
176
     1
 90
        6
176
     1
 90
        2
176
     1
 62
     7
176
     1
 90
        3
176
     1
 90
        0
176
     1
 90
        0
176
     1
290
     0
176
     1
 90
       13
176
     1
 40
0.0
176
     1
 90
        0
176
     1
290
     0
176
     1
290
     1
176
     1
290
     1
176
     1
290
     0
176
     1
290
     0
176
     1
290
     0
176
     1
290
     0
176
     1
290
     0
176
     1
290
     0
176
     1
 90
       50
176
     1
 40
0.0
176
     1
 40
1.0
176
     1
 90
        0
176
     1
 62
    18
420
        0
176
     1
 90
       50
176
     1
 90
        3
176
     1
 62
     5
420
      255
176
     1
290
     0
176
     1
 90
       50
176
     1
 90
       50
176
     1
 90
       50
176
     1
290
     0
176
     1
 90
       50
176
     1
 62
   256
176
     0
 40
1.0
176
     0
 90
        2
176
     1
  1
strokes_ogs.tif
176
     1
290
     0
176
     1
 40
1.0
176
     1
 40
1.0
176
     1
  0
DICTIONARYVAR
  5
146
102
{ACAD_REACTORS
330
5E
102
}
330
5E
100
DictionaryVariables
280
     0
  1
1:1
  0
DICTIONARYVAR
  5
259
102
{ACAD_REACTORS
330
5E
102
}
330
5E
100
DictionaryVariables
280
     0
  1
3.500000
  0
DICTIONARYVAR
  5
25A
102
{ACAD_REACTORS
330
5E
102
}
330
5E
100
DictionaryVariables
280
     0
  1
acadiso.lin
  0
DICTIONARYVAR
  5
145
102
{ACAD_REACTORS
330
5E
102
}
330
5E
100
DictionaryVariables
280
     0
  1
STANDARD
  0
DICTIONARYVAR
  5
84
102
{ACAD_REACTORS
330
5E
102
}
330
5E
100
DictionaryVariables
280
     0
  1
STANDARD
  0
DICTIONARYVAR
  5
227
102
{ACAD_REACTORS
330
5E
102
}
330
5E
100
DictionaryVariables
280
     0
  1
Metric50
  0
DICTIONARYVAR
  5
228
102
{ACAD_REACTORS
330
5E
102
}
330
5E
100
DictionaryVariables
280
     0
  1
Metric50
  0
DICTIONARYVAR
  5
5F
102
{ACAD_REACTORS
330
5E
102
}
330
5E
100
DictionaryVariables
280
     0
  1
2
  0
DICTIONARYVAR
  5
63
102
{ACAD_REACTORS
330
5E
102
}
330
5E
100
DictionaryVariables
280
     0
  1
1
  0
DICTIONARYVAR
  5
1AE
102
{ACAD_REACTORS
330
5E
102
}
330
5E
100
DictionaryVariables
280
     0
  1
0
  0
DICTIONARYVAR
  5
1AF
102
{ACAD_REACTORS
330
5E
102
}
330
5E
100
DictionaryVariables
280
     0
  1
0
  0
DICTIONARY
  5
205
330
22
100
AcDbDictionary
280
     1
281
     1
  0
DICTIONARY
  5
1F9
330
ED
100
AcDbDictionary
280
     1
281
     1
  3
FBXASSET
360
1FA
  0
DICTIONARY
  5
1F7
330
EC
100
AcDbDictionary
280
     1
281
     1
  3
FBXASSET
360
1F8
  0
DICTIONARY
  5
173
330
EE
100
AcDbDictionary
280
     1
281
     1
  3
BUMPTILE
360
175
  3
DIFFUSETILE
360
174
  3
FBXASSET
360
1FB
  3
OPACITYTILE
360
176
  3
REFLECTIONTILE
360
177
  0
DICTIONARY
  5
162
330
7F
100
AcDbDictionary
280
     1
281
     1
  3
ACAD_ROUNDTRIP_2008_TABLESTYLE_CELLSTYLEMAP
360
D31
  0
XRECORD
  5
1FA
102
{ACAD_REACTORS
330
1F9
102
}
330
1F9
100
AcDbXrecord
280
     1
 70
     1
 90
429727718
  1
D62C5603-E3A1-4AEA-B7FB-FE5D8D0755AF
310
504B03040A0000080000CC70623B3DEE336E79000000790000001B0000006175746F6465736B2D64657369676E2D7061636B6167652E786D6C3C3F786D6C2076657273696F6E3D22312E302220656E636F64696E673D227574662D3822203F3E3C666F726D6174733E3C666F726D61743E687474703A2F2F736368656D612E
310
6175746F6465736B2E636F6D2F64657369676E2D7061636B6167652F323030393C2F666F726D61743E3C2F666F726D6174733E504B0304140006080800CC70623BD486FD9CA0000000F4000000130000005B436F6E74656E745F54797065735D2E786D6C7D8EC10E82300C865F65E91D8A1E8C310C0EEA1BF002731658846E
310
D98AC1B77784ABF1D8FE5FBFBF75BBCE937A534CCEB38643598122B6FEE978D0B0485F9C41B54DDD7D022595594E1A469170414C76A4D9A4D207E29CF43ECE46F218070CC6BECC4078ACAA135ACF422C856C0E68EA1BF5669944DDD7BCDE7B1F8E415D77AECB980613C2E4AC91FC167A2B244592486606FC29C8FD7F045B9A
310
EF7053A7E60B504B0304140006080800CC70623B853B8169EB0000007C01000008000000636F72652E786D6C8D90416EC3201045AF62CDB6C206821CC7C244919D9CA01740401C94182C03558F5F9C3852BBEB6A467FFE9B197D7EFC9E1EC5975982F5AE035262288C535E5B377690E21535501C055FBC8FBF6C503839990E
310
5619041F179FE64D52DE45E362569DD7661365082642A11EB9E920A89B99642953CC8E702F67A9EE7234257977194EC9EAE275C4EABCCF5EAD5940D4AC6F0E35A568B8F43562CD7046CD199FD07E60174276A7BE677B5EADB0E0D14EEFFB6A31321A0D82627C4084204C3F096B71DD52F6819B16635EADF63F509AF53FA164
310
5DDCD1EDDD17164090FCC8732078B56691CB33A85CD7DCC40F504B0304140006080800CC70623B55019EA25F0000007C00000007000000636E782E786D6C4DCB3B0E80201045D1AD90E915ED2CF8AC45050C11660C8261F98AB1B07AC9C97D42D718D865D3E909258CFD00CCE24AC6E326A164D74DC0B4128928FF32603847
310
2BA13128B1252AC747C6BAB984FC68F0B87FE8960A5C09FE86CFB69FBA01504B0304140006080800CC70623BDBABAAF470010000D40300000C0000006662782F636F72652E786D6CC553D16E823014FD95A6AF4B694182CC941A83FA05FB810A9511A125A5257EFE2E82712ECEB8A7F100CD39F7F69E734AF9FADC366850B6
310
AF8DCE7018308C942E4C59EB2AC3DE1D498AD15A706B8CFB56869196ADCAF00863C12B6B7C374385D14E6907A836A59A41D9F7CA615434B0C8705F7CAA5606D23BA8E84F41278B93AC54100640439DE0BDB320004D43C63716C7C399D30917DCFBBA9CD9BA8469F5B156168B24CED3F7248AC8769F27244EB73B92EED8862C
310
B7F13E0C179B3C8F979C8ECD82BBBABDAA2BAC924E9558448CBD9330242CFA08E3154B5651FCC6D215639C8EE5774DBE2B5F6CF2B5768B68963BB5F5588420E442FC700B1139D4CB01F450C1E918227C2E09DF070D8140C84E1E9AAB8F1340832A9CB13130A5F1376A908D57309505ECF2A0DF179C4E9D30F5B239B87E3823
310
7A79C6F31DE1A8A5AEC08474B03C7837EAE4938639B44E5932B833D2C6B6B279CDC613877FA26EE21F4A2A4C63EC7F29A2F301D1F9F7A0E37D145F504B0304140006080800CC70623B9C113CC27E0000009D0000000B0000006662782F636E782E786D6C4DCCDF0A83201C86E15B91DFB94BFB330DD428C8FB886521330DA7
310
6397BF1A1DECE883878F57749FCDA1B7892F1BBC047A23808C7F84D9FA55424E0BE6803A256208E9EF06C84F9B91703228B1C690F78B66B34CD9A5439DF5CF0BFBF65E35BCA1B8D6A5C6F540381E886698B5741C695F9503EBA150A2F8958E3DC3EA0B504B0304140006080800CC70623B7DF2F77C2A010000120200003100
310
00006662782F41393633353835312D344632462D344230382D423046372D3739314545314133324237412F636F72652E786D6C8D51DB8EC22014FC15C2939B0D2DB4B45643319AE817EC0F6041255A68B86CFCFC856D4D76DF7CE190393373060EDB3DC707F856CE6B6B7A480A0C81328395DA5C7B18C3057510EC3873D686
310
3F34088C18550F330C39BB3A1BA7051AAC09CA84841A2BD5020AEF55806078A44B0FFD7053A328440C89E1EFC52486BBB8AA8214A99D789CF9E05200300FC927E4FB4D5B375D43103D5527440FB843077C5AA3F5861C8F645F5787F59E95B390B318B55CE45AA638FAA2957BD7248B390B7A7CC51F9C124149C82B8C378810
310
84AB2F42B7B8DD56F413775B8C5999E9FF4471926F8AA236A1AE96B8B3CC434E5839373893369E1FAF30EA395917409EB7F26AF8801C171837A4A6AC9C89E9F9C9B1A58BA30FD6A5EF5DDDCF894B9AD9B6A59C957943A9FCAE2FD5BC4DFE03504B0304140006080800CC70623BAD7543B64E01000033030000300000006662
310
782F41393633353835312D344632462D344230382D423046372D3739314545314133324237412F636E782E786D6CD593CD6EC32010845F0571AD6CE3D48AD20813A9873E410FBD12D82434182C7EAAE6EDBB2424CD25871E7B41D6EC30B3FA84F9E67BB2E40B4234DE8DB46F1925E094D7C6ED479AD3AE5951B2113C789FEE
310
6C943839C1488B4C05DF079FE72A69D8C96C13AAD6B8631503449F83828872B949AC57D26200B826A308D316B4064D6E46FCDA41C05550DC9E483A00797BFD207EFB092A45DE9514C1BBD22178396BD39D891265658C238DEA00936C654E5E433CB65A26D9F6EDB5EBC14EBF49A45CB856E66048291F6939A9A81BB5C89177
310
38143CA680F4AA299D66A042CEB3354A2684DC9D8D178FE0D9B8B41CAAD720F880EE7EF93C0C18769E099ECC04D5A102C8049A8A05632F4DDF376CF1DE0F6BB65C2F8627B65A33C6BB62177CEBBDAD973006829F89F22E814B54F4BC2BE347F8AA8F681390B50FA73F804400B5F542E796F19FF974E7F78DB802FE05E20750
310
4B0304140006080800CC70623BE75B7789680500003C100000340000006662782F41393633353835312D344632462D344230382D423046372D3739314545314133324237412F6F626A656374732E786D6CAD575B8F9B3818FD2B887D06C22499CB8AA1CA655245D5B455A356FB305264C061D8018C6C3393D95FBFC7600890
310
A4CD5EF210B0B1BFEBF98E3F7B1FF6596ABC522E1296DF9BAE3D320D9A872C4AF2F8DE2CE5CEBA358D0FBEC719939D65A691938CDE9B6ADAF4BD98B3B2D05311DD91329583D9D5FC0F438434A7A611A644887B5384CF34233629258BA878B12322891DEFF6B66BD70BFB62634E8AE781D082709A4B588AF91C528CDA28B73F
310
1C998EEF39EABBEFA97FBD6A7C7E9553F9D3D79FE442923C3C523610337627CB87ABE99D359D4CC6D6E4FACAB5E6ABF9D2726FC6A3C5F56271377BB88362213924694B38DD99FE47C48627A1E7D49F5A8BB5E1A74C0A599ED3B0F21F1E56366B89112D681E218F0915D0D6F17AD41FBA2A369DCF6335D62ABBD39779D5DDD1
310
11D4D8DE3CBB96B2E04FB8202E41051754A1AA8E8F76B4C6DFE810B580B1547F4B84911149794252234D024EF8BBE963A95AE27B3D310A9D5C215C7960FAEE415ED75694C6AFB17BCACA5D99A60A9AA65F217B0BFC53292ACB92BF283FAD0D3621576592CB5BED907C2FA8E9DF794E35E97BEA31BED21FEB401ABB94C44839
310
DCACBF0E1C5DA8DA5B2F4DFFD32AD86F543D9E565E7056502E157C00AD2671CD534549AB752FCA9CDA00677A313F04E51B22FF19E57B300579E3C97EB29F682D92935CEC18CF901B7B54FD8C51F362B56FC72FE0B3C1EAE335EDCCBF5AEC39ADB17DC238973F804BA5E6F6BFE7AF1FB32E523BE9F3BD571418E3631DCA4D48
310
5250CF639223210A9446CA30052EDF057BD35F8329C1ECD84552BF0DC8D18BE7BCE23BFE6BD960AB4A7DE79923A103BEBD80F911CBAA2C60DB19B01CF164A5583B772EE6D3FFA56666CBCDA74DC97724A48F9A58967497E489C4D979006FD7A05E227A1EBDD0F737C623387A9C844D3709995625106D157315F8B8392CD4E0
310
A0B9A720C4BE9829CEF37EA1E13111214D53925356365ADA634861B52519DD27A00AEB808EAF0628E6F435519D446F45CF2C9CF5214F0A15B2F6D06B79DA3EE3CBF7F56780D2F4E7EF73A0F5E5B02A38D07DC852C6B7C1FBB6664213E0C39E3EBA7FF4E1AD23EA2829407C85E586727488B751B2DB9502BC7B228A3FD68B6E
310
A65A22397E690AA8D158D7E404EC8CDA235CC3B7D1898680131CEC2CDF2638C65196279577750F15884AEE19F94199155B92B13297978469D4F8D358DF0AEF7631E28DC8F0D9F437D5D39A83B2231A1D52D543813A824EF8D44BCFF2FA6A31BD1E8DAD87F1CCB526B3879935BF59CDADD5C37479BB1CDD4CA7B3556B516589
310
EF352754B706114D9C885EC9131DE6EFEB43D99AFE2391C2F958179413D7CFEF6B1B6DB1E7600F00DE6E5C67454A339A4BA2E0FBA85ED26F045D454F463DBFCE484C2F90F2E5E3666003662ED8F755951A7D1BECD5B30B550B2785C8E7320B7292A4838DDA71BBC863ED7613CAF659337A3354231D4FF4A182A54904C2898C
310
98B28C4AD0CE056CCF332A80986E571EE9DBC305BB5FEB7E509220A58D25CF042D712A806AC0AD0C657FDEF80D2D9CEAA2EE4D1C76F60BFE74219A06527D6F82DF6412526107381E55E353090704D085B52408A8913C4ED159D79BDA71BB4BC506F4831350EB6F975CD22D69BF7AC49B91A2C0A9DDA3D5CA36AD20FC478E37
310
E61844E2352865EBCB61A275A65283CAAA9DD27703B4102F5AF51EF5F573B75CBB5AD38BC845F7A49F82A0966A49C2E3EA5EA0ECD326CD965F1DB402C6FA8B51A4658C5C5E2EC9E214602E55810345408596591009A82E7E7FFACA19EEA299B14A0081A705CB3296EBC14CDF658DCD336EA6D1136881AAEB87B81AB9EE53D5
310
F5EB8BC8362082DA24122F98680A4E7930C01A0079749CEA14382A0783E5EBA5A10F8C098456A03D6A4AEB6BB881E2513747552A5DB22C7EDAF83BD5528081A365F7FF06504B0304140006080000CC70623B000000000000000000000000350000006662782F41393633353835312D344632462D344230382D423046372D37
310
39314545314133324237412F76657274696365732E62696E504B0304140006080800CC70623BF270F1330600000004000000360000006662782F41393633353835312D344632462D344230382D423046372D3739314545314133324237412F747269616E676C65732E62696E636660600000504B0304140006080000CC7062
310
3B000000000000000000000000370000006662782F41393633353835312D344632462D344230382D423046372D3739314545314133324237412F617474726962757465732E62696E504B0304140006080800CC70623B08DA0BD19000000041010000360000006662782F41393633353835312D344632462D344230382D4230
310
46372D3739314545314133324237412F6469726563746F72792E786D6C858F410AC3201045AF22B36F53E9A60B35CBEEBAE80D244E44489C6234F4F835464A48035D0DF398FF9F8AF63D0E6CC63039F212F8F9020C7D47C6792B21C5FE7403D62A1188E2E60C98D7234A5830286103A55745067B9D86B8A3CF9C7F90C11DE6
310
07FB144396D7B6A82D282E9A152AD114D5EF2CB866EEE831B8EEA07A7BB5A8D7D61A2BAAEB7FD5F70921FF497D00504B0304140006080800CC70623BEDD1DC58FD000000A00100003B0000006662782F41393633353835312D344632462D344230382D423046372D3739314545314133324237412F7265736F75726365732F
310
636F72652E786D6C8D504B6E833010BD0A9A6D65B00922041947112427E8052C33A156828DFCA97AFC9A40A576D7CDCCE87D344F8F9FBFE667F689CE6B6B3A6039850C8DB2A336530731DC4903D95970676DF82583CCC8193B5861107C72362E3BA4AC096842428D1D7107A5F7182053CF7474E0D507CE32973124857FE48B
310
540F3961CEF244279DE03EB81420DB9EAC1384436FA353E879B1B182C7A8C75DA3C7F453DF353A1075D537A7BA6464B8F535A99AE14A9A2BBD90E350DD183B5CFABE3AF262350B1EF4FC9351399401471025A527C218A1E53BAB5A5AB765F5469B96525EACF23FA6B88CFF34456DC2A1DCE36E360F82A5202F42F062ED2BAD
310
579969AFDD8A6F504B010214000A0000080000CC70623B3DEE336E79000000790000001B00000000000000000000000000000000006175746F6465736B2D64657369676E2D7061636B6167652E786D6C504B01021400140006080800CC70623BD486FD9CA0000000F40000001300000000000000000000000000B20000005B
310
436F6E74656E745F54797065735D2E786D6C504B01021400140006080800CC70623B853B8169EB0000007C010000080000000000000000000000000083010000636F72652E786D6C504B01021400140006080800CC70623B55019EA25F0000007C000000070000000000000000000000000094020000636E782E786D6C504B
310
01021400140006080800CC70623BDBABAAF470010000D40300000C00000000000000000000000000180300006662782F636F72652E786D6C504B01021400140006080800CC70623B9C113CC27E0000009D0000000B00000000000000000000000000B20400006662782F636E782E786D6C504B01021400140006080800CC70
310
623B7DF2F77C2A010000120200003100000000000000000000000000590500006662782F41393633353835312D344632462D344230382D423046372D3739314545314133324237412F636F72652E786D6C504B01021400140006080800CC70623BAD7543B64E010000330300003000000000000000000000000000D2060000
310
6662782F41393633353835312D344632462D344230382D423046372D3739314545314133324237412F636E782E786D6C504B01021400140006080800CC70623BE75B7789680500003C10000034000000000000000000000000006E0800006662782F41393633353835312D344632462D344230382D423046372D3739314545
310
314133324237412F6F626A656374732E786D6C504B01021400140006080000CC70623B0000000000000000000000003500000000000000000000000000280E00006662782F41393633353835312D344632462D344230382D423046372D3739314545314133324237412F76657274696365732E62696E504B01021400140006
310
080800CC70623BF270F133060000000400000036000000000000000000000000007B0E00006662782F41393633353835312D344632462D344230382D423046372D3739314545314133324237412F747269616E676C65732E62696E504B01021400140006080000CC70623B0000000000000000000000003700000000000000
310
000000000000D50E00006662782F41393633353835312D344632462D344230382D423046372D3739314545314133324237412F617474726962757465732E62696E504B01021400140006080800CC70623B08DA0BD1900000004101000036000000000000000000000000002A0F00006662782F41393633353835312D344632
310
462D344230382D423046372D3739314545314133324237412F6469726563746F72792E786D6C504B01021400140006080800CC70623BEDD1DC58FD000000A00100003B000000000000000000000000000E1000006662782F41393633353835312D344632462D344230382D423046372D3739314545314133324237412F7265
310
736F75726365732F636F72652E786D6C504B0506000000000E000E0080040000641100000000
  0
XRECORD
  5
1F8
102
{ACAD_REACTORS
330
1F7
102
}
330
1F7
100
AcDbXrecord
280
     1
 70
     1
 90
429727718
  1
30362254-06B7-45E0-A893-8CFA70E3D6BC
310
504B03040A0000080000CC70623B3DEE336E79000000790000001B0000006175746F6465736B2D64657369676E2D7061636B6167652E786D6C3C3F786D6C2076657273696F6E3D22312E302220656E636F64696E673D227574662D3822203F3E3C666F726D6174733E3C666F726D61743E687474703A2F2F736368656D612E
310
6175746F6465736B2E636F6D2F64657369676E2D7061636B6167652F323030393C2F666F726D61743E3C2F666F726D6174733E504B0304140006080800CC70623BD486FD9CA0000000F4000000130000005B436F6E74656E745F54797065735D2E786D6C7D8EC10E82300C865F65E91D8A1E8C310C0EEA1BF002731658846E
310
D98AC1B77784ABF1D8FE5FBFBF75BBCE937A534CCEB38643598122B6FEE978D0B0485F9C41B54DDD7D022595594E1A469170414C76A4D9A4D207E29CF43ECE46F218070CC6BECC4078ACAA135ACF422C856C0E68EA1BF5669944DDD7BCDE7B1F8E415D77AECB980613C2E4AC91FC167A2B244592486606FC29C8FD7F045B9A
310
EF7053A7E60B504B0304140006080800CC70623B1EC5D7A3EB0000007C01000008000000636F72652E786D6C8D90416EC3201045AF82665B6103C6756C6122AB4D4ED00B204C5C94182C03558F5F9C3852BBEB6A467FFE9B197D71FC9E6FE8CBACC17AD7032D0820E3B41FAD9B7A48F1820F808E52ACDEC75F36404ECDA687
310
4D0629A6D5A76597B477D1B89855E747B38B2A041301E95B6E7A08FAD3CCAA50296647B8168BD2573599823EBB0CA76447F43862C7BCCF5EAC59410E4DDD9C7973C2755553CCCFA4C603E3040F1565ED3B1FDE4E432BCA0D9622DAF9795FAF464533826484B498524CD807E51D79ED187F21878E10516EF63F505AC67F42C9
310
BA58B1FDDD071640D2FCC87D2045B96591CB3DA85CB7DCE40F504B0304140006080800CC70623B55019EA25F0000007C00000007000000636E782E786D6C4DCB3B0E80201045D1AD90E915ED2CF8AC45050C11660C8261F98AB1B07AC9C97D42D718D865D3E909258CFD00CCE24AC6E326A164D74DC0B4128928FF32603847
310
2BA13128B1252AC747C6BAB984FC68F0B87FE8960A5C09FE86CFB69FBA01504B0304140006080800CC70623B8C9102E971010000D40300000C0000006662782F636F72652E786D6CC5535B6E833010BC8AE5DF0A6C08340F1947A84D4ED00B38C6A128602363A31CBFCB234A53A551FA553EC09AD9F5CE8C31DB9E9B1AF5CA
310
7695D1198E428A91D2D214952E33ECDD315861B4E5CC1AE3BE9561A445A3323CC098B3D21ADFCE9034DA29ED00D5A6503328BA4E398C640D8B0C77F253352214DE4145770A5B214FA2546114020D759C75CE8200340D19DE981F0F6746269C33EFAB6266AB02A655C74A59CCF365BADC27CB5D902ED22848F6340DF238A141
310
BE88E2F57B92BFEDF23523433367AE6A2EEAA455C2A902F398D2751045018D3FA264435F3771F242571B4A1919CA6F9A7C5B3CD9E42BED16F12C776AEB308F40C848FC700B1139D4891EF410CEC810227CC6846F8386402064270EF5C5C709A05E49676C024C61FC95EA45ED154CA5211D1FF4FB8291A913A68E9B83EBBB33
310
E2A7673CDE118E5AE8124C0807CB8377834E366998436B950D7A7746DAD846D4CFD978E0F04FD455FC5D49D2D4C6FE9722321F10997F0F32DC47FE05504B0304140006080800CC70623BFFEA85907E0000009D0000000B0000006662782F636E782E786D6C4DCCD10A83201886E15B91FFDC95D95A811AB6F23E625948A6C3
310
E9D8E5AF46073BFAE0E1E365ED67B3E8ADC3CB78C7815C7240DA3DFC64DCC221C519D7805AC182F7F1EF06C88D9BE6703008B6049F9E274D7A1E938DBB5AE3D6131B2589BA0D3D965551E0B2EA732C9B9A624AAEB41E3A557677029960D9AFB4EF11165F504B0304140006080800CC70623B4FEEA4082C0100001202000031
310
0000006662782F39464131463745442D413632322D343644302D413938332D3331353338454246344243312F636F72652E786D6C8D515B6EC32010BC0AE2AB55850DD871ED0813254D72825EC00192A2C460F1A872FC42ED48ED5F7E00CDCECCCEB26C731F6FE05B39AFADE921293004CA082BB5B9F43086336A21D870E6AC
310
0D7F68109861543DCC30E4ECE26C9C164858139409093556AA051CBC570102714B8F1E7AF1A5C6A11862480C7F2DA6415C878B2A4891CA89C7990F2E050073937C42DE1DB7E4F87ED8A36D4329AA9B3D46DBAEAD504556557BD81DEBDD0761E52CE42C462D17B996298E3E6BE59E35C962CE821E1FF18553435012728A7187
310
0841987E927A8D9B35ADDF70BBC6989599FE4F1427F9A4286A132ABAC49D651EF234CD5CE04CDA78BA3DC2A8FB645D00B9DF8B57E215725C60BCA2A463E54C4CE327C7A65E1C7DB02E7DEFCBF594B864C5CA6CDBD49C957943E9FA5D5FBAF336F90F504B0304140006080800CC70623BAD7543B64E01000033030000300000
310
006662782F39464131463745442D413632322D343644302D413938332D3331353338454246344243312F636E782E786D6CD593CD6EC32010845F0571AD6CE3D48AD20813A9873E410FBD12D82434182C7EAAE6EDBB2424CD25871E7B41D6EC30B3FA84F9E67BB2E40B4234DE8DB46F1925E094D7C6ED479AD3AE5951B2113C
310
789FEE6C943839C1488B4C05DF079FE72A69D8C96C13AAD6B8631503449F83828872B949AC57D26200B826A308D316B4064D6E46FCDA41C05550DC9E483A00797BFD207EFB092A45DE9514C1BBD22178396BD39D891265658C238DEA00936C654E5E433CB65A26D9F6EDB5EBC14EBF49A45CB856E66048291F6939A9A81BB5
310
C8917738143CA680F4AA299D66A042CEB3354A2684DC9D8D178FE0D9B8B41CAAD720F880EE7EF93C0C18769E099ECC04D5A102C8049A8A05632F4DDF376CF1DE0F6BB65C2F8627B65A33C6BB62177CEBBDAD973006829F89F22E814B54F4BC2BE347F8AA8F681390B50FA73F804400B5F542E796F19FF974E7F78DB802FE05
310
E207504B0304140006080800CC70623B16AB87BA640500003C100000340000006662782F39464131463745442D413632322D343644302D413938332D3331353338454246344243312F6F626A656374732E786D6CAD575B6FA33818FD2B887DE6924B3BED8A326A92B68A663B534DD4D13E548A0C38942D60649B369D5FBFC7
310
600890A493BDE42160637FD7F31D7FF63E6FB3D478A55C242CBF3247B66B1A340F5994E4F19559CA8D75611A9F7D8F33263BCB4C232719BD32D5B4E97B316765A1A722BA21652A07B3B7B33F0D11D29C9A46981221AE4C113ED38CD8A4942CA2E2C58E882476BCD9DA23BB5ED8171B73523C0F841684D35CC252CCE79062D4
310
468DFA43D7747CCF51DF7D4FFDEB5593E3AB9CCA9FBEFE241792E4E19EB28198C968BAB8199F5D5A67D3E9C49A9E8F47D6EC76B6B0469F26EEFC7C3EBFBCBEB98462213924694B38DD98FE1D62C393D073EA4FADC5DAF04326852CCF6958F90F0F2B9BB5C48816348F90C7840A68EB78EDF68723159BCEE7891A6B95DDE9D3
310
BCEAEEE8086A6C6F9E5D4B59F0175C10A7A0820BAA5055C7473B5AE3CFDD452D602CD5DF12616444529E90D448938013FE6EFA58AA96F85E4F8C42275708571E98FE6827AF6B2B4AE3D7D83D64E5A64C53054DD3AF90BD06FEA9149565C94FCA0F6B834DC85599E4F2423B24DF0B6AFA979E534DFA9E7A4CC6FA631D486393
310
921829879BF5D781A373557BCB85E97FB90DB62B558F8795179C15944B051F40AB495CF35451D26A4727654E6D8033BD98EF82F21D91FF8AF2DD9982BCF1643BDD4EB516C9492E368C67C88DED563FC36D5EACF66DFF057C3658BDBFA69DF9578B3DA735B64F18C7F20770A9D45CFCF7FCF563D6456A277DBEF78A02637CA2
310
43B90A490AEAB94F72244481D24819A6C0E59B606BFA4B3025981DBB48EAB701D97BF19C577CC77F2D1B6C55A9EF3C732474C0B727303F625995056C3B02963D9EAC146BE78EC5FCEC7FA999EBC5EACBAAE41B12D27B4D2C0BBA49F244E2ECDC81B76B502F113D8F5EE8FB1BE3111CDD4FC2AA9B844CAB1288B68AB90A7CDC
310
1C166AB0D3DC5310625FCC14E779BFD0709F8890A629C9292B1B2DED31A4B0DA928CEE135085754027E3018A397D4D5427D15BD1330B677DC8934285AC3DF45A9EB68FF8F2B8FC0A509AFEECFD0FF2DE25CC6047F7214B195F07EFEB9A094D800F7BFAE8FED187B78EA8A3A400F115961BCAD1215E47C966530AF0EE8128FE
310
58CEBB996A8964FFA529A046635D9353B0336A8F700DDF46271A024E70B0B37C9DE01847591E54DED53D54202AB947E4076556AC49C6CA5C9E1226B7F1A7B1BE15DEED62C41B91E1B3E9AFAAA735036547343A925075041DF0A9979E893B391F8FCFA6967B3EFB644DCF6E5CEBFAE272625DCC6FAF3FB93793C5F90CE1EF57
310
407342756B10D1C489E8953CD1617E5CEECAD6F4EF8914CE5D5D504E5C3F1F9736DA62CFC11E00BCDDB8CC8A9466349744C1F75EBDA4DF09BA8A9E8C7A7E9991989E20E5DBDD6A6003664ED8F7A04A8DBE0DF6EAD9B9AA858342E47399053949D2C146EDB85DE4B176BB0965FBAC19BD19AA918E27FA50C1D22402E144464C
310
59462568E704B6E71915404CB72B8FF4EDE184DDAF753F284990D2C6926782963815403548A70C657FDEF80D2D9CEAA2AE4C1C76F60BFE74219A06527D6582DF6412526107381E55E353090704D085B52408D0933C4ED159D79BDA71BB4BC506F4831350EB6F979CD22D69BF7AC49B91A2C0A9DDA3D5CA36AD20FC478E37E6
310
1844E2352865EBCB6EA275A652E3836BE04EFB400BF1A2556F515F1FBB35B2AB35BD889C744FFA1004B5544B121E57F70215746DD2F5E2C1412B602CBF19455AC6C8E5E9922C4E01E65215385004546899059180EAFCF7A707CE7017CD8CDB0410789AB32C63B91E5CEBBBACB17AC6CD347A022D5075FD106377347AAABA7E
310
7D11590744509B44E205134DC1290F06580320F78E537D3D73540E06CB970B431F185308AD40BBD794D6D77003C5A36E8EAA54BA64597CD8F83BD552A080A365F7FF06504B0304140006080000CC70623B000000000000000000000000350000006662782F39464131463745442D413632322D343644302D413938332D3331
310
353338454246344243312F76657274696365732E62696E504B0304140006080800CC70623BF270F1330600000004000000360000006662782F39464131463745442D413632322D343644302D413938332D3331353338454246344243312F747269616E676C65732E62696E636660600000504B0304140006080000CC70623B
310
000000000000000000000000370000006662782F39464131463745442D413632322D343644302D413938332D3331353338454246344243312F617474726962757465732E62696E504B0304140006080800CC70623B08DA0BD19000000041010000360000006662782F39464131463745442D413632322D343644302D413938
310
332D3331353338454246344243312F6469726563746F72792E786D6C858F410AC3201045AF22B36F53E9A60B35CBEEBAE80D244E44489C6234F4F835464A48035D0DF398FF9F8AF63D0E6CC63039F212F8F9020C7D47C6792B21C5FE7403D62A1188E2E60C98D7234A5830286103A55745067B9D86B8A3CF9C7F90C11DE607
310
FB144396D7B6A82D282E9A152AD114D5EF2CB866EEE831B8EEA07A7BB5A8D7D61A2BAAEB7FD5F70921FF497D00504B0304140006080800CC70623B0D6EF93BFE000000A00100003B0000006662782F39464131463745442D413632322D343644302D413938332D3331353338454246344243312F7265736F75726365732F63
310
6F72652E786D6C8D50596E833010BD0A9ADFCA60B334011947A8694ED00B586642AC041B79A97AFC9A40A5F6AF3F33A3B7689E1E3F7DCD8FEC139DD7D6F4C0720A191A65476DA61E62B892236427C19DB5E1970C322367EC618541F0C9D9B8EC90B226A009093576C41D94DE63804C3DD2D18357379C652E63480A7FCF17A9
310
EE72C29CE5894E3AC17D702940B63D59270887DE46A7D0F36263058F518FBB468FE9A7BE6A7420864373B8D4873369AA8691FA421B3294352543C5CAF65C0F6FEF43CB8BD52C78D0F34F46E550061C419494B6843142CB0F5677F4B52BEB177AEC28E5C52AFF638ACBF84F53D42654E51E77B379102C05791282176B5F693D
310
CB4C7BED567C03504B010214000A0000080000CC70623B3DEE336E79000000790000001B00000000000000000000000000000000006175746F6465736B2D64657369676E2D7061636B6167652E786D6C504B01021400140006080800CC70623BD486FD9CA0000000F40000001300000000000000000000000000B20000005B
310
436F6E74656E745F54797065735D2E786D6C504B01021400140006080800CC70623B1EC5D7A3EB0000007C010000080000000000000000000000000083010000636F72652E786D6C504B01021400140006080800CC70623B55019EA25F0000007C000000070000000000000000000000000094020000636E782E786D6C504B
310
01021400140006080800CC70623B8C9102E971010000D40300000C00000000000000000000000000180300006662782F636F72652E786D6C504B01021400140006080800CC70623BFFEA85907E0000009D0000000B00000000000000000000000000B30400006662782F636E782E786D6C504B01021400140006080800CC70
310
623B4FEEA4082C0100001202000031000000000000000000000000005A0500006662782F39464131463745442D413632322D343644302D413938332D3331353338454246344243312F636F72652E786D6C504B01021400140006080800CC70623BAD7543B64E010000330300003000000000000000000000000000D5060000
310
6662782F39464131463745442D413632322D343644302D413938332D3331353338454246344243312F636E782E786D6C504B01021400140006080800CC70623B16AB87BA640500003C1000003400000000000000000000000000710800006662782F39464131463745442D413632322D343644302D413938332D3331353338
310
454246344243312F6F626A656374732E786D6C504B01021400140006080000CC70623B0000000000000000000000003500000000000000000000000000270E00006662782F39464131463745442D413632322D343644302D413938332D3331353338454246344243312F76657274696365732E62696E504B01021400140006
310
080800CC70623BF270F133060000000400000036000000000000000000000000007A0E00006662782F39464131463745442D413632322D343644302D413938332D3331353338454246344243312F747269616E676C65732E62696E504B01021400140006080000CC70623B0000000000000000000000003700000000000000
310
000000000000D40E00006662782F39464131463745442D413632322D343644302D413938332D3331353338454246344243312F617474726962757465732E62696E504B01021400140006080800CC70623B08DA0BD190000000410100003600000000000000000000000000290F00006662782F39464131463745442D413632
310
322D343644302D413938332D3331353338454246344243312F6469726563746F72792E786D6C504B01021400140006080800CC70623B0D6EF93BFE000000A00100003B000000000000000000000000000D1000006662782F39464131463745442D413632322D343644302D413938332D3331353338454246344243312F7265
310
736F75726365732F636F72652E786D6C504B0506000000000E000E0080040000641100000000
  0
XRECORD
  5
175
102
{ACAD_REACTORS
330
173
102
}
330
173
100
AcDbXrecord
280
     1
270
     1
271
     1
  0
XRECORD
  5
174
102
{ACAD_REACTORS
330
173
102
}
330
173
100
AcDbXrecord
280
     1
270
     1
271
     1
  0
XRECORD
  5
1FB
102
{ACAD_REACTORS
330
173
102
}
330
173
100
AcDbXrecord
280
     1
 70
     0
 90
1673772943
  1
ECE7A1D2-D628-4531-984C-D00F80459256
310
504B03040A0000080000CC70623B3DEE336E79000000790000001B0000006175746F6465736B2D64657369676E2D7061636B6167652E786D6C3C3F786D6C2076657273696F6E3D22312E302220656E636F64696E673D227574662D3822203F3E3C666F726D6174733E3C666F726D61743E687474703A2F2F736368656D612E
310
6175746F6465736B2E636F6D2F64657369676E2D7061636B6167652F323030393C2F666F726D61743E3C2F666F726D6174733E504B0304140006080800CC70623BD486FD9CA0000000F4000000130000005B436F6E74656E745F54797065735D2E786D6C7D8EC10E82300C865F65E91D8A1E8C310C0EEA1BF002731658846E
310
D98AC1B77784ABF1D8FE5FBFBF75BBCE937A534CCEB38643598122B6FEE978D0B0485F9C41B54DDD7D022595594E1A469170414C76A4D9A4D207E29CF43ECE46F218070CC6BECC4078ACAA135ACF422C856C0E68EA1BF5669944DDD7BCDE7B1F8E415D77AECB980613C2E4AC91FC167A2B244592486606FC29C8FD7F045B9A
310
EF7053A7E60B504B0304140006080800CC70623BD9DDAED0EC0000007C01000008000000636F72652E786D6C8D90416EC3201045AF82665B61836D9CD8C2444DD39CA01740405C94182C03558F5F9C3852BBEB6A467FFE9B197D7EF89E6EE8CB2CC17A37002D0820E394D7D68D03A478C17B4007C117EFE32F1B20272733C0
310
2A83E0E3E2D3BC49CABB685CCCAAF3DA6CA20CC14440EA969B0182FA34932C648AD911AEC52CD5558EA6A0CF2EC329598D1E47ACCEFBECC59A050463A7EA5833865FEBDD0E37353BE3EE8DBDE3F6786A48D375FBF6CC78B9C282473B3DEFABC5C86834888A900E538A49F5419B9EB47DD5BC907D4F082F57FB1F28CDFA9F50
310
B22ED6D5F6EE030B20687EE43E10BC5CB3C8E51E54AE6B6EE207504B0304140006080800CC70623B55019EA25F0000007C00000007000000636E782E786D6C4DCB3B0E80201045D1AD90E915ED2CF8AC45050C11660C8261F98AB1B07AC9C97D42D718D865D3E909258CFD00CCE24AC6E326A164D74DC0B4128928FF326038
310
472BA13128B1252AC747C6BAB984FC68F0B87FE8960A5C09FE86CFB69FBA01504B0304140006080800CC70623BA24EB22D72010000D40300000C0000006662782F636F72652E786D6CC5535B6E833010BC8AE5DF0A6C5E49888CA3A6694ED00B38E05014B091B1518EDFE511A5A9D228FD2A1F60CDEC7A67C6986DCE4D8D7A
310
69BA4AAB0C073EC548AA5C17952A33ECECD15B61B4E1CC686DBF9561A44423333CC098B3D268D7CE50AE9595CA02AA74216750749DB418E5352C32DCE59FB211BE70162ABA93DF8AFC244AE9073ED050C759670D0840D390E18DF9F1706664C23973AE2A66B62A605A75ACA4C13C4976E1364A12EF355A2EBD384AF65EFA96
310
BC7B8BED2EA6719AAE16FB8491A199335B351775B991C2CA02F390D2D40B028F861F41BCA68B7518BFD0D59A524686F29B26D7164F36B94AD9289CE54E6D1DE6010819891F6E21228B3AD1831EC219194284CF98F06DD01008846CC5A1BEF83801D4CBDC6A1303536877A57A513B0953A94FC707FDBE6064EA84A9E3E6E0FA
310
EE8CF0E9198F7784A316AA0413C2C2F2E0ECA0934D1AE6D05A69BCDE9E91D2A611F573361E38FC1375157F5752AE6B6DFE4B11990F88CCBF0719EE23FF02504B0304140006080800CC70623B408A7D3B7C0000009D0000000B0000006662782F636E782E786D6C4DCCD10A83201886E15B91FFDC552A92A0064DBC8F581632
310
D3703A76F9ABD1C18E3E78F878E5F0D9027ABBFCF2292AE86E2D20171F69F6715550CB827B40839639A5F2770314A7CD293819B45C73AAFB45B35BA61ACAA1C1C7E7855C58C15BC331339661262CC762340413D68D77DA5B42298546CBE6573AF60CEB2F504B0304140006080800CC70623B449FB9BD290100001202000031
310
0000006662782F36394639363044362D344446342D343946362D394244322D3234314243333846323333332F636F72652E786D6C8D515B6EC32010BC0AE22B55850D98B871848994463E412FE002495162B07854397EA176A4F62F3F2C9A9D991D587EB84F37F0AD7D30CEF6905418026DA553C65E7A98E219ED203808EE9D
310
8B7F6810D871D23D2C3014FCE25D9A57483A1BB58D19B54EE9151C43D0110279CB971E06F9A5A7B11A53CC8C70ADE6515EC78BAE4895DB992778883E0700CB907242D17643D7E2538BD869608875438BBAE38922CAC8F1BDD90DB4691A5E2F42C153326A951B95E398B3D1FE599322163C9AE9115F7A3D46ADA0A018778810
310
84E907617BDCEE297BC5BB3DC6BC2EF47FA234AB2745C9D8D8D035EE220B50105E2F0DC1954B9FB747187D9F9D8FA0CCDB042D5FA0C015C65B42DF78BD10F3F3B363CB56C7109DCFDFBBB97E662ED92EB62D13BC2E1BCAE5777DB9966D8A1F504B0304140006080800CC70623BAD7543B64E01000033030000300000006662
310
782F36394639363044362D344446342D343946362D394244322D3234314243333846323333332F636E782E786D6CD593CD6EC32010845F0571AD6CE3D48AD20813A9873E410FBD12D82434182C7EAAE6EDBB2424CD25871E7B41D6EC30B3FA84F9E67BB2E40B4234DE8DB46F1925E094D7C6ED479AD3AE5951B2113C789FEE
310
6C943839C1488B4C05DF079FE72A69D8C96C13AAD6B8631503449F83828872B949AC57D26200B826A308D316B4064D6E46FCDA41C05550DC9E483A00797BFD207EFB092A45DE9514C1BBD22178396BD39D891265658C238DEA00936C654E5E433CB65A26D9F6EDB5EBC14EBF49A45CB856E66048291F6939A9A81BB5C89177
310
38143CA680F4AA299D66A042CEB3354A2684DC9D8D178FE0D9B8B41CAAD720F880EE7EF93C0C18769E099ECC04D5A102C8049A8A05632F4DDF376CF1DE0F6BB65C2F8627B65A33C6BB62177CEBBDAD973006829F89F22E814B54F4BC2BE347F8AA8F681390B50FA73F804400B5F542E796F19FF974E7F78DB802FE05E20750
310
4B0304140006080800CC70623B8D05915C650500003B100000340000006662782F36394639363044362D344446342D343946362D394244322D3234314243333846323333332F6F626A656374732E786D6CAD575B6FA33814FE2B887D06429276DA1565D4266D158D3A339A6846FB502932E050B66023DB74D2FDF5FB190C01
310
9276B2973C046C8ECFF53B17071F77456EBD502133CEAE6CDF9DD81665314F32965ED995DA3A17B6F5310C04E7AA47665B8C14F4CAD6DB7618A48257A5D94AE89654B91AEDDEDDFC61C998326A5B714EA4BCB265FC440BE2924AF184CA6737218AB8E976E7FA6E4338649B0A523E8D98964450A6A029F619B8588D52FE7039
310
B1BD30F0F4F730D0FF866AF6369557DB33949F31A9088B0F848DD8CCFCF9F2767A76E99CCDE733677E3EF59D9BBB9BA5E37F984D16E78BC5E5F5ED25044B25C0C96822E8D60EEFE11B91C581D77CEA34368A1F5329E68CD1B8B61F16D63A1B8E092D294B10C78C4A48EB593D192E7DED9BDEE7995E1B91FDEDD3ACEA9FE831
310
6A756F9F7D4D79F4274C90A7A04248AA51D5F8C718DAE06FB2F75AC4796EBE65D22A88A22223B995679120E2D50E41AA49C260C046A35368846B0BECD0DFF3EBEB8AD4F835768F69B9ADF25C43D30E6B646F807FAA64AD59F61715C7A54127C4AACA98BA3006A9D792DAE165E0D59B61A01FB3A9F9D838D2DAE62445C86166
310
F37564E842E7DE6A69879FEEA2DD5AE7E371E1A5E025154AC307D06A03D73EB5978C58FFA4C8E9033066E0F3BD53BEC1F39F91BE7B55103791EDE6BBB991A2046172CB4581D8B893FA674DDA17A77B3B7C413D1B511FD2743BFF8A38F03A658705E3ADF8015C3A3417FF3D7E439FF591DA0B5F18BC20C1B8981957AE6392A3
310
F43C640C01D1A0B4728E2DD4F26DB4B3C3152A252A3B4E913CEC1C72F012782FF88EFF8637AA552DBEF76408E8A8DE9E50F9E1CB3A2DA0DB1B6039A893B56063DC5B3E3FFB5F72E67AB9FEB4AEC496C4F4C1149625DD662C53E89D7BF0F6151A046260D1337DFDC94502430F83B0EE07A130A224BCAD7DAE1D9FB6CD422FF6
310
920702629C4BB9AE79C12F243C6432A6794E18E5552BA56B431AAB5D91317302B2B071E86C3A42B1A02F999E24061403B5D0EB639195DA655DD3EBEAB4FB862DDF579F014AD0E73C22F99E28DA57FB98E75C6CA2D74D53086D600F4786E0FE3144B771A8A7B900F03594DB8A633CBC49B2EDB69228BB479CF863B5E807AAAB
310
23872F6DFEB4129B949CA33823F58830E86D65621E10047D9DB34D862E8EAC3C2ABC2F7B2C40D67CDFE01F5545B92105AF983AC54D93D69E56FB8E797F88913F898A9FEC705D3F9D1B54EC8426FB500D40A03BD0119B06E1B95DDC7EB8F6975367793EBD70E66733DFB9BC982F9CE564727731999F5D4ECFCE3B8D6A4DC2A0
310
6D50FD148437D110834A64C6CDDF57FBACB5C307A2A477DFE4939736CFEF2B175371E0E10CF0DD1D5C15654E0BCA14D1E87DD02FF93782A162C0A3D95F1524A52770F972BF1EE9809D13CE7DD599467F8ECE9ADD85CE85A34CD45355448C64F9E8A031DC2D596ACC6E5DD93D9B82DE2EF5CAF81363A8E47996A0DE24564A79
310
4115AACE09C55E14540231FDA13C319787134EBF34E3A022514E5B4D9E0826E25C02D5805B15ABE1BEF51B26383D445DD9E875EE33FE4C22DA16427D65A3BCA92CA6D28DD01DF5DC53330704308475351050232CCD31583787BA75774AFB06E5070DD0C8EF484E19968C5D83BA5B90B244D31E54D55A372320FE4786B7EA58
310
44E135AA5467CB7EA333A61683CC6A8C3257034C10CF46F40EF9F5BE59BE5BD30C3C72D235E95D10345C1D45445A5F0BB47E46A5EBE5570F9380B5FA629579952296A773720405982B9DE04011506178964401AA8BDF1FBF0A8EAB6861DD6580C0E38217056766716DAEB2D6FA0917D3E4116581EADB879C4E7CFFB11EFACD
310
3D641311495D92C8676CB409A72D18610D803CE8A626049E8EC1887CB5B44CC39883690DDA8399B4B9855B481E7D71D4A9D22F96E5BB73BF5793020C02137BF837504B0304140006080000CC70623B000000000000000000000000350000006662782F36394639363044362D344446342D343946362D394244322D32343142
310
43333846323333332F76657274696365732E62696E504B0304140006080800CC70623BF270F1330600000004000000360000006662782F36394639363044362D344446342D343946362D394244322D3234314243333846323333332F747269616E676C65732E62696E636660600000504B0304140006080000CC70623B0000
310
00000000000000000000370000006662782F36394639363044362D344446342D343946362D394244322D3234314243333846323333332F617474726962757465732E62696E504B0304140006080800CC70623B08DA0BD19000000041010000360000006662782F36394639363044362D344446342D343946362D394244322D
310
3234314243333846323333332F6469726563746F72792E786D6C858F410AC3201045AF22B36F53E9A60B35CBEEBAE80D244E44489C6234F4F835464A48035D0DF398FF9F8AF63D0E6CC63039F212F8F9020C7D47C6792B21C5FE7403D62A1188E2E60C98D7234A5830286103A55745067B9D86B8A3CF9C7F90C11DE607FB14
310
4396D7B6A82D282E9A152AD114D5EF2CB866EEE831B8EEA07A7BB5A8D7D61A2BAAEB7FD5F70921FF497D00504B0304140006080800CC70623BCA768048FE000000A00100003B0000006662782F36394639363044362D344446342D343946362D394244322D3234314243333846323333332F7265736F75726365732F636F72
310
652E786D6C8D50596E833010BD0A9ADFCA60D600328E9AA639412F609909B1126CE4A5EAF16B0295DABFFECC8CDEA2797AECF8353F924FB44E193D409E5248504B332A3D0D10FC95B4901C39B3C6F85F3248B49871801506CE266BC2B243D2688FDA47549B11775038871E12F988C7004EDE7016A9083E2ADC3D5D84BC8B09
310
D33C8D74D471E6BC8D0192EDC93A815B742658898E651BCB59086ADC356A8C3FD555A1055ED7E7E254D615792D0F075295F585746FF53B694EE78A565DD736979A65AB9933AFE69F8CD2A2F038022F28ED489E135A7CE4554F9BBEA85E68DB53CAB255FEC71496F19FA6A0B42F8B3DEE6673C0F318E4497096AD7DC5F52C33
310
EEB55BFE0D504B010214000A0000080000CC70623B3DEE336E79000000790000001B00000000000000000000000000000000006175746F6465736B2D64657369676E2D7061636B6167652E786D6C504B01021400140006080800CC70623BD486FD9CA0000000F40000001300000000000000000000000000B20000005B436F
310
6E74656E745F54797065735D2E786D6C504B01021400140006080800CC70623BD9DDAED0EC0000007C010000080000000000000000000000000083010000636F72652E786D6C504B01021400140006080800CC70623B55019EA25F0000007C000000070000000000000000000000000095020000636E782E786D6C504B0102
310
1400140006080800CC70623BA24EB22D72010000D40300000C00000000000000000000000000190300006662782F636F72652E786D6C504B01021400140006080800CC70623B408A7D3B7C0000009D0000000B00000000000000000000000000B50400006662782F636E782E786D6C504B01021400140006080800CC70623B
310
449FB9BD290100001202000031000000000000000000000000005A0500006662782F36394639363044362D344446342D343946362D394244322D3234314243333846323333332F636F72652E786D6C504B01021400140006080800CC70623BAD7543B64E010000330300003000000000000000000000000000D20600006662
310
782F36394639363044362D344446342D343946362D394244322D3234314243333846323333332F636E782E786D6C504B01021400140006080800CC70623B8D05915C650500003B10000034000000000000000000000000006E0800006662782F36394639363044362D344446342D343946362D394244322D32343142433338
310
46323333332F6F626A656374732E786D6C504B01021400140006080000CC70623B0000000000000000000000003500000000000000000000000000250E00006662782F36394639363044362D344446342D343946362D394244322D3234314243333846323333332F76657274696365732E62696E504B010214001400060808
310
00CC70623BF270F13306000000040000003600000000000000000000000000780E00006662782F36394639363044362D344446342D343946362D394244322D3234314243333846323333332F747269616E676C65732E62696E504B01021400140006080000CC70623B00000000000000000000000037000000000000000000
310
00000000D20E00006662782F36394639363044362D344446342D343946362D394244322D3234314243333846323333332F617474726962757465732E62696E504B01021400140006080800CC70623B08DA0BD190000000410100003600000000000000000000000000270F00006662782F36394639363044362D344446342D
310
343946362D394244322D3234314243333846323333332F6469726563746F72792E786D6C504B01021400140006080800CC70623BCA768048FE000000A00100003B000000000000000000000000000B1000006662782F36394639363044362D344446342D343946362D394244322D3234314243333846323333332F7265736F
310
75726365732F636F72652E786D6C504B0506000000000E000E0080040000621100000000
  0
XRECORD
  5
176
102
{ACAD_REACTORS
330
173
102
}
330
173
100
AcDbXrecord
280
     1
270
     1
271
     1
  0
XRECORD
  5
177
102
{ACAD_REACTORS
330
173
102
}
330
173
100
AcDbXrecord
280
     1
270
     1
271
     1
  0
CELLSTYLEMAP
  5
D31
102
{ACAD_REACTORS
330
162
102
}
330
162
100
AcDbCellStyleMap
 90
        3
300
CELLSTYLE
  1
TABLEFORMAT_BEGIN
 90
        5
170
     1
 91
        0
 92
    32768
 62
   257
 93
        1
300
CONTENTFORMAT
  1
CONTENTFORMAT_BEGIN
 90
        0
 91
        0
 92
      512
 93
        0
300

 40
0.0
140
1.0
 94
        5
 62
     0
340
11
144
6.0
309
CONTENTFORMAT_END
171
     1
301
MARGIN
  1
CELLMARGIN_BEGIN
 40
1.5
 40
1.5
 40
1.5
 40
1.5
 40
4.5
 40
4.5
309
CELLMARGIN_END
 94
        6
 95
        1
302
GRIDFORMAT
  1
GRIDFORMAT_BEGIN
 90
        0
 91
        1
 62
     0
 92
       -2
340
14
 93
        0
 40
1.125
309
GRIDFORMAT_END
 95
        2
302
GRIDFORMAT
  1
GRIDFORMAT_BEGIN
 90
        0
 91
        1
 62
     0
 92
       -2
340
14
 93
        0
 40
1.125
309
GRIDFORMAT_END
 95
        4
302
GRIDFORMAT
  1
GRIDFORMAT_BEGIN
 90
        0
 91
        1
 62
     0
 92
       -2
340
14
 93
        0
 40
1.125
309
GRIDFORMAT_END
 95
        8
302
GRIDFORMAT
  1
GRIDFORMAT_BEGIN
 90
        0
 91
        1
 62
     0
 92
       -2
340
14
 93
        0
 40
1.125
309
GRIDFORMAT_END
 95
       16
302
GRIDFORMAT
  1
GRIDFORMAT_BEGIN
 90
        0
 91
        1
 62
     0
 92
       -2
340
14
 93
        0
 40
1.125
309
GRIDFORMAT_END
 95
       32
302
GRIDFORMAT
  1
GRIDFORMAT_BEGIN
 90
        0
 91
        1
 62
     0
 92
       -2
340
14
 93
        0
 40
1.125
309
GRIDFORMAT_END
309
TABLEFORMAT_END
  1
CELLSTYLE_BEGIN
 90
        1
 91
        1
300
_TITLE
309
CELLSTYLE_END
300
CELLSTYLE
  1
TABLEFORMAT_BEGIN
 90
        5
170
     1
 91
        0
 92
        0
 62
   257
 93
        1
300
CONTENTFORMAT
  1
CONTENTFORMAT_BEGIN
 90
        0
 91
        0
 92
      512
 93
        0
300

 40
0.0
140
1.0
 94
        5
 62
     0
340
11
144
4.5
309
CONTENTFORMAT_END
171
     1
301
MARGIN
  1
CELLMARGIN_BEGIN
 40
1.5
 40
1.5
 40
1.5
 40
1.5
 40
4.5
 40
4.5
309
CELLMARGIN_END
 94
        6
 95
        1
302
GRIDFORMAT
  1
GRIDFORMAT_BEGIN
 90
        0
 91
        1
 62
     0
 92
       -2
340
14
 93
        0
 40
1.125
309
GRIDFORMAT_END
 95
        2
302
GRIDFORMAT
  1
GRIDFORMAT_BEGIN
 90
        0
 91
        1
 62
     0
 92
       -2
340
14
 93
        0
 40
1.125
309
GRIDFORMAT_END
 95
        4
302
GRIDFORMAT
  1
GRIDFORMAT_BEGIN
 90
        0
 91
        1
 62
     0
 92
       -2
340
14
 93
        0
 40
1.125
309
GRIDFORMAT_END
 95
        8
302
GRIDFORMAT
  1
GRIDFORMAT_BEGIN
 90
        0
 91
        1
 62
     0
 92
       -2
340
14
 93
        0
 40
1.125
309
GRIDFORMAT_END
 95
       16
302
GRIDFORMAT
  1
GRIDFORMAT_BEGIN
 90
        0
 91
        1
 62
     0
 92
       -2
340
14
 93
        0
 40
1.125
309
GRIDFORMAT_END
 95
       32
302
GRIDFORMAT
  1
GRIDFORMAT_BEGIN
 90
        0
 91
        1
 62
     0
 92
       -2
340
14
 93
        0
 40
1.125
309
GRIDFORMAT_END
309
TABLEFORMAT_END
  1
CELLSTYLE_BEGIN
 90
        2
 91
        1
300
_HEADER
309
CELLSTYLE_END
300
CELLSTYLE
  1
TABLEFORMAT_BEGIN
 90
        5
170
     1
 91
        0
 92
        0
 62
   257
 93
        1
300
CONTENTFORMAT
  1
CONTENTFORMAT_BEGIN
 90
        0
 91
        0
 92
      512
 93
        0
300

 40
0.0
140
1.0
 94
        2
 62
     0
340
11
144
4.5
309
CONTENTFORMAT_END
171
     1
301
MARGIN
  1
CELLMARGIN_BEGIN
 40
1.5
 40
1.5
 40
1.5
 40
1.5
 40
4.5
 40
4.5
309
CELLMARGIN_END
 94
        6
 95
        1
302
GRIDFORMAT
  1
GRIDFORMAT_BEGIN
 90
        0
 91
        1
 62
     0
 92
       -2
340
14
 93
        0
 40
1.125
309
GRIDFORMAT_END
 95
        2
302
GRIDFORMAT
  1
GRIDFORMAT_BEGIN
 90
        0
 91
        1
 62
     0
 92
       -2
340
14
 93
        0
 40
1.125
309
GRIDFORMAT_END
 95
        4
302
GRIDFORMAT
  1
GRIDFORMAT_BEGIN
 90
        0
 91
        1
 62
     0
 92
       -2
340
14
 93
        0
 40
1.125
309
GRIDFORMAT_END
 95
        8
302
GRIDFORMAT
  1
GRIDFORMAT_BEGIN
 90
        0
 91
        1
 62
     0
 92
       -2
340
14
 93
        0
 40
1.125
309
GRIDFORMAT_END
 95
       16
302
GRIDFORMAT
  1
GRIDFORMAT_BEGIN
 90
        0
 91
        1
 62
     0
 92
       -2
340
14
 93
        0
 40
1.125
309
GRIDFORMAT_END
 95
       32
302
GRIDFORMAT
  1
GRIDFORMAT_BEGIN
 90
        0
 91
        1
 62
     0
 92
       -2
340
14
 93
        0
 40
1.125
309
GRIDFORMAT_END
309
TABLEFORMAT_END
  1
CELLSTYLE_BEGIN
 90
        3
 91
        2
300
_DATA
309
CELLSTYLE_END
  0
ENDSEC
  0
SECTION
  2
ACDSDATA
 70
     2
 71
     8
  0
ACDSSCHEMA
 90
        0
  1
AcDb_Thumbnail_Schema
  2
AcDbDs::ID
280
    10
 91
        8
  2
Thumbnail_Data
280
    15
 91
        0
101
ACDSRECORD
 95
        0
 90
        1
  2
AcDbDs::TreatedAsObjectData
280
     1
291
     1
101
ACDSRECORD
 95
        0
 90
        2
  2
AcDbDs::Legacy
280
     1
291
     1
101
ACDSRECORD
  1
AcDbDs::ID
 90
        3
  2
AcDs:Indexable
280
     1
291
     1
101
ACDSRECORD
  1
AcDbDs::ID
 90
        4
  2
AcDbDs::HandleAttribute
280
     7
282
     1
  0
ACDSSCHEMA
 90
        1
  1
AcDbDs::TreatedAsObjectDataSchema
  2
AcDbDs::TreatedAsObjectData
280
     1
 91
        0
  0
ACDSSCHEMA
 90
        2
  1
AcDbDs::LegacySchema
  2
AcDbDs::Legacy
280
     1
 91
        0
  0
ACDSSCHEMA
 90
        3
  1
AcDbDs::IndexedPropertySchema
  2
AcDs:Indexable
280
     1
 91
        0
  0
ACDSSCHEMA
 90
        4
  1
AcDbDs::HandleAttributeSchema
  2
AcDbDs::HandleAttribute
280
     7
 91
        1
284
     1
  0
ACDSRECORD
 90
        0
  2
AcDbDs::ID
280
    10
320
22
  2
Thumbnail_Data
280
    15
 94
      939
310
89504E470D0A1A0A0000000D49484452000001000000006C0803000000B2ED9CC100000300504C5445212830FFFFFF2128300000000000000000000000000000000000000000000000000000330000660000990000CC0000FF0033000033330033660033990033CC0033FF0066000066330066660066990066CC0066FF0099
310
000099330099660099990099CC0099FF00CC0000CC3300CC6600CC9900CCCC00CCFF00FF0000FF3300FF6600FF9900FFCC00FFFF3300003300333300663300993300CC3300FF3333003333333333663333993333CC3333FF3366003366333366663366993366CC3366FF3399003399333399663399993399CC3399FF33CC00
310
33CC3333CC6633CC9933CCCC33CCFF33FF0033FF3333FF6633FF9933FFCC33FFFF6600006600336600666600996600CC6600FF6633006633336633666633996633CC6633FF6666006666336666666666996666CC6666FF6699006699336699666699996699CC6699FF66CC0066CC3366CC6666CC9966CCCC66CCFF66FF0066
310
FF3366FF6666FF9966FFCC66FFFF9900009900339900669900999900CC9900FF9933009933339933669933999933CC9933FF9966009966339966669966999966CC9966FF9999009999339999669999999999CC9999FF99CC0099CC3399CC6699CC9999CCCC99CCFF99FF0099FF3399FF6699FF9999FFCC99FFFFCC0000CC00
310
33CC0066CC0099CC00CCCC00FFCC3300CC3333CC3366CC3399CC33CCCC33FFCC6600CC6633CC6666CC6699CC66CCCC66FFCC9900CC9933CC9966CC9999CC99CCCC99FFCCCC00CCCC33CCCC66CCCC99CCCCCCCCCCFFCCFF00CCFF33CCFF66CCFF99CCFFCCCCFFFFFF0000FF0033FF0066FF0099FF00CCFF00FFFF3300FF3333
310
FF3366FF3399FF33CCFF33FFFF6600FF6633FF6666FF6699FF66CCFF66FFFF9900FF9933FF9966FF9999FF99CCFF99FFFFCC00FFCC33FFCC66FFCC99FFCCCCFFCCFFFFFF00FFFF33FFFF66FFFF99FFFFCCFFFFFF0000000D0D0D1A1A1A2828283535354343435050505D5D5D6B6B6B787878868686939393A1A1A1AEAEAEBB
310
BBBBC9C9C9D6D6D6E4E4E4F1F1F1FFFFFF0000000000000000000000000000000000000000000000000000000000002E4550F1000000664944415478DAEDD6B11180300C0441F5DF2F39310124BC831FED967023D99A010000000000000000000000000066AEBCB200A792EE0DF0E850BA02FB32BC56599D219DA2F391CCA7
310
28FE31F253D13A0DB114ED01FEDF532E5100000000000000000000F872037F0DF8D5565A077C0000000049454E44AE426082
  0
ENDSEC
  0
EOF
